2020-01-01,武汉,4℃,59%,65
2020-01-01,黄冈,3℃,60%,76
2020-01-01,孝感,3℃,53%,74
2020-01-01,襄阳,0℃,48%,59
2020-01-01,随州,3℃,49%,60
2020-01-01,宜昌,2℃,58%,117
2020-01-01,荆州,4℃,58%,66
2020-01-01,荆门,3℃,45%,80
2020-01-01,鄂州,5℃,50%,82
2020-01-01,温州,6℃,56%,37
2020-01-01,黄石,4℃,46%,63
2020-01-01,咸宁,5℃,56%,50
2020-01-01,十堰,0℃,37%,59
2020-01-01,深圳,17℃,82%,64
2020-01-01,广州,18℃,59%,58
2020-01-01,仙桃,3℃,60%,-1
2020-01-01,长沙,3℃,75%,87
2020-01-01,杭州,0℃,77%,61
2020-01-01,恩施,7℃,64%,117
2020-01-01,台州,4℃,64%,41
2020-01-01,天门,3℃,59%,-1
2020-01-01,南昌,5℃,57%,55
2020-01-01,信阳,1℃,47%,79
2020-01-01,南阳,0℃,43%,78
2020-01-01,成都,8℃,96%,156
2020-01-01,宁波,5℃,61%,26
2020-01-01,郑州,0℃,27%,55
2020-01-01,合肥,-4℃,89%,63
2020-01-01,阜阳,0℃,52%,83
2020-01-01,九江,2℃,60%,51
2020-01-01,岳阳,4℃,70%,65
2020-01-01,南充,8℃,96%,117
2020-01-01,盐城,-3℃,91%,51
2020-01-01,茂名,19℃,67%,70
2020-01-01,西安,-3℃,63%,88
2020-01-01,邵阳,4℃,96%,139
2020-01-01,衡阳,5℃,90%,128
2020-01-01,达州,8℃,85%,152
2020-01-01,梅州,13℃,73%,50
2020-01-01,湛江,20℃,86%,70
2020-01-01,佛山,17℃,62%,59
2020-01-01,南宁,16℃,65%,58
2020-01-01,揭阳,14℃,80%,58
2020-01-01,周口,0℃,37%,64
2020-01-01,东莞,17℃,68%,65
2020-01-01,苏州,1℃,72%,24
2020-01-01,沈阳,-14℃,85%,60
2020-01-01,昆明,12℃,77%,38
2020-01-01,贵阳,8℃,100%,53
2020-01-01,南京,0℃,79%,53
2020-01-01,长春,-19℃,83%,104
2020-01-01,哈尔滨,-24℃,79%,109
2020-01-01,厦门,11℃,76%,50
2020-01-01,惠州,16℃,72%,58
2020-01-02,武汉,4℃,95%,94
2020-01-02,黄冈,5℃,99%,68
2020-01-02,孝感,4℃,93%,75
2020-01-02,襄阳,2℃,57%,155
2020-01-02,随州,2℃,97%,84
2020-01-02,宜昌,2℃,71%,202
2020-01-02,荆州,3℃,85%,89
2020-01-02,荆门,3℃,50%,132
2020-01-02,鄂州,5℃,96%,65
2020-01-02,温州,9℃,76%,56
2020-01-02,黄石,6℃,95%,62
2020-01-02,咸宁,4℃,99%,65
2020-01-02,十堰,1℃,51%,78
2020-01-02,深圳,17℃,78%,42
2020-01-02,广州,16℃,76%,65
2020-01-02,仙桃,3℃,96%,-1
2020-01-02,长沙,6℃,91%,117
2020-01-02,杭州,7℃,80%,53
2020-01-02,恩施,7℃,84%,98
2020-01-02,台州,6℃,90%,52
2020-01-02,天门,3℃,99%,-1
2020-01-02,南昌,8℃,79%,77
2020-01-02,信阳,1℃,95%,143
2020-01-02,南阳,1℃,58%,152
2020-01-02,成都,8℃,91%,133
2020-01-02,宁波,7℃,83%,25
2020-01-02,郑州,2℃,47%,114
2020-01-02,合肥,4℃,92%,79
2020-01-02,阜阳,3℃,79%,123
2020-01-02,九江,5℃,92%,115
2020-01-02,岳阳,4℃,100%,80
2020-01-02,南充,7℃,95%,139
2020-01-02,盐城,4℃,77%,29
2020-01-02,茂名,18℃,82%,58
2020-01-02,西安,0℃,52%,135
2020-01-02,邵阳,7℃,93%,112
2020-01-02,衡阳,9℃,79%,118
2020-01-02,达州,7℃,90%,134
2020-01-02,梅州,14℃,81%,44
2020-01-02,湛江,19℃,86%,38
2020-01-02,佛山,16℃,79%,69
2020-01-02,南宁,18℃,93%,54
2020-01-02,揭阳,15℃,85%,40
2020-01-02,周口,1℃,86%,138
2020-01-02,东莞,15℃,87%,89
2020-01-02,苏州,7℃,73%,29
2020-01-02,沈阳,-19℃,81%,124
2020-01-02,昆明,9℃,72%,42
2020-01-02,贵阳,13℃,86%,53
2020-01-02,南京,5℃,80%,57
2020-01-02,长春,-19℃,86%,170
2020-01-02,哈尔滨,-20℃,70%,163
2020-01-02,厦门,13℃,74%,31
2020-01-02,惠州,16℃,83%,63
2020-01-03,武汉,5℃,85%,124
2020-01-03,黄冈,6℃,92%,102
2020-01-03,孝感,6℃,81%,109
2020-01-03,襄阳,4℃,68%,137
2020-01-03,随州,5℃,80%,102
2020-01-03,宜昌,5℃,61%,163
2020-01-03,荆州,5℃,74%,88
2020-01-03,荆门,4℃,72%,156
2020-01-03,鄂州,5℃,92%,112
2020-01-03,温州,11℃,86%,70
2020-01-03,黄石,5℃,97%,102
2020-01-03,咸宁,5℃,99%,88
2020-01-03,十堰,4℃,57%,115
2020-01-03,深圳,15℃,88%,67
2020-01-03,广州,15℃,90%,70
2020-01-03,仙桃,5℃,84%,-1
2020-01-03,长沙,5℃,95%,49
2020-01-03,杭州,9℃,86%,99
2020-01-03,恩施,8℃,91%,109
2020-01-03,台州,11℃,86%,73
2020-01-03,天门,4℃,99%,-1
2020-01-03,南昌,8℃,85%,97
2020-01-03,信阳,4℃,79%,138
2020-01-03,南阳,3℃,61%,185
2020-01-03,成都,9℃,86%,133
2020-01-03,宁波,11℃,93%,60
2020-01-03,郑州,0℃,73%,169
2020-01-03,合肥,6℃,86%,95
2020-01-03,阜阳,4℃,77%,158
2020-01-03,九江,6℃,91%,132
2020-01-03,岳阳,5℃,100%,85
2020-01-03,南充,8℃,90%,128
2020-01-03,盐城,7℃,85%,27
2020-01-03,茂名,17℃,89%,29
2020-01-03,西安,3℃,56%,172
2020-01-03,邵阳,6℃,100%,72
2020-01-03,衡阳,7℃,85%,83
2020-01-03,达州,9℃,91%,175
2020-01-03,梅州,13℃,91%,67
2020-01-03,湛江,18℃,88%,25
2020-01-03,佛山,16℃,92%,76
2020-01-03,南宁,20℃,83%,44
2020-01-03,揭阳,14℃,97%,50
2020-01-03,周口,4℃,67%,166
2020-01-03,东莞,15℃,96%,82
2020-01-03,苏州,8℃,92%,104
2020-01-03,沈阳,-11℃,85%,256
2020-01-03,昆明,11℃,72%,48
2020-01-03,贵阳,7℃,98%,70
2020-01-03,南京,7℃,100%,64
2020-01-03,长春,-12℃,66%,130
2020-01-03,哈尔滨,-17℃,74%,160
2020-01-03,厦门,13℃,97%,50
2020-01-03,惠州,14℃,94%,83
2020-01-04,武汉,5℃,96%,134
2020-01-04,黄冈,5℃,99%,127
2020-01-04,孝感,5℃,99%,127
2020-01-04,襄阳,6℃,63%,225
2020-01-04,随州,5℃,84%,134
2020-01-04,宜昌,5℃,69%,210
2020-01-04,荆州,5℃,90%,113
2020-01-04,荆门,5℃,68%,183
2020-01-04,鄂州,5℃,97%,135
2020-01-04,温州,14℃,81%,65
2020-01-04,黄石,5℃,96%,110
2020-01-04,咸宁,5℃,99%,113
2020-01-04,十堰,5℃,62%,140
2020-01-04,深圳,17℃,87%,64
2020-01-04,广州,16℃,89%,98
2020-01-04,仙桃,5℃,95%,-1
2020-01-04,长沙,5℃,93%,108
2020-01-04,杭州,8℃,95%,34
2020-01-04,恩施,8℃,95%,77
2020-01-04,台州,12℃,94%,65
2020-01-04,天门,5℃,99%,-1
2020-01-04,南昌,9℃,84%,102
2020-01-04,信阳,6℃,76%,188
2020-01-04,南阳,5℃,56%,256
2020-01-04,成都,3℃,97%,109
2020-01-04,宁波,9℃,99%,54
2020-01-04,郑州,1℃,87%,210
2020-01-04,合肥,7℃,99%,55
2020-01-04,阜阳,6℃,82%,178
2020-01-04,九江,7℃,97%,137
2020-01-04,岳阳,5℃,100%,99
2020-01-04,南充,8℃,93%,138
2020-01-04,盐城,6℃,75%,168
2020-01-04,茂名,20℃,80%,54
2020-01-04,西安,3℃,73%,222
2020-01-04,邵阳,5℃,92%,69
2020-01-04,衡阳,6℃,90%,83
2020-01-04,达州,7℃,94%,166
2020-01-04,梅州,15℃,87%,73
2020-01-04,湛江,20℃,82%,31
2020-01-04,佛山,16℃,93%,100
2020-01-04,南宁,20℃,81%,57
2020-01-04,揭阳,15℃,98%,59
2020-01-04,周口,6℃,70%,208
2020-01-04,东莞,17℃,93%,110
2020-01-04,苏州,8℃,95%,67
2020-01-04,沈阳,-14℃,86%,254
2020-01-04,昆明,9℃,85%,54
2020-01-04,贵阳,6℃,100%,47
2020-01-04,南京,8℃,100%,82
2020-01-04,长春,-11℃,78%,220
2020-01-04,哈尔滨,-20℃,83%,294
2020-01-04,厦门,15℃,87%,27
2020-01-04,惠州,17℃,92%,77
2020-01-05,武汉,7℃,93%,113
2020-01-05,黄冈,8℃,99%,127
2020-01-05,孝感,7℃,99%,99
2020-01-05,襄阳,5℃,98%,186
2020-01-05,随州,6℃,97%,107
2020-01-05,宜昌,4℃,99%,248
2020-01-05,荆州,5℃,98%,147
2020-01-05,荆门,5℃,97%,222
2020-01-05,鄂州,8℃,95%,119
2020-01-05,温州,13℃,93%,38
2020-01-05,黄石,9℃,85%,97
2020-01-05,咸宁,7℃,99%,112
2020-01-05,十堰,5℃,99%,118
2020-01-05,深圳,18℃,84%,55
2020-01-05,广州,18℃,86%,102
2020-01-05,仙桃,7℃,97%,-1
2020-01-05,长沙,7℃,96%,189
2020-01-05,杭州,9℃,94%,77
2020-01-05,恩施,8℃,96%,65
2020-01-05,台州,12℃,94%,25
2020-01-05,天门,6℃,99%,-1
2020-01-05,南昌,9℃,92%,57
2020-01-05,信阳,7℃,99%,156
2020-01-05,南阳,6℃,99%,192
2020-01-05,成都,8℃,79%,99
2020-01-05,宁波,10℃,100%,65
2020-01-05,郑州,5℃,68%,294
2020-01-05,合肥,7℃,79%,145
2020-01-05,阜阳,8℃,76%,279
2020-01-05,九江,8℃,94%,69
2020-01-05,岳阳,7℃,100%,140
2020-01-05,南充,8℃,93%,137
2020-01-05,盐城,2℃,95%,260
2020-01-05,茂名,18℃,89%,56
2020-01-05,西安,5℃,63%,327
2020-01-05,邵阳,7℃,89%,114
2020-01-05,衡阳,8℃,86%,123
2020-01-05,达州,8℃,99%,143
2020-01-05,梅州,18℃,80%,77
2020-01-05,湛江,19℃,90%,35
2020-01-05,佛山,19℃,82%,107
2020-01-05,南宁,19℃,80%,37
2020-01-05,揭阳,17℃,94%,35
2020-01-05,周口,7℃,81%,213
2020-01-05,东莞,17℃,92%,166
2020-01-05,苏州,8℃,86%,120
2020-01-05,沈阳,-14℃,86%,213
2020-01-05,昆明,8℃,94%,48
2020-01-05,贵阳,11℃,100%,32
2020-01-05,南京,8℃,86%,170
2020-01-05,长春,-11℃,89%,222
2020-01-05,哈尔滨,-23℃,82%,277
2020-01-05,厦门,17℃,82%,42
2020-01-05,惠州,18℃,92%,75
2020-01-06,武汉,8℃,97%,63
2020-01-06,黄冈,9℃,97%,55
2020-01-06,孝感,7℃,99%,35
2020-01-06,襄阳,3℃,99%,52
2020-01-06,随州,5℃,97%,30
2020-01-06,宜昌,6℃,99%,83
2020-01-06,荆州,6℃,99%,36
2020-01-06,荆门,3℃,98%,62
2020-01-06,鄂州,9℃,95%,57
2020-01-06,温州,14℃,100%,39
2020-01-06,黄石,10℃,94%,64
2020-01-06,咸宁,9℃,99%,92
2020-01-06,十堰,4℃,99%,29
2020-01-06,深圳,20℃,79%,34
2020-01-06,广州,21℃,70%,74
2020-01-06,仙桃,8℃,96%,-1
2020-01-06,长沙,8℃,98%,113
2020-01-06,杭州,10℃,97%,61
2020-01-06,恩施,9℃,97%,49
2020-01-06,台州,13℃,92%,39
2020-01-06,天门,7℃,99%,-1
2020-01-06,南昌,11℃,97%,78
2020-01-06,信阳,3℃,98%,35
2020-01-06,南阳,3℃,94%,39
2020-01-06,成都,8℃,94%,150
2020-01-06,宁波,14℃,84%,23
2020-01-06,郑州,2℃,99%,202
2020-01-06,合肥,9℃,99%,88
2020-01-06,阜阳,6℃,99%,43
2020-01-06,九江,9℃,97%,103
2020-01-06,岳阳,8℃,100%,98
2020-01-06,南充,9℃,91%,87
2020-01-06,盐城,10℃,95%,35
2020-01-06,茂名,20℃,83%,51
2020-01-06,西安,2℃,96%,102
2020-01-06,邵阳,10℃,89%,122
2020-01-06,衡阳,13℃,81%,127
2020-01-06,达州,8℃,99%,35
2020-01-06,梅州,18℃,74%,55
2020-01-06,湛江,20℃,94%,30
2020-01-06,佛山,21℃,74%,61
2020-01-06,南宁,19℃,87%,53
2020-01-06,揭阳,18℃,88%,53
2020-01-06,周口,3℃,97%,74
2020-01-06,东莞,20℃,78%,27
2020-01-06,苏州,13℃,82%,33
2020-01-06,沈阳,-7℃,79%,170
2020-01-06,昆明,9℃,91%,25
2020-01-06,贵阳,14℃,86%,24
2020-01-06,南京,11℃,97%,51
2020-01-06,长春,-7℃,74%,133
2020-01-06,哈尔滨,-16℃,85%,162
2020-01-06,厦门,16℃,98%,54
2020-01-06,惠州,21℃,76%,51
2020-01-07,武汉,4℃,93%,24
2020-01-07,黄冈,4℃,97%,31
2020-01-07,孝感,3℃,99%,14
2020-01-07,襄阳,1℃,99%,78
2020-01-07,随州,2℃,96%,24
2020-01-07,宜昌,3℃,99%,29
2020-01-07,荆州,3℃,99%,29
2020-01-07,荆门,1℃,97%,30
2020-01-07,鄂州,4℃,94%,36
2020-01-07,温州,17℃,98%,77
2020-01-07,黄石,4℃,95%,31
2020-01-07,咸宁,4℃,99%,48
2020-01-07,十堰,1℃,99%,53
2020-01-07,深圳,20℃,84%,45
2020-01-07,广州,21℃,75%,52
2020-01-07,仙桃,4℃,95%,-1
2020-01-07,长沙,6℃,94%,30
2020-01-07,杭州,13℃,90%,92
2020-01-07,恩施,8℃,94%,26
2020-01-07,台州,18℃,98%,52
2020-01-07,天门,4℃,99%,-1
2020-01-07,南昌,15℃,84%,110
2020-01-07,信阳,2℃,97%,36
2020-01-07,南阳,0℃,99%,53
2020-01-07,成都,4℃,89%,83
2020-01-07,宁波,17℃,95%,19
2020-01-07,郑州,0℃,99%,160
2020-01-07,合肥,4℃,99%,25
2020-01-07,阜阳,2℃,99%,29
2020-01-07,九江,7℃,95%,90
2020-01-07,岳阳,5℃,97%,19
2020-01-07,南充,6℃,95%,74
2020-01-07,盐城,9℃,97%,42
2020-01-07,茂名,21℃,86%,33
2020-01-07,西安,4℃,72%,137
2020-01-07,邵阳,7℃,92%,62
2020-01-07,衡阳,9℃,90%,62
2020-01-07,达州,6℃,92%,19
2020-01-07,梅州,17℃,85%,55
2020-01-07,湛江,21℃,95%,42
2020-01-07,佛山,21℃,77%,53
2020-01-07,南宁,20℃,96%,44
2020-01-07,揭阳,16℃,98%,85
2020-01-07,周口,0℃,96%,40
2020-01-07,东莞,20℃,87%,46
2020-01-07,苏州,12℃,94%,119
2020-01-07,沈阳,0℃,91%,98
2020-01-07,昆明,9℃,54%,25
2020-01-07,贵阳,7℃,87%,29
2020-01-07,南京,9℃,100%,28
2020-01-07,长春,-3℃,97%,108
2020-01-07,哈尔滨,-7℃,86%,185
2020-01-07,厦门,16℃,99%,46
2020-01-07,惠州,20℃,82%,45
2020-01-08,武汉,1℃,89%,45
2020-01-08,黄冈,2℃,93%,51
2020-01-08,孝感,0℃,99%,43
2020-01-08,襄阳,4℃,94%,78
2020-01-08,随州,0℃,97%,64
2020-01-08,宜昌,5℃,92%,59
2020-01-08,荆州,3℃,99%,90
2020-01-08,荆门,5℃,90%,74
2020-01-08,鄂州,2℃,91%,54
2020-01-08,温州,16℃,53%,20
2020-01-08,黄石,3℃,86%,42
2020-01-08,咸宁,3℃,98%,78
2020-01-08,十堰,4℃,99%,69
2020-01-08,深圳,20℃,93%,53
2020-01-08,广州,18℃,89%,84
2020-01-08,仙桃,3℃,95%,-1
2020-01-08,长沙,3℃,97%,52
2020-01-08,杭州,6℃,74%,18
2020-01-08,恩施,7℃,84%,44
2020-01-08,台州,15℃,46%,28
2020-01-08,天门,3℃,97%,-1
2020-01-08,南昌,7℃,68%,46
2020-01-08,信阳,1℃,95%,70
2020-01-08,南阳,3℃,99%,84
2020-01-08,成都,3℃,93%,72
2020-01-08,宁波,8℃,71%,19
2020-01-08,郑州,1℃,88%,78
2020-01-08,合肥,2℃,91%,60
2020-01-08,阜阳,1℃,88%,105
2020-01-08,九江,4℃,81%,39
2020-01-08,岳阳,5℃,100%,92
2020-01-08,南充,6℃,98%,79
2020-01-08,盐城,2℃,82%,33
2020-01-08,茂名,20℃,96%,46
2020-01-08,西安,2℃,80%,112
2020-01-08,邵阳,7℃,76%,39
2020-01-08,衡阳,6℃,79%,43
2020-01-08,达州,6℃,88%,95
2020-01-08,梅州,19℃,68%,62
2020-01-08,湛江,20℃,98%,49
2020-01-08,佛山,19℃,85%,74
2020-01-08,南宁,20℃,97%,62
2020-01-08,揭阳,19℃,95%,71
2020-01-08,周口,0℃,90%,80
2020-01-08,东莞,20℃,86%,84
2020-01-08,苏州,5℃,77%,40
2020-01-08,沈阳,-10℃,81%,118
2020-01-08,昆明,5℃,91%,62
2020-01-08,贵阳,12℃,85%,71
2020-01-08,南京,3℃,95%,60
2020-01-08,长春,-11℃,98%,158
2020-01-08,哈尔滨,-9℃,84%,84
2020-01-08,厦门,18℃,88%,53
2020-01-08,惠州,20℃,89%,80
2020-01-09,武汉,2℃,93%,46
2020-01-09,黄冈,4℃,82%,59
2020-01-09,孝感,1℃,99%,35
2020-01-09,襄阳,0℃,99%,59
2020-01-09,随州,0℃,98%,22
2020-01-09,宜昌,1℃,99%,63
2020-01-09,荆州,2℃,99%,35
2020-01-09,荆门,0℃,97%,28
2020-01-09,鄂州,4℃,91%,55
2020-01-09,温州,9℃,66%,68
2020-01-09,黄石,6℃,80%,52
2020-01-09,咸宁,4℃,93%,53
2020-01-09,十堰,1℃,99%,22
2020-01-09,深圳,18℃,74%,40
2020-01-09,广州,18℃,71%,65
2020-01-09,仙桃,2℃,94%,-1
2020-01-09,长沙,5℃,85%,95
2020-01-09,杭州,4℃,71%,80
2020-01-09,恩施,5℃,87%,22
2020-01-09,台州,6℃,73%,75
2020-01-09,天门,1℃,99%,-1
2020-01-09,南昌,6℃,73%,65
2020-01-09,信阳,0℃,98%,35
2020-01-09,南阳,0℃,99%,42
2020-01-09,成都,8℃,75%,132
2020-01-09,宁波,4℃,77%,67
2020-01-09,郑州,2℃,62%,110
2020-01-09,合肥,0℃,99%,46
2020-01-09,阜阳,0℃,96%,65
2020-01-09,九江,4℃,76%,78
2020-01-09,岳阳,4℃,87%,62
2020-01-09,南充,7℃,100%,87
2020-01-09,盐城,3℃,62%,57
2020-01-09,茂名,19℃,80%,70
2020-01-09,西安,1℃,91%,218
2020-01-09,邵阳,6℃,82%,74
2020-01-09,衡阳,8℃,79%,64
2020-01-09,达州,7℃,92%,49
2020-01-09,梅州,12℃,75%,57
2020-01-09,湛江,20℃,86%,73
2020-01-09,佛山,19℃,75%,66
2020-01-09,南宁,19℃,92%,58
2020-01-09,揭阳,15℃,93%,53
2020-01-09,周口,2℃,78%,57
2020-01-09,东莞,18℃,67%,66
2020-01-09,苏州,5℃,61%,52
2020-01-09,沈阳,-7℃,85%,55
2020-01-09,昆明,12℃,64%,53
2020-01-09,贵阳,10℃,85%,46
2020-01-09,南京,2℃,93%,52
2020-01-09,长春,-13℃,94%,67
2020-01-09,哈尔滨,-19℃,81%,138
2020-01-09,厦门,13℃,70%,57
2020-01-09,惠州,18℃,74%,63
2020-01-10,武汉,2℃,95%,39
2020-01-10,黄冈,2℃,99%,42
2020-01-10,孝感,2℃,99%,48
2020-01-10,襄阳,1℃,88%,89
2020-01-10,随州,1℃,93%,97
2020-01-10,宜昌,1℃,99%,50
2020-01-10,荆州,2℃,91%,65
2020-01-10,荆门,0℃,94%,87
2020-01-10,鄂州,2℃,97%,31
2020-01-10,温州,11℃,65%,56
2020-01-10,黄石,3℃,95%,29
2020-01-10,咸宁,2℃,99%,28
2020-01-10,十堰,2℃,94%,43
2020-01-10,深圳,18℃,82%,56
2020-01-10,广州,20℃,76%,71
2020-01-10,仙桃,2℃,92%,-1
2020-01-10,长沙,3℃,94%,20
2020-01-10,杭州,5℃,97%,51
2020-01-10,恩施,6℃,82%,48
2020-01-10,台州,10℃,80%,54
2020-01-10,天门,2℃,99%,-1
2020-01-10,南昌,4℃,89%,25
2020-01-10,信阳,1℃,98%,107
2020-01-10,南阳,1℃,99%,45
2020-01-10,成都,7℃,75%,70
2020-01-10,宁波,8℃,98%,50
2020-01-10,郑州,3℃,64%,74
2020-01-10,合肥,1℃,99%,64
2020-01-10,阜阳,3℃,90%,90
2020-01-10,九江,3℃,95%,80
2020-01-10,岳阳,2℃,100%,42
2020-01-10,南充,7℃,98%,33
2020-01-10,盐城,5℃,73%,28
2020-01-10,茂名,19℃,89%,37
2020-01-10,西安,1℃,98%,237
2020-01-10,邵阳,3℃,96%,18
2020-01-10,衡阳,4℃,87%,15
2020-01-10,达州,7℃,83%,45
2020-01-10,梅州,13℃,88%,60
2020-01-10,湛江,20℃,95%,48
2020-01-10,佛山,20℃,75%,59
2020-01-10,南宁,19℃,100%,43
2020-01-10,揭阳,14℃,96%,87
2020-01-10,周口,2℃,73%,175
2020-01-10,东莞,18℃,83%,54
2020-01-10,苏州,6℃,90%,33
2020-01-10,沈阳,-15℃,86%,169
2020-01-10,昆明,11℃,67%,45
2020-01-10,贵阳,3℃,100%,30
2020-01-10,南京,4℃,100%,52
2020-01-10,长春,-12℃,97%,160
2020-01-10,哈尔滨,-18℃,84%,255
2020-01-10,厦门,13℃,79%,53
2020-01-10,惠州,19℃,80%,59
2020-01-11,武汉,3℃,93%,45
2020-01-11,黄冈,3℃,96%,36
2020-01-11,孝感,3℃,99%,70
2020-01-11,襄阳,2℃,98%,63
2020-01-11,随州,2℃,94%,50
2020-01-11,宜昌,2℃,99%,52
2020-01-11,荆州,3℃,88%,52
2020-01-11,荆门,2℃,84%,104
2020-01-11,鄂州,3℃,93%,48
2020-01-11,温州,12℃,93%,99
2020-01-11,黄石,3℃,95%,35
2020-01-11,咸宁,3℃,99%,42
2020-01-11,十堰,3℃,99%,47
2020-01-11,深圳,17℃,92%,59
2020-01-11,广州,19℃,83%,71
2020-01-11,仙桃,3℃,91%,-1
2020-01-11,长沙,3℃,93%,33
2020-01-11,杭州,7℃,97%,20
2020-01-11,恩施,6℃,91%,67
2020-01-11,台州,11℃,98%,29
2020-01-11,天门,2℃,99%,-1
2020-01-11,南昌,4℃,95%,17
2020-01-11,信阳,2℃,98%,92
2020-01-11,南阳,2℃,96%,57
2020-01-11,成都,6℃,85%,82
2020-01-11,宁波,10℃,100%,29
2020-01-11,郑州,3℃,84%,183
2020-01-11,合肥,2℃,99%,26
2020-01-11,阜阳,2℃,95%,65
2020-01-11,九江,3℃,94%,57
2020-01-11,岳阳,2℃,100%,58
2020-01-11,南充,7℃,81%,47
2020-01-11,盐城,4℃,90%,42
2020-01-11,茂名,18℃,94%,47
2020-01-11,西安,3℃,98%,168
2020-01-11,邵阳,2℃,94%,12
2020-01-11,衡阳,3℃,89%,19
2020-01-11,达州,7℃,71%,46
2020-01-11,梅州,15℃,87%,66
2020-01-11,湛江,20℃,95%,35
2020-01-11,佛山,20℃,80%,61
2020-01-11,南宁,20℃,95%,48
2020-01-11,揭阳,16℃,95%,100
2020-01-11,周口,3℃,79%,144
2020-01-11,东莞,18℃,100%,98
2020-01-11,苏州,6℃,95%,18
2020-01-11,沈阳,-15℃,86%,158
2020-01-11,昆明,10℃,70%,32
2020-01-11,贵阳,2℃,97%,23
2020-01-11,南京,4℃,100%,23
2020-01-11,长春,-13℃,86%,156
2020-01-11,哈尔滨,-20℃,84%,283
2020-01-11,厦门,14℃,95%,48
2020-01-11,惠州,18℃,91%,82
2020-01-12,武汉,-2℃,98%,74
2020-01-12,黄冈,1℃,100%,57
2020-01-12,孝感,-1℃,99%,61
2020-01-12,襄阳,4℃,82%,110
2020-01-12,随州,-1℃,97%,98
2020-01-12,宜昌,5℃,75%,104
2020-01-12,荆州,5℃,98%,67
2020-01-12,荆门,4℃,85%,87
2020-01-12,鄂州,1℃,97%,57
2020-01-12,温州,10℃,73%,20
2020-01-12,黄石,1℃,96%,54
2020-01-12,咸宁,0℃,99%,62
2020-01-12,十堰,1℃,99%,55
2020-01-12,深圳,17℃,63%,67
2020-01-12,广州,12℃,67%,28
2020-01-12,仙桃,2℃,97%,-1
2020-01-12,长沙,1℃,98%,72
2020-01-12,杭州,6℃,83%,54
2020-01-12,恩施,5℃,87%,67
2020-01-12,台州,8℃,80%,16
2020-01-12,天门,4℃,95%,-1
2020-01-12,南昌,6℃,75%,38
2020-01-12,信阳,0℃,98%,119
2020-01-12,南阳,3℃,99%,119
2020-01-12,成都,3℃,95%,74
2020-01-12,宁波,6℃,100%,30
2020-01-12,郑州,-2℃,99%,107
2020-01-12,合肥,0℃,99%,84
2020-01-12,阜阳,2℃,86%,274
2020-01-12,九江,5℃,84%,62
2020-01-12,岳阳,3℃,85%,85
2020-01-12,南充,6℃,89%,108
2020-01-12,盐城,3℃,75%,83
2020-01-12,茂名,15℃,74%,53
2020-01-12,西安,0℃,83%,115
2020-01-12,邵阳,2℃,100%,60
2020-01-12,衡阳,5℃,85%,65
2020-01-12,达州,6℃,93%,109
2020-01-12,梅州,10℃,67%,12
2020-01-12,湛江,15℃,74%,42
2020-01-12,佛山,11℃,73%,25
2020-01-12,南宁,11℃,71%,26
2020-01-12,揭阳,14℃,76%,61
2020-01-12,周口,0℃,91%,266
2020-01-12,东莞,14℃,73%,44
2020-01-12,苏州,5℃,85%,124
2020-01-12,沈阳,-11℃,81%,94
2020-01-12,昆明,8℃,64%,82
2020-01-12,贵阳,4℃,79%,32
2020-01-12,南京,3℃,100%,73
2020-01-12,长春,-20℃,93%,188
2020-01-12,哈尔滨,-21℃,79%,304
2020-01-12,厦门,16℃,96%,59
2020-01-12,惠州,14℃,65%,60
2020-01-13,武汉,0℃,97%,100
2020-01-13,黄冈,1℃,98%,84
2020-01-13,孝感,1℃,99%,113
2020-01-13,襄阳,4℃,92%,123
2020-01-13,随州,5℃,83%,83
2020-01-13,宜昌,6℃,81%,70
2020-01-13,荆州,6℃,71%,54
2020-01-13,荆门,5℃,87%,110
2020-01-13,鄂州,2℃,91%,75
2020-01-13,温州,8℃,60%,45
2020-01-13,黄石,0℃,93%,55
2020-01-13,咸宁,0℃,99%,92
2020-01-13,十堰,3℃,93%,70
2020-01-13,深圳,17℃,58%,49
2020-01-13,广州,14℃,55%,39
2020-01-13,仙桃,1℃,96%,-1
2020-01-13,长沙,2℃,93%,62
2020-01-13,杭州,4℃,75%,142
2020-01-13,恩施,5℃,90%,103
2020-01-13,台州,5℃,69%,78
2020-01-13,天门,2℃,93%,-1
2020-01-13,南昌,5℃,80%,44
2020-01-13,信阳,5℃,87%,80
2020-01-13,南阳,3℃,99%,236
2020-01-13,成都,8℃,75%,113
2020-01-13,宁波,2℃,88%,92
2020-01-13,郑州,1℃,79%,227
2020-01-13,合肥,-1℃,99%,145
2020-01-13,阜阳,3℃,87%,236
2020-01-13,九江,3℃,86%,54
2020-01-13,岳阳,5℃,80%,87
2020-01-13,南充,6℃,90%,80
2020-01-13,盐城,2℃,95%,80
2020-01-13,茂名,15℃,75%,66
2020-01-13,西安,0℃,91%,201
2020-01-13,邵阳,4℃,84%,68
2020-01-13,衡阳,4℃,82%,58
2020-01-13,达州,6℃,89%,107
2020-01-13,梅州,9℃,67%,32
2020-01-13,湛江,15℃,80%,74
2020-01-13,佛山,14℃,60%,42
2020-01-13,南宁,14℃,59%,45
2020-01-13,揭阳,14℃,80%,58
2020-01-13,周口,2℃,86%,262
2020-01-13,东莞,15℃,59%,47
2020-01-13,苏州,2℃,93%,173
2020-01-13,沈阳,-18℃,83%,99
2020-01-13,昆明,7℃,64%,52
2020-01-13,贵阳,6℃,88%,84
2020-01-13,南京,0℃,100%,153
2020-01-13,长春,-16℃,87%,173
2020-01-13,哈尔滨,-17℃,82%,244
2020-01-13,厦门,11℃,72%,30
2020-01-13,惠州,14℃,60%,38
2020-01-14,武汉,4℃,86%,123
2020-01-14,黄冈,5℃,85%,69
2020-01-14,孝感,4℃,89%,100
2020-01-14,襄阳,3℃,91%,134
2020-01-14,随州,0℃,96%,149
2020-01-14,宜昌,5℃,81%,128
2020-01-14,荆州,6℃,87%,77
2020-01-14,荆门,4℃,88%,193
2020-01-14,鄂州,5℃,86%,73
2020-01-14,温州,10℃,70%,69
2020-01-14,黄石,4℃,84%,60
2020-01-14,咸宁,5℃,83%,77
2020-01-14,十堰,2℃,99%,95
2020-01-14,深圳,16℃,86%,55
2020-01-14,广州,15℃,73%,74
2020-01-14,仙桃,4℃,89%,-1
2020-01-14,长沙,7℃,73%,68
2020-01-14,杭州,6℃,76%,152
2020-01-14,恩施,6℃,87%,80
2020-01-14,台州,8℃,70%,92
2020-01-14,天门,4℃,90%,-1
2020-01-14,南昌,7℃,69%,64
2020-01-14,信阳,1℃,93%,205
2020-01-14,南阳,1℃,93%,209
2020-01-14,成都,7℃,91%,108
2020-01-14,宁波,7℃,74%,135
2020-01-14,郑州,-2℃,99%,284
2020-01-14,合肥,3℃,89%,135
2020-01-14,阜阳,0℃,85%,212
2020-01-14,九江,5℃,87%,77
2020-01-14,岳阳,6℃,76%,77
2020-01-14,南充,7℃,96%,119
2020-01-14,盐城,4℃,84%,239
2020-01-14,茂名,17℃,88%,56
2020-01-14,西安,0℃,78%,235
2020-01-14,邵阳,5℃,94%,65
2020-01-14,衡阳,7℃,71%,74
2020-01-14,达州,7℃,77%,87
2020-01-14,梅州,11℃,86%,52
2020-01-14,湛江,19℃,90%,37
2020-01-14,佛山,16℃,71%,77
2020-01-14,南宁,15℃,81%,94
2020-01-14,揭阳,13℃,95%,74
2020-01-14,周口,0℃,82%,249
2020-01-14,东莞,15℃,84%,75
2020-01-14,苏州,4℃,84%,193
2020-01-14,沈阳,-17℃,82%,108
2020-01-14,昆明,11℃,62%,44
2020-01-14,贵阳,3℃,100%,35
2020-01-14,南京,2℃,100%,193
2020-01-14,长春,-21℃,89%,241
2020-01-14,哈尔滨,-22℃,81%,283
2020-01-14,厦门,12℃,78%,59
2020-01-14,惠州,16℃,86%,52
2020-01-15,武汉,5℃,60%,120
2020-01-15,黄冈,6℃,69%,113
2020-01-15,孝感,5℃,56%,119
2020-01-15,襄阳,3℃,58%,173
2020-01-15,随州,3℃,62%,128
2020-01-15,宜昌,5℃,69%,179
2020-01-15,荆州,6℃,55%,93
2020-01-15,荆门,5℃,63%,175
2020-01-15,鄂州,6℃,59%,114
2020-01-15,温州,9℃,59%,95
2020-01-15,黄石,6℃,62%,105
2020-01-15,咸宁,6℃,59%,103
2020-01-15,十堰,3℃,65%,138
2020-01-15,深圳,18℃,78%,54
2020-01-15,广州,16℃,63%,61
2020-01-15,仙桃,5℃,64%,-1
2020-01-15,长沙,6℃,94%,158
2020-01-15,杭州,5℃,65%,166
2020-01-15,恩施,5℃,92%,72
2020-01-15,台州,6℃,67%,134
2020-01-15,天门,4℃,59%,-1
2020-01-15,南昌,7℃,72%,156
2020-01-15,信阳,2℃,65%,140
2020-01-15,南阳,1℃,65%,188
2020-01-15,成都,7℃,87%,133
2020-01-15,宁波,4℃,81%,145
2020-01-15,郑州,-2℃,71%,139
2020-01-15,合肥,0℃,84%,150
2020-01-15,阜阳,1℃,71%,166
2020-01-15,九江,5℃,55%,119
2020-01-15,岳阳,6℃,90%,123
2020-01-15,南充,8℃,84%,87
2020-01-15,盐城,-2℃,86%,87
2020-01-15,茂名,19℃,81%,48
2020-01-15,西安,0℃,68%,159
2020-01-15,邵阳,4℃,100%,93
2020-01-15,衡阳,6℃,91%,82
2020-01-15,达州,8℃,87%,62
2020-01-15,梅州,13℃,66%,49
2020-01-15,湛江,20℃,92%,34
2020-01-15,佛山,15℃,70%,64
2020-01-15,南宁,10℃,100%,32
2020-01-15,揭阳,16℃,84%,64
2020-01-15,周口,0℃,64%,156
2020-01-15,东莞,17℃,76%,70
2020-01-15,苏州,2℃,84%,130
2020-01-15,沈阳,-18℃,80%,189
2020-01-15,昆明,12℃,54%,38
2020-01-15,贵阳,0℃,100%,19
2020-01-15,南京,0℃,78%,143
2020-01-15,长春,-18℃,93%,287
2020-01-15,哈尔滨,-21℃,80%,406
2020-01-15,厦门,13℃,78%,55
2020-01-15,惠州,16℃,83%,56
2020-01-16,武汉,2℃,95%,65
2020-01-16,黄冈,2℃,100%,97
2020-01-16,孝感,1℃,94%,67
2020-01-16,襄阳,-1℃,86%,128
2020-01-16,随州,0℃,80%,98
2020-01-16,宜昌,1℃,98%,112
2020-01-16,荆州,2℃,86%,105
2020-01-16,荆门,0℃,87%,144
2020-01-16,鄂州,2℃,97%,97
2020-01-16,温州,8℃,98%,36
2020-01-16,黄石,2℃,95%,83
2020-01-16,咸宁,2℃,99%,83
2020-01-16,十堰,0℃,88%,108
2020-01-16,深圳,19℃,83%,70
2020-01-16,广州,19℃,76%,52
2020-01-16,仙桃,2℃,90%,-1
2020-01-16,长沙,3℃,92%,36
2020-01-16,杭州,6℃,97%,42
2020-01-16,恩施,5℃,92%,62
2020-01-16,台州,8℃,97%,36
2020-01-16,天门,2℃,87%,-1
2020-01-16,南昌,4℃,95%,36
2020-01-16,信阳,0℃,88%,113
2020-01-16,南阳,0℃,74%,139
2020-01-16,成都,6℃,98%,68
2020-01-16,宁波,7℃,100%,64
2020-01-16,郑州,-1℃,95%,138
2020-01-16,合肥,0℃,99%,53
2020-01-16,阜阳,0℃,99%,108
2020-01-16,九江,3℃,94%,38
2020-01-16,岳阳,2℃,100%,87
2020-01-16,南充,8℃,92%,36
2020-01-16,盐城,4℃,77%,23
2020-01-16,茂名,19℃,89%,56
2020-01-16,西安,0℃,99%,223
2020-01-16,邵阳,3℃,100%,14
2020-01-16,衡阳,4℃,93%,20
2020-01-16,达州,8℃,77%,53
2020-01-16,梅州,14℃,87%,67
2020-01-16,湛江,20℃,95%,48
2020-01-16,佛山,20℃,82%,51
2020-01-16,南宁,17℃,100%,41
2020-01-16,揭阳,16℃,82%,104
2020-01-16,周口,0℃,86%,102
2020-01-16,东莞,19℃,88%,50
2020-01-16,苏州,5℃,94%,28
2020-01-16,沈阳,-17℃,83%,176
2020-01-16,昆明,11℃,50%,38
2020-01-16,贵阳,1℃,100%,18
2020-01-16,南京,2℃,100%,36
2020-01-16,长春,-14℃,81%,213
2020-01-16,哈尔滨,-19℃,79%,249
2020-01-16,厦门,14℃,78%,59
2020-01-16,惠州,18℃,84%,69
2020-01-17,武汉,0℃,93%,60
2020-01-17,黄冈,2℃,90%,99
2020-01-17,孝感,1℃,98%,64
2020-01-17,襄阳,0℃,81%,158
2020-01-17,随州,1℃,82%,88
2020-01-17,宜昌,2℃,74%,118
2020-01-17,荆州,2℃,87%,80
2020-01-17,荆门,0℃,78%,163
2020-01-17,鄂州,2℃,89%,102
2020-01-17,温州,10℃,84%,13
2020-01-17,黄石,2℃,91%,94
2020-01-17,咸宁,1℃,94%,98
2020-01-17,十堰,2℃,78%,97
2020-01-17,深圳,19℃,87%,59
2020-01-17,广州,12℃,77%,23
2020-01-17,仙桃,1℃,87%,-1
2020-01-17,长沙,3℃,78%,119
2020-01-17,杭州,4℃,96%,14
2020-01-17,恩施,5℃,92%,51
2020-01-17,台州,8℃,89%,15
2020-01-17,天门,1℃,93%,-1
2020-01-17,南昌,4℃,79%,85
2020-01-17,信阳,0℃,96%,130
2020-01-17,南阳,0℃,89%,183
2020-01-17,成都,6℃,98%,57
2020-01-17,宁波,7℃,100%,19
2020-01-17,郑州,0℃,86%,109
2020-01-17,合肥,1℃,99%,60
2020-01-17,阜阳,0℃,99%,217
2020-01-17,九江,2℃,93%,130
2020-01-17,岳阳,3℃,85%,73
2020-01-17,南充,7℃,90%,88
2020-01-17,盐城,2℃,90%,87
2020-01-17,茂名,18℃,79%,58
2020-01-17,西安,0℃,98%,243
2020-01-17,邵阳,2℃,87%,97
2020-01-17,衡阳,3℃,81%,104
2020-01-17,达州,5℃,88%,78
2020-01-17,梅州,12℃,64%,12
2020-01-17,湛江,16℃,84%,57
2020-01-17,佛山,10℃,82%,31
2020-01-17,南宁,10℃,86%,23
2020-01-17,揭阳,16℃,79%,49
2020-01-17,周口,1℃,83%,145
2020-01-17,东莞,15℃,80%,32
2020-01-17,苏州,4℃,94%,53
2020-01-17,沈阳,-17℃,82%,143
2020-01-17,昆明,10℃,60%,37
2020-01-17,贵阳,3℃,93%,32
2020-01-17,南京,2℃,100%,38
2020-01-17,长春,-18℃,94%,259
2020-01-17,哈尔滨,-22℃,79%,271
2020-01-17,厦门,14℃,98%,69
2020-01-17,惠州,14℃,73%,37
2020-01-18,武汉,-1℃,97%,80
2020-01-18,黄冈,2℃,81%,61
2020-01-18,孝感,0℃,99%,89
2020-01-18,襄阳,1℃,89%,183
2020-01-18,随州,-1℃,95%,87
2020-01-18,宜昌,2℃,87%,212
2020-01-18,荆州,4℃,86%,80
2020-01-18,荆门,0℃,94%,147
2020-01-18,鄂州,3℃,80%,80
2020-01-18,温州,8℃,58%,19
2020-01-18,黄石,2℃,88%,65
2020-01-18,咸宁,2℃,90%,63
2020-01-18,十堰,1℃,99%,107
2020-01-18,深圳,16℃,55%,28
2020-01-18,广州,12℃,62%,30
2020-01-18,仙桃,0℃,97%,-1
2020-01-18,长沙,3℃,89%,70
2020-01-18,杭州,4℃,73%,33
2020-01-18,恩施,6℃,83%,57
2020-01-18,台州,6℃,70%,36
2020-01-18,天门,0℃,99%,-1
2020-01-18,南昌,4℃,80%,77
2020-01-18,信阳,2℃,85%,127
2020-01-18,南阳,0℃,99%,152
2020-01-18,成都,7℃,86%,98
2020-01-18,宁波,5℃,80%,43
2020-01-18,郑州,-1℃,99%,233
2020-01-18,合肥,1℃,99%,89
2020-01-18,阜阳,1℃,92%,160
2020-01-18,九江,3℃,86%,84
2020-01-18,岳阳,3℃,80%,75
2020-01-18,南充,8℃,85%,99
2020-01-18,盐城,2℃,69%,120
2020-01-18,茂名,14℃,76%,54
2020-01-18,西安,0℃,99%,283
2020-01-18,邵阳,4℃,80%,64
2020-01-18,衡阳,4℃,81%,73
2020-01-18,达州,6℃,85%,109
2020-01-18,梅州,9℃,64%,38
2020-01-18,湛江,16℃,79%,53
2020-01-18,佛山,11℃,69%,26
2020-01-18,南宁,9℃,79%,55
2020-01-18,揭阳,14℃,68%,48
2020-01-18,周口,1℃,85%,195
2020-01-18,东莞,13℃,66%,21
2020-01-18,苏州,4℃,79%,80
2020-01-18,沈阳,-16℃,81%,211
2020-01-18,昆明,10℃,53%,43
2020-01-18,贵阳,1℃,100%,54
2020-01-18,南京,3℃,96%,74
2020-01-18,长春,-18℃,95%,258
2020-01-18,哈尔滨,-25℃,79%,336
2020-01-18,厦门,12℃,80%,28
2020-01-18,惠州,13℃,61%,25
2020-01-19,武汉,4℃,83%,119
2020-01-19,黄冈,3℃,84%,69
2020-01-19,孝感,3℃,99%,94
2020-01-19,襄阳,2℃,91%,210
2020-01-19,随州,2℃,89%,144
2020-01-19,宜昌,4℃,99%,210
2020-01-19,荆州,3℃,92%,142
2020-01-19,荆门,2℃,93%,204
2020-01-19,鄂州,4℃,87%,74
2020-01-19,温州,6℃,69%,38
2020-01-19,黄石,4℃,86%,80
2020-01-19,咸宁,3℃,90%,83
2020-01-19,十堰,2℃,95%,90
2020-01-19,深圳,17℃,80%,39
2020-01-19,广州,14℃,60%,45
2020-01-19,仙桃,3℃,89%,-1
2020-01-19,长沙,4℃,78%,94
2020-01-19,杭州,4℃,72%,78
2020-01-19,恩施,5℃,92%,69
2020-01-19,台州,5℃,70%,63
2020-01-19,天门,3℃,99%,-1
2020-01-19,南昌,6℃,71%,67
2020-01-19,信阳,3℃,91%,172
2020-01-19,南阳,0℃,99%,192
2020-01-19,成都,5℃,97%,100
2020-01-19,宁波,4℃,71%,69
2020-01-19,郑州,6℃,41%,113
2020-01-19,合肥,1℃,93%,115
2020-01-19,阜阳,2℃,88%,127
2020-01-19,九江,4℃,87%,90
2020-01-19,岳阳,3℃,88%,99
2020-01-19,南充,6℃,94%,109
2020-01-19,盐城,1℃,82%,134
2020-01-19,茂名,19℃,78%,44
2020-01-19,西安,0℃,85%,196
2020-01-19,邵阳,4℃,84%,92
2020-01-19,衡阳,5℃,85%,83
2020-01-19,达州,7℃,90%,129
2020-01-19,梅州,12℃,65%,40
2020-01-19,湛江,19℃,92%,35
2020-01-19,佛山,13℃,64%,47
2020-01-19,南宁,8℃,100%,45
2020-01-19,揭阳,14℃,79%,38
2020-01-19,周口,3℃,81%,198
2020-01-19,东莞,15℃,65%,54
2020-01-19,苏州,4℃,70%,94
2020-01-19,沈阳,-5℃,92%,209
2020-01-19,昆明,5℃,68%,40
2020-01-19,贵阳,2℃,85%,105
2020-01-19,南京,3℃,79%,99
2020-01-19,长春,-6℃,96%,134
2020-01-19,哈尔滨,-15℃,82%,217
2020-01-19,厦门,11℃,70%,26
2020-01-19,惠州,14℃,70%,46
2020-01-20,武汉,0℃,95%,148
2020-01-20,黄冈,2℃,93%,120
2020-01-20,孝感,1℃,99%,124
2020-01-20,襄阳,5℃,60%,107
2020-01-20,随州,0℃,89%,103
2020-01-20,宜昌,5℃,66%,145
2020-01-20,荆州,3℃,92%,92
2020-01-20,荆门,6℃,62%,114
2020-01-20,鄂州,3℃,87%,144
2020-01-20,温州,7℃,86%,55
2020-01-20,黄石,1℃,93%,109
2020-01-20,咸宁,0℃,97%,100
2020-01-20,十堰,2℃,69%,76
2020-01-20,深圳,14℃,70%,40
2020-01-20,广州,11℃,71%,28
2020-01-20,仙桃,1℃,97%,-1
2020-01-20,长沙,2℃,94%,138
2020-01-20,杭州,3℃,86%,65
2020-01-20,恩施,6℃,87%,79
2020-01-20,台州,4℃,94%,62
2020-01-20,天门,1℃,98%,-1
2020-01-20,南昌,4℃,85%,117
2020-01-20,信阳,3℃,81%,92
2020-01-20,南阳,2℃,78%,178
2020-01-20,成都,6℃,83%,79
2020-01-20,宁波,1℃,100%,75
2020-01-20,郑州,6℃,34%,62
2020-01-20,合肥,1℃,86%,117
2020-01-20,阜阳,0℃,87%,129
2020-01-20,九江,3℃,82%,103
2020-01-20,岳阳,6℃,77%,160
2020-01-20,南充,6℃,73%,107
2020-01-20,盐城,1℃,95%,185
2020-01-20,茂名,16℃,76%,70
2020-01-20,西安,1℃,67%,79
2020-01-20,邵阳,7℃,67%,122
2020-01-20,衡阳,7℃,77%,90
2020-01-20,达州,5℃,89%,114
2020-01-20,梅州,11℃,68%,25
2020-01-20,湛江,16℃,79%,97
2020-01-20,佛山,11℃,75%,27
2020-01-20,南宁,11℃,73%,74
2020-01-20,揭阳,12℃,81%,31
2020-01-20,周口,4℃,54%,82
2020-01-20,东莞,12℃,76%,26
2020-01-20,苏州,3℃,83%,119
2020-01-20,沈阳,-14℃,84%,100
2020-01-20,昆明,4℃,79%,33
2020-01-20,贵阳,5℃,79%,62
2020-01-20,南京,3℃,85%,117
2020-01-20,长春,-16℃,94%,202
2020-01-20,哈尔滨,-14℃,80%,380
2020-01-20,厦门,13℃,80%,38
2020-01-20,惠州,12℃,71%,33
2020-01-21,武汉,3℃,91%,113
2020-01-21,黄冈,5℃,80%,122
2020-01-21,孝感,4℃,95%,150
2020-01-21,襄阳,8℃,63%,117
2020-01-21,随州,1℃,89%,130
2020-01-21,宜昌,8℃,71%,193
2020-01-21,荆州,7℃,84%,124
2020-01-21,荆门,7℃,65%,175
2020-01-21,鄂州,8℃,67%,110
2020-01-21,温州,8℃,82%,64
2020-01-21,黄石,6℃,77%,94
2020-01-21,咸宁,8℃,52%,107
2020-01-21,十堰,7℃,52%,85
2020-01-21,深圳,16℃,80%,55
2020-01-21,广州,14℃,78%,56
2020-01-21,仙桃,5℃,78%,-1
2020-01-21,长沙,10℃,64%,103
2020-01-21,杭州,5℃,71%,123
2020-01-21,恩施,7℃,86%,92
2020-01-21,台州,6℃,83%,118
2020-01-21,天门,6℃,71%,-1
2020-01-21,南昌,9℃,71%,93
2020-01-21,信阳,2℃,72%,91
2020-01-21,南阳,3℃,52%,120
2020-01-21,成都,9℃,72%,125
2020-01-21,宁波,3℃,94%,120
2020-01-21,郑州,0℃,64%,122
2020-01-21,合肥,0℃,96%,119
2020-01-21,阜阳,6℃,65%,162
2020-01-21,九江,7℃,77%,123
2020-01-21,岳阳,9℃,73%,115
2020-01-21,南充,8℃,72%,124
2020-01-21,盐城,1℃,94%,232
2020-01-21,茂名,18℃,79%,58
2020-01-21,西安,2℃,62%,114
2020-01-21,邵阳,8℃,73%,110
2020-01-21,衡阳,9℃,73%,128
2020-01-21,达州,7℃,83%,124
2020-01-21,梅州,14℃,72%,38
2020-01-21,湛江,19℃,94%,48
2020-01-21,佛山,15℃,70%,55
2020-01-21,南宁,11℃,100%,55
2020-01-21,揭阳,14℃,92%,78
2020-01-21,周口,2℃,74%,143
2020-01-21,东莞,15℃,80%,59
2020-01-21,苏州,4℃,85%,219
2020-01-21,沈阳,-16℃,84%,82
2020-01-21,昆明,9℃,50%,33
2020-01-21,贵阳,6℃,100%,29
2020-01-21,南京,4℃,53%,98
2020-01-21,长春,-13℃,84%,69
2020-01-21,哈尔滨,-14℃,88%,284
2020-01-21,厦门,11℃,81%,40
2020-01-21,惠州,16℃,84%,57
2020-01-22,武汉,6℃,92%,117
2020-01-22,黄冈,6℃,99%,103
2020-01-22,孝感,6℃,99%,92
2020-01-22,襄阳,3℃,93%,218
2020-01-22,随州,2℃,96%,137
2020-01-22,宜昌,6℃,98%,183
2020-01-22,荆州,7℃,96%,109
2020-01-22,荆门,5℃,76%,160
2020-01-22,鄂州,7℃,95%,113
2020-01-22,温州,10℃,78%,107
2020-01-22,黄石,6℃,98%,102
2020-01-22,咸宁,5℃,99%,105
2020-01-22,十堰,4℃,84%,110
2020-01-22,深圳,18℃,75%,51
2020-01-22,广州,16℃,81%,43
2020-01-22,仙桃,6℃,95%,-1
2020-01-22,长沙,8℃,88%,87
2020-01-22,杭州,8℃,87%,140
2020-01-22,恩施,8℃,90%,64
2020-01-22,台州,11℃,78%,107
2020-01-22,天门,5℃,99%,-1
2020-01-22,南昌,8℃,94%,118
2020-01-22,信阳,2℃,89%,225
2020-01-22,南阳,0℃,99%,224
2020-01-22,成都,8℃,74%,133
2020-01-22,宁波,12℃,71%,60
2020-01-22,郑州,1℃,76%,238
2020-01-22,合肥,5℃,99%,215
2020-01-22,阜阳,0℃,97%,270
2020-01-22,九江,6℃,96%,118
2020-01-22,岳阳,7℃,100%,77
2020-01-22,南充,9℃,86%,114
2020-01-22,盐城,7℃,94%,41
2020-01-22,茂名,18℃,87%,49
2020-01-22,西安,1℃,80%,162
2020-01-22,邵阳,8℃,97%,114
2020-01-22,衡阳,10℃,82%,107
2020-01-22,达州,7℃,90%,102
2020-01-22,梅州,15℃,80%,74
2020-01-22,湛江,20℃,97%,36
2020-01-22,佛山,17℃,85%,46
2020-01-22,南宁,16℃,100%,72
2020-01-22,揭阳,15℃,85%,77
2020-01-22,周口,2℃,87%,254
2020-01-22,东莞,17℃,89%,40
2020-01-22,苏州,8℃,95%,128
2020-01-22,沈阳,-6℃,79%,55
2020-01-22,昆明,8℃,64%,38
2020-01-22,贵阳,13℃,85%,35
2020-01-22,南京,6℃,100%,147
2020-01-22,长春,-4℃,64%,51
2020-01-22,哈尔滨,-13℃,86%,79
2020-01-22,厦门,14℃,76%,62
2020-01-22,惠州,17℃,81%,50
2020-01-23,武汉,5℃,91%,114
2020-01-23,黄冈,5℃,98%,102
2020-01-23,孝感,3℃,99%,183
2020-01-23,襄阳,4℃,92%,234
2020-01-23,随州,0℃,96%,186
2020-01-23,宜昌,6℃,99%,140
2020-01-23,荆州,5℃,95%,110
2020-01-23,荆门,5℃,76%,173
2020-01-23,鄂州,7℃,94%,109
2020-01-23,温州,13℃,94%,64
2020-01-23,黄石,6℃,98%,138
2020-01-23,咸宁,5℃,99%,127
2020-01-23,十堰,3℃,96%,118
2020-01-23,深圳,20℃,87%,39
2020-01-23,广州,21℃,84%,53
2020-01-23,仙桃,6℃,93%,-1
2020-01-23,长沙,7℃,92%,75
2020-01-23,杭州,8℃,95%,46
2020-01-23,恩施,9℃,89%,67
2020-01-23,台州,12℃,93%,75
2020-01-23,天门,4℃,99%,-1
2020-01-23,南昌,7℃,93%,57
2020-01-23,信阳,3℃,95%,182
2020-01-23,南阳,3℃,82%,251
2020-01-23,成都,8℃,89%,148
2020-01-23,宁波,9℃,98%,54
2020-01-23,郑州,0℃,99%,244
2020-01-23,合肥,5℃,99%,144
2020-01-23,阜阳,4℃,94%,250
2020-01-23,九江,6℃,96%,89
2020-01-23,岳阳,6℃,100%,105
2020-01-23,南充,9℃,83%,122
2020-01-23,盐城,7℃,91%,33
2020-01-23,茂名,19℃,93%,50
2020-01-23,西安,1℃,85%,225
2020-01-23,邵阳,6℃,100%,40
2020-01-23,衡阳,8℃,86%,49
2020-01-23,达州,8℃,90%,119
2020-01-23,梅州,18℃,91%,38
2020-01-23,湛江,20℃,98%,50
2020-01-23,佛山,19℃,85%,56
2020-01-23,南宁,19℃,98%,34
2020-01-23,揭阳,19℃,90%,166
2020-01-23,周口,2℃,97%,251
2020-01-23,东莞,20℃,96%,78
2020-01-23,苏州,7℃,97%,98
2020-01-23,沈阳,-1℃,91%,168
2020-01-23,昆明,11℃,44%,33
2020-01-23,贵阳,6℃,93%,27
2020-01-23,南京,7℃,100%,18
2020-01-23,长春,-11℃,97%,201
2020-01-23,哈尔滨,-19℃,82%,204
2020-01-23,厦门,16℃,99%,102
2020-01-23,惠州,21℃,88%,38
2020-01-24,武汉,7℃,97%,82
2020-01-24,黄冈,7℃,99%,99
2020-01-24,孝感,7℃,99%,88
2020-01-24,襄阳,4℃,99%,102
2020-01-24,随州,5℃,95%,90
2020-01-24,宜昌,6℃,97%,118
2020-01-24,荆州,6℃,92%,109
2020-01-24,荆门,5℃,93%,107
2020-01-24,鄂州,8℃,97%,97
2020-01-24,温州,12℃,98%,32
2020-01-24,黄石,7℃,98%,89
2020-01-24,咸宁,6℃,99%,83
2020-01-24,十堰,4℃,88%,114
2020-01-24,深圳,20℃,92%,24
2020-01-24,广州,20℃,89%,35
2020-01-24,仙桃,6℃,96%,-1
2020-01-24,长沙,7℃,94%,58
2020-01-24,杭州,7℃,95%,25
2020-01-24,恩施,8℃,80%,59
2020-01-24,台州,11℃,96%,21
2020-01-24,天门,6℃,99%,-1
2020-01-24,南昌,8℃,97%,28
2020-01-24,信阳,6℃,95%,127
2020-01-24,南阳,5℃,80%,185
2020-01-24,成都,7℃,98%,180
2020-01-24,宁波,9℃,100%,23
2020-01-24,郑州,4℃,87%,248
2020-01-24,合肥,7℃,88%,35
2020-01-24,阜阳,7℃,83%,83
2020-01-24,九江,7℃,96%,29
2020-01-24,岳阳,7℃,100%,85
2020-01-24,南充,7℃,93%,74
2020-01-24,盐城,5℃,85%,53
2020-01-24,茂名,20℃,93%,44
2020-01-24,西安,5℃,74%,316
2020-01-24,邵阳,6℃,100%,26
2020-01-24,衡阳,6℃,92%,33
2020-01-24,达州,9℃,80%,73
2020-01-24,梅州,18℃,91%,43
2020-01-24,湛江,21℃,99%,24
2020-01-24,佛山,20℃,87%,36
2020-01-24,南宁,19℃,100%,51
2020-01-24,揭阳,20℃,94%,67
2020-01-24,周口,5℃,87%,142
2020-01-24,东莞,19℃,100%,42
2020-01-24,苏州,7℃,94%,33
2020-01-24,沈阳,-13℃,84%,60
2020-01-24,昆明,5℃,70%,33
2020-01-24,贵阳,5℃,99%,18
2020-01-24,南京,7℃,88%,35
2020-01-24,长春,-14℃,60%,77
2020-01-24,哈尔滨,-18℃,71%,64
2020-01-24,厦门,17℃,95%,57
2020-01-24,惠州,21℃,94%,30
2020-01-25,武汉,5℃,94%,42
2020-01-25,黄冈,6℃,99%,112
2020-01-25,孝感,5℃,99%,92
2020-01-25,襄阳,3℃,97%,215
2020-01-25,随州,3℃,93%,84
2020-01-25,宜昌,4℃,77%,22
2020-01-25,荆州,4℃,96%,103
2020-01-25,荆门,2℃,95%,147
2020-01-25,鄂州,7℃,92%,92
2020-01-25,温州,12℃,88%,48
2020-01-25,黄石,6℃,96%,75
2020-01-25,咸宁,5℃,99%,28
2020-01-25,十堰,2℃,99%,73
2020-01-25,深圳,19℃,87%,21
2020-01-25,广州,20℃,83%,39
2020-01-25,仙桃,5℃,96%,-1
2020-01-25,长沙,6℃,92%,39
2020-01-25,杭州,7℃,93%,90
2020-01-25,恩施,6℃,80%,32
2020-01-25,台州,10℃,86%,53
2020-01-25,天门,4℃,99%,-1
2020-01-25,南昌,7℃,97%,57
2020-01-25,信阳,3℃,96%,119
2020-01-25,南阳,2℃,99%,196
2020-01-25,成都,4℃,93%,67
2020-01-25,宁波,8℃,100%,55
2020-01-25,郑州,2℃,82%,98
2020-01-25,合肥,5℃,90%,118
2020-01-25,阜阳,4℃,87%,279
2020-01-25,九江,6℃,93%,73
2020-01-25,岳阳,5℃,100%,46
2020-01-25,南充,7℃,86%,62
2020-01-25,盐城,5℃,74%,30
2020-01-25,茂名,20℃,93%,142
2020-01-25,西安,2℃,98%,250
2020-01-25,邵阳,5℃,100%,15
2020-01-25,衡阳,6℃,91%,28
2020-01-25,达州,7℃,81%,49
2020-01-25,梅州,17℃,90%,69
2020-01-25,湛江,20℃,95%,32
2020-01-25,佛山,19℃,76%,46
2020-01-25,南宁,13℃,99%,22
2020-01-25,揭阳,18℃,91%,46
2020-01-25,周口,2℃,93%,288
2020-01-25,东莞,20℃,97%,29
2020-01-25,苏州,7℃,91%,75
2020-01-25,沈阳,-15℃,77%,264
2020-01-25,昆明,7℃,78%,36
2020-01-25,贵阳,0℃,100%,20
2020-01-25,南京,6℃,80%,51
2020-01-25,长春,-19℃,88%,282
2020-01-25,哈尔滨,-26℃,77%,210
2020-01-25,厦门,15℃,85%,55
2020-01-25,惠州,20℃,92%,24
2020-01-26,武汉,4℃,89%,48
2020-01-26,黄冈,4℃,95%,38
2020-01-26,孝感,4℃,89%,64
2020-01-26,襄阳,2℃,85%,122
2020-01-26,随州,3℃,84%,109
2020-01-26,宜昌,3℃,84%,49
2020-01-26,荆州,3℃,90%,90
2020-01-26,荆门,3℃,80%,110
2020-01-26,鄂州,4℃,86%,34
2020-01-26,温州,11℃,84%,17
2020-01-26,黄石,4℃,96%,22
2020-01-26,咸宁,4℃,99%,20
2020-01-26,十堰,2℃,90%,67
2020-01-26,深圳,16℃,98%,49
2020-01-26,广州,13℃,91%,18
2020-01-26,仙桃,3℃,90%,-1
2020-01-26,长沙,4℃,91%,29
2020-01-26,杭州,5℃,96%,18
2020-01-26,恩施,5℃,75%,40
2020-01-26,台州,9℃,84%,20
2020-01-26,天门,3℃,99%,-1
2020-01-26,南昌,5℃,95%,18
2020-01-26,信阳,3℃,85%,137
2020-01-26,南阳,2℃,95%,150
2020-01-26,成都,6℃,77%,43
2020-01-26,宁波,7℃,99%,19
2020-01-26,郑州,4℃,58%,156
2020-01-26,合肥,3℃,93%,55
2020-01-26,阜阳,4℃,54%,110
2020-01-26,九江,4℃,94%,30
2020-01-26,岳阳,3℃,100%,36
2020-01-26,南充,6℃,86%,43
2020-01-26,盐城,5℃,82%,64
2020-01-26,茂名,13℃,92%,19
2020-01-26,西安,3℃,98%,303
2020-01-26,邵阳,1℃,100%,39
2020-01-26,衡阳,3℃,92%,23
2020-01-26,达州,7℃,87%,54
2020-01-26,梅州,12℃,94%,26
2020-01-26,湛江,12℃,92%,10
2020-01-26,佛山,11℃,92%,12
2020-01-26,南宁,8℃,100%,11
2020-01-26,揭阳,16℃,100%,20
2020-01-26,周口,4℃,74%,239
2020-01-26,东莞,14℃,100%,20
2020-01-26,苏州,5℃,96%,20
2020-01-26,沈阳,-8℃,56%,345
2020-01-26,昆明,3℃,77%,46
2020-01-26,贵阳,0℃,97%,23
2020-01-26,南京,4℃,100%,23
2020-01-26,长春,-19℃,94%,409
2020-01-26,哈尔滨,-25℃,77%,250
2020-01-26,厦门,14℃,99%,43
2020-01-26,惠州,14℃,97%,25
2020-01-27,武汉,3℃,82%,65
2020-01-27,黄冈,2℃,88%,58
2020-01-27,孝感,3℃,91%,90
2020-01-27,襄阳,2℃,86%,132
2020-01-27,随州,2℃,84%,94
2020-01-27,宜昌,2℃,76%,88
2020-01-27,荆州,3℃,87%,97
2020-01-27,荆门,1℃,87%,120
2020-01-27,鄂州,3℃,89%,45
2020-01-27,温州,9℃,80%,17
2020-01-27,黄石,2℃,91%,32
2020-01-27,咸宁,2℃,98%,43
2020-01-27,十堰,0℃,98%,92
2020-01-27,深圳,11℃,74%,11
2020-01-27,广州,9℃,73%,13
2020-01-27,仙桃,3℃,84%,-1
2020-01-27,长沙,4℃,78%,50
2020-01-27,杭州,5℃,95%,23
2020-01-27,恩施,5℃,85%,30
2020-01-27,台州,9℃,83%,18
2020-01-27,天门,3℃,83%,-1
2020-01-27,南昌,4℃,84%,15
2020-01-27,信阳,1℃,95%,118
2020-01-27,南阳,1℃,77%,140
2020-01-27,成都,6℃,79%,75
2020-01-27,宁波,7℃,96%,24
2020-01-27,郑州,1℃,64%,107
2020-01-27,合肥,0℃,99%,65
2020-01-27,阜阳,1℃,97%,80
2020-01-27,九江,3℃,93%,17
2020-01-27,岳阳,3℃,80%,64
2020-01-27,南充,7℃,94%,60
2020-01-27,盐城,5℃,93%,39
2020-01-27,茂名,9℃,85%,25
2020-01-27,西安,1℃,84%,102
2020-01-27,邵阳,3℃,74%,73
2020-01-27,衡阳,4℃,76%,70
2020-01-27,达州,6℃,86%,58
2020-01-27,梅州,8℃,77%,14
2020-01-27,湛江,10℃,80%,19
2020-01-27,佛山,8℃,74%,11
2020-01-27,南宁,7℃,75%,25
2020-01-27,揭阳,10℃,94%,12
2020-01-27,周口,1℃,92%,220
2020-01-27,东莞,10℃,76%,16
2020-01-27,苏州,5℃,93%,27
2020-01-27,沈阳,-14℃,82%,249
2020-01-27,昆明,0℃,93%,57
2020-01-27,贵阳,0℃,92%,45
2020-01-27,南京,3℃,100%,26
2020-01-27,长春,-9℃,53%,199
2020-01-27,哈尔滨,-17℃,79%,212
2020-01-27,厦门,12℃,93%,15
2020-01-27,惠州,10℃,76%,15
2020-01-28,武汉,2℃,94%,85
2020-01-28,黄冈,3℃,80%,90
2020-01-28,孝感,3℃,98%,84
2020-01-28,襄阳,1℃,79%,89
2020-01-28,随州,0℃,95%,89
2020-01-28,宜昌,3℃,69%,102
2020-01-28,荆州,0℃,97%,74
2020-01-28,荆门,2℃,71%,75
2020-01-28,鄂州,4℃,82%,90
2020-01-28,温州,8℃,69%,19
2020-01-28,黄石,4℃,87%,65
2020-01-28,咸宁,2℃,99%,58
2020-01-28,十堰,2℃,90%,78
2020-01-28,深圳,10℃,66%,14
2020-01-28,广州,8℃,63%,16
2020-01-28,仙桃,1℃,97%,-1
2020-01-28,长沙,1℃,94%,59
2020-01-28,杭州,4℃,77%,20
2020-01-28,恩施,5℃,71%,35
2020-01-28,台州,7℃,67%,24
2020-01-28,天门,1℃,99%,-1
2020-01-28,南昌,4℃,82%,54
2020-01-28,信阳,3℃,86%,119
2020-01-28,南阳,0℃,99%,140
2020-01-28,成都,5℃,96%,54
2020-01-28,宁波,5℃,88%,38
2020-01-28,郑州,-1℃,95%,97
2020-01-28,合肥,1℃,99%,92
2020-01-28,阜阳,2℃,86%,133
2020-01-28,九江,3℃,91%,64
2020-01-28,岳阳,3℃,93%,68
2020-01-28,南充,7℃,85%,63
2020-01-28,盐城,3℃,77%,94
2020-01-28,茂名,10℃,90%,53
2020-01-28,西安,0℃,99%,95
2020-01-28,邵阳,3℃,82%,65
2020-01-28,衡阳,4℃,77%,92
2020-01-28,达州,5℃,94%,72
2020-01-28,梅州,7℃,63%,18
2020-01-28,湛江,10℃,94%,39
2020-01-28,佛山,8℃,65%,14
2020-01-28,南宁,9℃,66%,46
2020-01-28,揭阳,10℃,73%,16
2020-01-28,周口,0℃,78%,114
2020-01-28,东莞,9℃,69%,14
2020-01-28,苏州,4℃,78%,73
2020-01-28,沈阳,-5℃,72%,192
2020-01-28,昆明,5℃,77%,40
2020-01-28,贵阳,0℃,85%,39
2020-01-28,南京,2℃,100%,72
2020-01-28,长春,-10℃,86%,261
2020-01-28,哈尔滨,-18℃,83%,245
2020-01-28,厦门,12℃,67%,22
2020-01-28,惠州,9℃,67%,16
2020-01-29,武汉,0℃,93%,69
2020-01-29,黄冈,1℃,92%,79
2020-01-29,孝感,0℃,99%,59
2020-01-29,襄阳,5℃,67%,100
2020-01-29,随州,0℃,93%,85
2020-01-29,宜昌,4℃,76%,112
2020-01-29,荆州,2℃,97%,80
2020-01-29,荆门,4℃,73%,104
2020-01-29,鄂州,2℃,90%,90
2020-01-29,温州,7℃,68%,20
2020-01-29,黄石,1℃,92%,93
2020-01-29,咸宁,0℃,99%,73
2020-01-29,十堰,1℃,84%,45
2020-01-29,深圳,11℃,56%,23
2020-01-29,广州,10℃,54%,29
2020-01-29,仙桃,1℃,96%,-1
2020-01-29,长沙,1℃,95%,77
2020-01-29,杭州,4℃,69%,64
2020-01-29,恩施,2℃,91%,54
2020-01-29,台州,6℃,69%,30
2020-01-29,天门,2℃,99%,-1
2020-01-29,南昌,3℃,86%,77
2020-01-29,信阳,2℃,91%,97
2020-01-29,南阳,2℃,85%,108
2020-01-29,成都,2℃,99%,78
2020-01-29,宁波,5℃,72%,67
2020-01-29,郑州,0℃,90%,123
2020-01-29,合肥,2℃,86%,65
2020-01-29,阜阳,0℃,94%,130
2020-01-29,九江,1℃,87%,90
2020-01-29,岳阳,4℃,75%,107
2020-01-29,南充,5℃,99%,68
2020-01-29,盐城,4℃,79%,112
2020-01-29,茂名,12℃,69%,109
2020-01-29,西安,0℃,95%,79
2020-01-29,邵阳,3℃,76%,82
2020-01-29,衡阳,5℃,68%,67
2020-01-29,达州,4℃,99%,93
2020-01-29,梅州,5℃,72%,23
2020-01-29,湛江,12℃,69%,55
2020-01-29,佛山,10℃,64%,23
2020-01-29,南宁,10℃,59%,54
2020-01-29,揭阳,7℃,84%,22
2020-01-29,周口,1℃,90%,134
2020-01-29,东莞,11℃,56%,33
2020-01-29,苏州,4℃,79%,104
2020-01-29,沈阳,-9℃,71%,188
2020-01-29,昆明,6℃,79%,53
2020-01-29,贵阳,1℃,85%,53
2020-01-29,南京,4℃,74%,72
2020-01-29,长春,-14℃,86%,220
2020-01-29,哈尔滨,-14℃,69%,109
2020-01-29,厦门,10℃,60%,20
2020-01-29,惠州,9℃,62%,25
2020-01-30,武汉,0℃,96%,79
2020-01-30,黄冈,3℃,95%,77
2020-01-30,孝感,2℃,99%,82
2020-01-30,襄阳,4℃,79%,82
2020-01-30,随州,-1℃,93%,80
2020-01-30,宜昌,5℃,70%,92
2020-01-30,荆州,3℃,99%,68
2020-01-30,荆门,7℃,63%,109
2020-01-30,鄂州,3℃,93%,74
2020-01-30,温州,5℃,69%,38
2020-01-30,黄石,3℃,90%,80
2020-01-30,咸宁,0℃,99%,74
2020-01-30,十堰,1℃,76%,52
2020-01-30,深圳,11℃,52%,35
2020-01-30,广州,11℃,46%,36
2020-01-30,仙桃,1℃,97%,-1
2020-01-30,长沙,2℃,93%,82
2020-01-30,杭州,6℃,64%,70
2020-01-30,恩施,2℃,93%,84
2020-01-30,台州,4℃,72%,49
2020-01-30,天门,1℃,99%,-1
2020-01-30,南昌,3℃,92%,84
2020-01-30,信阳,2℃,85%,115
2020-01-30,南阳,1℃,74%,140
2020-01-30,成都,5℃,97%,62
2020-01-30,宁波,6℃,66%,87
2020-01-30,郑州,-1℃,98%,129
2020-01-30,合肥,0℃,98%,114
2020-01-30,阜阳,0℃,97%,182
2020-01-30,九江,2℃,91%,88
2020-01-30,岳阳,6℃,68%,84
2020-01-30,南充,5℃,98%,69
2020-01-30,盐城,1℃,77%,132
2020-01-30,茂名,11℃,71%,69
2020-01-30,西安,1℃,74%,84
2020-01-30,邵阳,3℃,79%,97
2020-01-30,衡阳,5℃,85%,128
2020-01-30,达州,5℃,97%,90
2020-01-30,梅州,6℃,60%,40
2020-01-30,湛江,12℃,58%,67
2020-01-30,佛山,10℃,55%,30
2020-01-30,南宁,10℃,64%,78
2020-01-30,揭阳,10℃,48%,42
2020-01-30,周口,2℃,85%,133
2020-01-30,东莞,11℃,43%,33
2020-01-30,苏州,4℃,67%,107
2020-01-30,沈阳,-12℃,71%,67
2020-01-30,昆明,6℃,76%,39
2020-01-30,贵阳,2℃,79%,42
2020-01-30,南京,4℃,65%,92
2020-01-30,长春,-15℃,85%,46
2020-01-30,哈尔滨,-15℃,64%,33
2020-01-30,厦门,9℃,72%,25
2020-01-30,惠州,11℃,48%,32
2020-01-31,武汉,0℃,95%,80
2020-01-31,黄冈,3℃,81%,89
2020-01-31,孝感,0℃,99%,84
2020-01-31,襄阳,6℃,55%,85
2020-01-31,随州,0℃,89%,102
2020-01-31,宜昌,6℃,58%,112
2020-01-31,荆州,3℃,90%,79
2020-01-31,荆门,7℃,55%,124
2020-01-31,鄂州,6℃,81%,123
2020-01-31,温州,7℃,65%,65
2020-01-31,黄石,2℃,85%,93
2020-01-31,咸宁,2℃,83%,78
2020-01-31,十堰,2℃,69%,52
2020-01-31,深圳,13℃,32%,43
2020-01-31,广州,8℃,57%,52
2020-01-31,仙桃,1℃,93%,-1
2020-01-31,长沙,2℃,91%,74
2020-01-31,杭州,4℃,63%,99
2020-01-31,恩施,4℃,88%,102
2020-01-31,台州,5℃,59%,79
2020-01-31,天门,4℃,77%,-1
2020-01-31,南昌,5℃,76%,83
2020-01-31,信阳,3℃,77%,143
2020-01-31,南阳,3℃,56%,118
2020-01-31,成都,7℃,97%,70
2020-01-31,宁波,3℃,68%,89
2020-01-31,郑州,1℃,86%,149
2020-01-31,合肥,-1℃,99%,145
2020-01-31,阜阳,1℃,93%,182
2020-01-31,九江,2℃,83%,124
2020-01-31,岳阳,7℃,58%,94
2020-01-31,南充,9℃,89%,68
2020-01-31,盐城,-1℃,81%,103
2020-01-31,茂名,9℃,83%,48
2020-01-31,西安,1℃,78%,124
2020-01-31,邵阳,6℃,74%,87
2020-01-31,衡阳,8℃,66%,80
2020-01-31,达州,8℃,75%,102
2020-01-31,梅州,7℃,55%,43
2020-01-31,湛江,9℃,87%,35
2020-01-31,佛山,9℃,76%,45
2020-01-31,南宁,11℃,48%,88
2020-01-31,揭阳,9℃,43%,49
2020-01-31,周口,4℃,66%,168
2020-01-31,东莞,11℃,43%,52
2020-01-31,苏州,2℃,72%,94
2020-01-31,沈阳,-14℃,72%,104
2020-01-31,昆明,8℃,75%,46
2020-01-31,贵阳,6℃,59%,45
2020-01-31,南京,0℃,89%,142
2020-01-31,长春,-21℃,92%,170
2020-01-31,哈尔滨,-26℃,75%,229
2020-01-31,厦门,9℃,64%,43
2020-01-31,惠州,11℃,40%,39
2020-02-01,武汉,0℃,93%,93
2020-02-01,黄冈,3℃,78%,84
2020-02-01,孝感,2℃,87%,119
2020-02-01,襄阳,9℃,48%,117
2020-02-01,随州,2℃,83%,123
2020-02-01,宜昌,8℃,60%,142
2020-02-01,荆州,6℃,84%,102
2020-02-01,荆门,9℃,46%,130
2020-02-01,鄂州,6℃,54%,82
2020-02-01,温州,5℃,81%,88
2020-02-01,黄石,4℃,77%,73
2020-02-01,咸宁,4℃,72%,99
2020-02-01,十堰,4℃,74%,78
2020-02-01,深圳,12℃,62%,53
2020-02-01,广州,9℃,62%,67
2020-02-01,仙桃,4℃,85%,-1
2020-02-01,长沙,9℃,74%,88
2020-02-01,杭州,2℃,59%,75
2020-02-01,恩施,6℃,86%,135
2020-02-01,台州,3℃,78%,74
2020-02-01,天门,4℃,75%,-1
2020-02-01,南昌,5℃,78%,94
2020-02-01,信阳,5℃,64%,133
2020-02-01,南阳,4℃,75%,162
2020-02-01,成都,7℃,92%,59
2020-02-01,宁波,1℃,79%,94
2020-02-01,郑州,0℃,99%,134
2020-02-01,合肥,-1℃,93%,69
2020-02-01,阜阳,5℃,65%,95
2020-02-01,九江,2℃,85%,85
2020-02-01,岳阳,9℃,61%,73
2020-02-01,南充,8℃,100%,90
2020-02-01,盐城,-1℃,89%,90
2020-02-01,茂名,15℃,53%,43
2020-02-01,西安,5℃,66%,178
2020-02-01,邵阳,8℃,78%,102
2020-02-01,衡阳,10℃,62%,97
2020-02-01,达州,8℃,90%,140
2020-02-01,梅州,5℃,66%,39
2020-02-01,湛江,17℃,77%,43
2020-02-01,佛山,9℃,80%,53
2020-02-01,南宁,14℃,52%,69
2020-02-01,揭阳,8℃,77%,72
2020-02-01,周口,7℃,56%,124
2020-02-01,东莞,10℃,64%,60
2020-02-01,苏州,2℃,88%,69
2020-02-01,沈阳,-13℃,85%,232
2020-02-01,昆明,8℃,75%,48
2020-02-01,贵阳,6℃,66%,65
2020-02-01,南京,1℃,76%,92
2020-02-01,长春,-15℃,92%,307
2020-02-01,哈尔滨,-25℃,79%,269
2020-02-01,厦门,9℃,51%,50
2020-02-01,惠州,11℃,68%,45
2020-02-02,武汉,8℃,82%,90
2020-02-02,黄冈,9℃,59%,74
2020-02-02,孝感,9℃,62%,165
2020-02-02,襄阳,8℃,67%,172
2020-02-02,随州,8℃,60%,115
2020-02-02,宜昌,7℃,99%,198
2020-02-02,荆州,8℃,87%,155
2020-02-02,荆门,7℃,76%,98
2020-02-02,鄂州,10℃,55%,68
2020-02-02,温州,6℃,76%,33
2020-02-02,黄石,9℃,61%,60
2020-02-02,咸宁,9℃,63%,107
2020-02-02,十堰,6℃,73%,124
2020-02-02,深圳,15℃,74%,39
2020-02-02,广州,14℃,61%,59
2020-02-02,仙桃,9℃,70%,-1
2020-02-02,长沙,8℃,86%,105
2020-02-02,杭州,5℃,70%,26
2020-02-02,恩施,6℃,94%,57
2020-02-02,台州,5℃,84%,62
2020-02-02,天门,8℃,82%,-1
2020-02-02,南昌,10℃,55%,67
2020-02-02,信阳,10℃,47%,122
2020-02-02,南阳,7℃,71%,173
2020-02-02,成都,7℃,96%,64
2020-02-02,宁波,3℃,79%,21
2020-02-02,郑州,5℃,50%,138
2020-02-02,合肥,7℃,52%,40
2020-02-02,阜阳,8℃,57%,152
2020-02-02,九江,9℃,60%,68
2020-02-02,岳阳,10℃,78%,88
2020-02-02,南充,8℃,98%,82
2020-02-02,盐城,3℃,86%,155
2020-02-02,茂名,17℃,71%,45
2020-02-02,西安,6℃,70%,165
2020-02-02,邵阳,8℃,82%,119
2020-02-02,衡阳,10℃,75%,145
2020-02-02,达州,8℃,83%,95
2020-02-02,梅州,8℃,68%,59
2020-02-02,湛江,18℃,90%,37
2020-02-02,佛山,16℃,62%,55
2020-02-02,南宁,14℃,64%,200
2020-02-02,揭阳,10℃,87%,64
2020-02-02,周口,7℃,60%,138
2020-02-02,东莞,14℃,63%,42
2020-02-02,苏州,5℃,57%,23
2020-02-02,沈阳,-14℃,84%,88
2020-02-02,昆明,8℃,62%,40
2020-02-02,贵阳,5℃,100%,97
2020-02-02,南京,7℃,44%,26
2020-02-02,长春,-13℃,47%,36
2020-02-02,哈尔滨,-15℃,64%,63
2020-02-02,厦门,10℃,67%,62
2020-02-02,惠州,15℃,71%,35
2020-02-03,武汉,8℃,85%,75
2020-02-03,黄冈,0℃,99%,87
2020-02-03,孝感,8℃,99%,87
2020-02-03,襄阳,9℃,63%,142
2020-02-03,随州,6℃,73%,128
2020-02-03,宜昌,7℃,99%,75
2020-02-03,荆州,8℃,94%,80
2020-02-03,荆门,8℃,74%,110
2020-02-03,鄂州,7℃,92%,73
2020-02-03,温州,10℃,84%,25
2020-02-03,黄石,7℃,96%,73
2020-02-03,咸宁,6℃,99%,74
2020-02-03,十堰,7℃,71%,75
2020-02-03,深圳,16℃,77%,41
2020-02-03,广州,17℃,69%,67
2020-02-03,仙桃,7℃,95%,-1
2020-02-03,长沙,8℃,93%,130
2020-02-03,杭州,7℃,90%,55
2020-02-03,恩施,7℃,95%,57
2020-02-03,台州,10℃,90%,30
2020-02-03,天门,8℃,98%,-1
2020-02-03,南昌,8℃,80%,70
2020-02-03,信阳,7℃,75%,202
2020-02-03,南阳,7℃,64%,210
2020-02-03,成都,7℃,95%,55
2020-02-03,宁波,9℃,94%,26
2020-02-03,郑州,5℃,56%,176
2020-02-03,合肥,3℃,88%,75
2020-02-03,阜阳,3℃,84%,204
2020-02-03,九江,7℃,92%,88
2020-02-03,岳阳,8℃,100%,75
2020-02-03,南充,7℃,97%,62
2020-02-03,盐城,2℃,89%,85
2020-02-03,茂名,18℃,84%,53
2020-02-03,西安,4℃,50%,38
2020-02-03,邵阳,7℃,100%,59
2020-02-03,衡阳,8℃,94%,60
2020-02-03,达州,7℃,99%,54
2020-02-03,梅州,12℃,69%,74
2020-02-03,湛江,18℃,94%,49
2020-02-03,佛山,15℃,72%,73
2020-02-03,南宁,15℃,84%,186
2020-02-03,揭阳,12℃,88%,52
2020-02-03,周口,6℃,59%,155
2020-02-03,东莞,16℃,81%,92
2020-02-03,苏州,7℃,84%,55
2020-02-03,沈阳,-13℃,84%,43
2020-02-03,昆明,6℃,74%,42
2020-02-03,贵阳,4℃,99%,39
2020-02-03,南京,6℃,76%,49
2020-02-03,长春,-17℃,71%,78
2020-02-03,哈尔滨,-14℃,56%,69
2020-02-03,厦门,11℃,76%,55
2020-02-03,惠州,16℃,83%,46
2020-02-04,武汉,2℃,94%,99
2020-02-04,黄冈,5℃,93%,102
2020-02-04,孝感,2℃,99%,112
2020-02-04,襄阳,6℃,66%,204
2020-02-04,随州,2℃,92%,152
2020-02-04,宜昌,7℃,58%,125
2020-02-04,荆州,4℃,99%,117
2020-02-04,荆门,7℃,66%,163
2020-02-04,鄂州,6℃,87%,104
2020-02-04,温州,8℃,96%,33
2020-02-04,黄石,4℃,90%,79
2020-02-04,咸宁,5℃,99%,102
2020-02-04,十堰,4℃,76%,129
2020-02-04,深圳,16℃,89%,53
2020-02-04,广州,13℃,96%,18
2020-02-04,仙桃,3℃,96%,-1
2020-02-04,长沙,8℃,92%,80
2020-02-04,杭州,7℃,80%,92
2020-02-04,恩施,6℃,93%,65
2020-02-04,台州,8℃,87%,59
2020-02-04,天门,3℃,99%,-1
2020-02-04,南昌,8℃,84%,48
2020-02-04,信阳,4℃,87%,210
2020-02-04,南阳,2℃,76%,213
2020-02-04,成都,7℃,93%,52
2020-02-04,宁波,8℃,80%,70
2020-02-04,郑州,0℃,87%,160
2020-02-04,合肥,3℃,95%,143
2020-02-04,阜阳,5℃,79%,201
2020-02-04,九江,7℃,82%,85
2020-02-04,岳阳,8℃,86%,102
2020-02-04,南充,6℃,97%,62
2020-02-04,盐城,1℃,75%,34
2020-02-04,茂名,16℃,86%,43
2020-02-04,西安,1℃,69%,115
2020-02-04,邵阳,7℃,100%,64
2020-02-04,衡阳,8℃,91%,65
2020-02-04,达州,7℃,99%,57
2020-02-04,梅州,12℃,97%,45
2020-02-04,湛江,18℃,94%,30
2020-02-04,佛山,12℃,96%,9
2020-02-04,南宁,10℃,100%,10
2020-02-04,揭阳,14℃,90%,54
2020-02-04,周口,6℃,67%,200
2020-02-04,东莞,13℃,100%,45
2020-02-04,苏州,4℃,82%,36
2020-02-04,沈阳,-7℃,66%,74
2020-02-04,昆明,4℃,82%,40
2020-02-04,贵阳,3℃,96%,36
2020-02-04,南京,4℃,86%,74
2020-02-04,长春,-15℃,61%,55
2020-02-04,哈尔滨,-27℃,74%,127
2020-02-04,厦门,12℃,81%,28
2020-02-04,惠州,14℃,91%,36
2020-02-05,武汉,2℃,95%,79
2020-02-05,黄冈,5℃,83%,82
2020-02-05,孝感,2℃,99%,134
2020-02-05,襄阳,7℃,76%,148
2020-02-05,随州,3℃,87%,118
2020-02-05,宜昌,8℃,68%,162
2020-02-05,荆州,4℃,97%,85
2020-02-05,荆门,10℃,62%,149
2020-02-05,鄂州,7℃,77%,93
2020-02-05,温州,9℃,91%,36
2020-02-05,黄石,5℃,89%,69
2020-02-05,咸宁,5℃,90%,80
2020-02-05,十堰,7℃,73%,90
2020-02-05,深圳,16℃,82%,18
2020-02-05,广州,13℃,94%,15
2020-02-05,仙桃,4℃,97%,-1
2020-02-05,长沙,8℃,93%,68
2020-02-05,杭州,5℃,93%,39
2020-02-05,恩施,6℃,93%,92
2020-02-05,台州,8℃,91%,49
2020-02-05,天门,4℃,99%,-1
2020-02-05,南昌,7℃,90%,45
2020-02-05,信阳,5℃,76%,158
2020-02-05,南阳,3℃,63%,200
2020-02-05,成都,9℃,90%,65
2020-02-05,宁波,8℃,85%,30
2020-02-05,郑州,1℃,71%,140
2020-02-05,合肥,2℃,91%,118
2020-02-05,阜阳,5℃,83%,220
2020-02-05,九江,5℃,87%,52
2020-02-05,岳阳,9℃,86%,104
2020-02-05,南充,9℃,88%,80
2020-02-05,盐城,4℃,63%,43
2020-02-05,茂名,16℃,87%,49
2020-02-05,西安,5℃,62%,155
2020-02-05,邵阳,7℃,100%,73
2020-02-05,衡阳,9℃,91%,69
2020-02-05,达州,8℃,94%,70
2020-02-05,梅州,13℃,91%,15
2020-02-05,湛江,16℃,90%,60
2020-02-05,佛山,12℃,94%,10
2020-02-05,南宁,11℃,99%,17
2020-02-05,揭阳,14℃,98%,28
2020-02-05,周口,2℃,75%,213
2020-02-05,东莞,14℃,100%,32
2020-02-05,苏州,5℃,78%,31
2020-02-05,沈阳,-15℃,34%,42
2020-02-05,昆明,4℃,86%,35
2020-02-05,贵阳,4℃,94%,55
2020-02-05,南京,5℃,86%,69
2020-02-05,长春,-23℃,80%,70
2020-02-05,哈尔滨,-25℃,77%,67
2020-02-05,厦门,11℃,99%,28
2020-02-05,惠州,15℃,89%,15
2020-02-06,武汉,7℃,77%,159
2020-02-06,黄冈,9℃,68%,155
2020-02-06,孝感,6℃,92%,143
2020-02-06,襄阳,0℃,98%,100
2020-02-06,随州,3℃,94%,130
2020-02-06,宜昌,7℃,99%,186
2020-02-06,荆州,5℃,94%,165
2020-02-06,荆门,2℃,92%,175
2020-02-06,鄂州,11℃,53%,97
2020-02-06,温州,9℃,59%,46
2020-02-06,黄石,10℃,61%,52
2020-02-06,咸宁,10℃,59%,51
2020-02-06,十堰,0℃,99%,107
2020-02-06,深圳,16℃,78%,31
2020-02-06,广州,15℃,96%,32
2020-02-06,仙桃,6℃,87%,-1
2020-02-06,长沙,11℃,75%,48
2020-02-06,杭州,7℃,76%,37
2020-02-06,恩施,7℃,91%,89
2020-02-06,台州,9℃,78%,52
2020-02-06,天门,6℃,89%,-1
2020-02-06,南昌,11℃,71%,65
2020-02-06,信阳,3℃,92%,118
2020-02-06,南阳,0℃,93%,69
2020-02-06,成都,9℃,86%,59
2020-02-06,宁波,8℃,67%,34
2020-02-06,郑州,-1℃,88%,50
2020-02-06,合肥,4℃,86%,54
2020-02-06,阜阳,4℃,81%,57
2020-02-06,九江,9℃,67%,78
2020-02-06,岳阳,10℃,73%,77
2020-02-06,南充,8℃,98%,82
2020-02-06,盐城,1℃,71%,24
2020-02-06,茂名,17℃,82%,39
2020-02-06,西安,0℃,98%,153
2020-02-06,邵阳,10℃,99%,70
2020-02-06,衡阳,11℃,95%,62
2020-02-06,达州,8℃,98%,62
2020-02-06,梅州,14℃,83%,25
2020-02-06,湛江,18℃,92%,28
2020-02-06,佛山,15℃,88%,23
2020-02-06,南宁,11℃,100%,18
2020-02-06,揭阳,14℃,73%,28
2020-02-06,周口,3℃,67%,40
2020-02-06,东莞,16℃,86%,30
2020-02-06,苏州,4℃,76%,33
2020-02-06,沈阳,-20℃,62%,38
2020-02-06,昆明,11℃,47%,43
2020-02-06,贵阳,7℃,100%,17
2020-02-06,南京,4℃,80%,45
2020-02-06,长春,-23℃,76%,89
2020-02-06,哈尔滨,-22℃,68%,60
2020-02-06,厦门,11℃,66%,34
2020-02-06,惠州,16℃,85%,28
2020-02-07,武汉,3℃,93%,20
2020-02-07,黄冈,4℃,96%,38
2020-02-07,孝感,3℃,99%,32
2020-02-07,襄阳,0℃,95%,60
2020-02-07,随州,1℃,88%,33
2020-02-07,宜昌,2℃,99%,40
2020-02-07,荆州,2℃,89%,45
2020-02-07,荆门,0℃,92%,64
2020-02-07,鄂州,5℃,89%,38
2020-02-07,温州,7℃,98%,21
2020-02-07,黄石,5℃,96%,16
2020-02-07,咸宁,4℃,99%,29
2020-02-07,十堰,1℃,91%,36
2020-02-07,深圳,17℃,78%,40
2020-02-07,广州,17℃,84%,49
2020-02-07,仙桃,3℃,89%,-1
2020-02-07,长沙,4℃,93%,33
2020-02-07,杭州,4℃,92%,24
2020-02-07,恩施,7℃,93%,49
2020-02-07,台州,6℃,95%,21
2020-02-07,天门,3℃,92%,-1
2020-02-07,南昌,6℃,91%,19
2020-02-07,信阳,1℃,98%,57
2020-02-07,南阳,0℃,94%,70
2020-02-07,成都,8℃,87%,48
2020-02-07,宁波,4℃,99%,25
2020-02-07,郑州,0℃,87%,77
2020-02-07,合肥,3℃,99%,26
2020-02-07,阜阳,3℃,87%,43
2020-02-07,九江,4℃,89%,20
2020-02-07,岳阳,4℃,95%,29
2020-02-07,南充,5℃,100%,50
2020-02-07,盐城,4℃,82%,29
2020-02-07,茂名,19℃,88%,50
2020-02-07,西安,0℃,94%,93
2020-02-07,邵阳,5℃,94%,18
2020-02-07,衡阳,6℃,92%,19
2020-02-07,达州,8℃,87%,58
2020-02-07,梅州,14℃,86%,38
2020-02-07,湛江,18℃,98%,42
2020-02-07,佛山,15℃,88%,42
2020-02-07,南宁,14℃,100%,35
2020-02-07,揭阳,15℃,83%,57
2020-02-07,周口,1℃,91%,62
2020-02-07,东莞,17℃,82%,62
2020-02-07,苏州,4℃,92%,21
2020-02-07,沈阳,-10℃,57%,172
2020-02-07,昆明,4℃,76%,46
2020-02-07,贵阳,5℃,85%,29
2020-02-07,南京,3℃,100%,20
2020-02-07,长春,-12℃,46%,84
2020-02-07,哈尔滨,-17℃,60%,85
2020-02-07,厦门,11℃,99%,25
2020-02-07,惠州,17℃,84%,48
2020-02-08,武汉,4℃,86%,33
2020-02-08,黄冈,5℃,94%,44
2020-02-08,孝感,5℃,88%,43
2020-02-08,襄阳,3℃,82%,53
2020-02-08,随州,3℃,82%,43
2020-02-08,宜昌,4℃,91%,55
2020-02-08,荆州,4℃,88%,38
2020-02-08,荆门,3℃,89%,57
2020-02-08,鄂州,6℃,83%,49
2020-02-08,温州,10℃,74%,20
2020-02-08,黄石,5℃,89%,36
2020-02-08,咸宁,4℃,94%,40
2020-02-08,十堰,1℃,99%,40
2020-02-08,深圳,16℃,82%,12
2020-02-08,广州,15℃,78%,10
2020-02-08,仙桃,4℃,84%,-1
2020-02-08,长沙,5℃,84%,49
2020-02-08,杭州,6℃,96%,46
2020-02-08,恩施,7℃,90%,32
2020-02-08,台州,8℃,75%,28
2020-02-08,天门,3℃,99%,-1
2020-02-08,南昌,6℃,83%,35
2020-02-08,信阳,4℃,81%,74
2020-02-08,南阳,0℃,99%,98
2020-02-08,成都,7℃,93%,65
2020-02-08,宁波,6℃,88%,36
2020-02-08,郑州,0℃,99%,112
2020-02-08,合肥,4℃,99%,36
2020-02-08,阜阳,4℃,90%,63
2020-02-08,九江,5℃,85%,54
2020-02-08,岳阳,4℃,84%,35
2020-02-08,南充,7℃,95%,59
2020-02-08,盐城,1℃,93%,52
2020-02-08,茂名,19℃,86%,55
2020-02-08,西安,3℃,82%,103
2020-02-08,邵阳,5℃,100%,45
2020-02-08,衡阳,5℃,93%,54
2020-02-08,达州,8℃,99%,53
2020-02-08,梅州,13℃,79%,11
2020-02-08,湛江,19℃,91%,48
2020-02-08,佛山,15℃,78%,11
2020-02-08,南宁,11℃,100%,12
2020-02-08,揭阳,14℃,98%,33
2020-02-08,周口,4℃,75%,48
2020-02-08,东莞,16℃,79%,12
2020-02-08,苏州,6℃,79%,39
2020-02-08,沈阳,-13℃,75%,62
2020-02-08,昆明,8℃,70%,50
2020-02-08,贵阳,3℃,99%,21
2020-02-08,南京,5℃,100%,45
2020-02-08,长春,-16℃,69%,70
2020-02-08,哈尔滨,-21℃,82%,143
2020-02-08,厦门,12℃,86%,26
2020-02-08,惠州,15℃,82%,11
2020-02-09,武汉,3℃,97%,43
2020-02-09,黄冈,5℃,98%,51
2020-02-09,孝感,2℃,99%,29
2020-02-09,襄阳,5℃,85%,85
2020-02-09,随州,2℃,93%,57
2020-02-09,宜昌,5℃,96%,84
2020-02-09,荆州,5℃,89%,36
2020-02-09,荆门,4℃,87%,74
2020-02-09,鄂州,5℃,93%,58
2020-02-09,温州,9℃,58%,25
2020-02-09,黄石,4℃,92%,50
2020-02-09,咸宁,4℃,99%,54
2020-02-09,十堰,3℃,94%,40
2020-02-09,深圳,15℃,69%,15
2020-02-09,广州,13℃,68%,22
2020-02-09,仙桃,4℃,92%,-1
2020-02-09,长沙,6℃,80%,62
2020-02-09,杭州,6℃,81%,52
2020-02-09,恩施,8℃,90%,72
2020-02-09,台州,5℃,85%,42
2020-02-09,天门,3℃,99%,-1
2020-02-09,南昌,7℃,72%,32
2020-02-09,信阳,4℃,91%,64
2020-02-09,南阳,3℃,89%,144
2020-02-09,成都,7℃,96%,83
2020-02-09,宁波,5℃,88%,45
2020-02-09,郑州,1℃,99%,120
2020-02-09,合肥,0℃,99%,40
2020-02-09,阜阳,0℃,94%,128
2020-02-09,九江,6℃,89%,38
2020-02-09,岳阳,5℃,86%,59
2020-02-09,南充,8℃,97%,80
2020-02-09,盐城,0℃,95%,142
2020-02-09,茂名,16℃,83%,55
2020-02-09,西安,3℃,85%,110
2020-02-09,邵阳,5℃,100%,59
2020-02-09,衡阳,6℃,87%,104
2020-02-09,达州,8℃,98%,75
2020-02-09,梅州,11℃,72%,20
2020-02-09,湛江,15℃,86%,75
2020-02-09,佛山,13℃,74%,16
2020-02-09,南宁,10℃,100%,12
2020-02-09,揭阳,14℃,75%,29
2020-02-09,周口,4℃,79%,137
2020-02-09,东莞,13℃,75%,29
2020-02-09,苏州,5℃,76%,62
2020-02-09,沈阳,-13℃,83%,120
2020-02-09,昆明,9℃,87%,92
2020-02-09,贵阳,3℃,98%,29
2020-02-09,南京,5℃,84%,53
2020-02-09,长春,-13℃,57%,149
2020-02-09,哈尔滨,-13℃,51%,144
2020-02-09,厦门,11℃,66%,26
2020-02-09,惠州,13℃,74%,19
2020-02-10,武汉,4℃,97%,54
2020-02-10,黄冈,5℃,98%,65
2020-02-10,孝感,6℃,99%,52
2020-02-10,襄阳,10℃,61%,89
2020-02-10,随州,4℃,87%,72
2020-02-10,宜昌,9℃,72%,108
2020-02-10,荆州,9℃,78%,53
2020-02-10,荆门,8℃,70%,70
2020-02-10,鄂州,6℃,87%,67
2020-02-10,温州,6℃,86%,55
2020-02-10,黄石,4℃,94%,69
2020-02-10,咸宁,5℃,96%,54
2020-02-10,十堰,6℃,72%,43
2020-02-10,深圳,14℃,70%,32
2020-02-10,广州,14℃,66%,33
2020-02-10,仙桃,7℃,86%,-1
2020-02-10,长沙,7℃,82%,50
2020-02-10,杭州,5℃,88%,49
2020-02-10,恩施,9℃,69%,107
2020-02-10,台州,4℃,93%,74
2020-02-10,天门,7℃,81%,-1
2020-02-10,南昌,6℃,90%,40
2020-02-10,信阳,9℃,67%,54
2020-02-10,南阳,5℃,78%,79
2020-02-10,成都,9℃,85%,43
2020-02-10,宁波,3℃,96%,63
2020-02-10,郑州,2℃,61%,36
2020-02-10,合肥,1℃,98%,55
2020-02-10,阜阳,6℃,71%,100
2020-02-10,九江,4℃,87%,42
2020-02-10,岳阳,9℃,72%,69
2020-02-10,南充,10℃,75%,100
2020-02-10,盐城,5℃,79%,85
2020-02-10,茂名,15℃,79%,55
2020-02-10,西安,2℃,82%,122
2020-02-10,邵阳,7℃,86%,42
2020-02-10,衡阳,6℃,91%,50
2020-02-10,达州,10℃,82%,99
2020-02-10,梅州,9℃,92%,33
2020-02-10,湛江,14℃,79%,58
2020-02-10,佛山,13℃,72%,26
2020-02-10,南宁,10℃,90%,18
2020-02-10,揭阳,13℃,79%,30
2020-02-10,周口,7℃,68%,72
2020-02-10,东莞,14℃,71%,26
2020-02-10,苏州,4℃,88%,70
2020-02-10,沈阳,-3℃,96%,263
2020-02-10,昆明,10℃,90%,36
2020-02-10,贵阳,6℃,80%,48
2020-02-10,南京,2℃,100%,49
2020-02-10,长春,-13℃,87%,52
2020-02-10,哈尔滨,-12℃,77%,108
2020-02-10,厦门,10℃,72%,36
2020-02-10,惠州,14℃,72%,26
2020-02-11,武汉,8℃,89%,70
2020-02-11,黄冈,8℃,97%,56
2020-02-11,孝感,8℃,99%,52
2020-02-11,襄阳,7℃,90%,52
2020-02-11,随州,7℃,86%,43
2020-02-11,宜昌,8℃,97%,88
2020-02-11,荆州,9℃,91%,48
2020-02-11,荆门,7℃,93%,65
2020-02-11,鄂州,8℃,92%,70
2020-02-11,温州,11℃,71%,58
2020-02-11,黄石,8℃,96%,46
2020-02-11,咸宁,7℃,99%,36
2020-02-11,十堰,5℃,92%,57
2020-02-11,深圳,16℃,70%,50
2020-02-11,广州,14℃,75%,59
2020-02-11,仙桃,8℃,95%,-1
2020-02-11,长沙,8℃,95%,85
2020-02-11,杭州,9℃,95%,40
2020-02-11,恩施,9℃,77%,54
2020-02-11,台州,10℃,76%,64
2020-02-11,天门,8℃,92%,-1
2020-02-11,南昌,8℃,96%,50
2020-02-11,信阳,9℃,75%,49
2020-02-11,南阳,6℃,79%,70
2020-02-11,成都,9℃,90%,52
2020-02-11,宁波,9℃,80%,52
2020-02-11,郑州,8℃,69%,67
2020-02-11,合肥,9℃,80%,24
2020-02-11,阜阳,10℃,68%,78
2020-02-11,九江,7℃,97%,42
2020-02-11,岳阳,8℃,91%,39
2020-02-11,南充,10℃,88%,100
2020-02-11,盐城,7℃,70%,92
2020-02-11,茂名,14℃,88%,63
2020-02-11,西安,4℃,75%,147
2020-02-11,邵阳,8℃,100%,58
2020-02-11,衡阳,10℃,81%,49
2020-02-11,达州,10℃,89%,109
2020-02-11,梅州,16℃,69%,43
2020-02-11,湛江,17℃,84%,36
2020-02-11,佛山,14℃,79%,46
2020-02-11,南宁,14℃,95%,62
2020-02-11,揭阳,15℃,70%,50
2020-02-11,周口,10℃,61%,79
2020-02-11,东莞,15℃,76%,70
2020-02-11,苏州,10℃,60%,52
2020-02-11,沈阳,-4℃,86%,180
2020-02-11,昆明,8℃,84%,36
2020-02-11,贵阳,6℃,100%,18
2020-02-11,南京,8℃,89%,43
2020-02-11,长春,-2℃,58%,108
2020-02-11,哈尔滨,-17℃,84%,127
2020-02-11,厦门,14℃,66%,39
2020-02-11,惠州,16℃,77%,49
2020-02-12,武汉,9℃,94%,46
2020-02-12,黄冈,8℃,99%,34
2020-02-12,孝感,9℃,99%,43
2020-02-12,襄阳,7℃,97%,73
2020-02-12,随州,4℃,96%,53
2020-02-12,宜昌,10℃,92%,114
2020-02-12,荆州,10℃,93%,45
2020-02-12,荆门,9℃,90%,83
2020-02-12,鄂州,8℃,96%,45
2020-02-12,温州,13℃,91%,55
2020-02-12,黄石,7℃,98%,29
2020-02-12,咸宁,9℃,99%,23
2020-02-12,十堰,7℃,99%,75
2020-02-12,深圳,17℃,99%,47
2020-02-12,广州,15℃,97%,62
2020-02-12,仙桃,10℃,95%,-1
2020-02-12,长沙,10℃,96%,32
2020-02-12,杭州,10℃,97%,36
2020-02-12,恩施,8℃,83%,87
2020-02-12,台州,12℃,97%,67
2020-02-12,天门,10℃,99%,-1
2020-02-12,南昌,10℃,99%,45
2020-02-12,信阳,8℃,87%,50
2020-02-12,南阳,3℃,99%,113
2020-02-12,成都,8℃,96%,115
2020-02-12,宁波,11℃,100%,20
2020-02-12,郑州,4℃,99%,72
2020-02-12,合肥,4℃,99%,29
2020-02-12,阜阳,8℃,83%,95
2020-02-12,九江,9℃,97%,45
2020-02-12,岳阳,10℃,100%,38
2020-02-12,南充,10℃,86%,89
2020-02-12,盐城,8℃,97%,67
2020-02-12,茂名,19℃,89%,43
2020-02-12,西安,4℃,80%,200
2020-02-12,邵阳,9℃,100%,40
2020-02-12,衡阳,10℃,96%,60
2020-02-12,达州,8℃,97%,108
2020-02-12,梅州,16℃,94%,69
2020-02-12,湛江,19℃,98%,54
2020-02-12,佛山,15℃,95%,64
2020-02-12,南宁,17℃,100%,69
2020-02-12,揭阳,16℃,98%,62
2020-02-12,周口,9℃,73%,92
2020-02-12,东莞,17℃,98%,84
2020-02-12,苏州,10℃,97%,58
2020-02-12,沈阳,4℃,73%,78
2020-02-12,昆明,6℃,77%,33
2020-02-12,贵阳,8℃,100%,50
2020-02-12,南京,8℃,100%,33
2020-02-12,长春,5℃,64%,77
2020-02-12,哈尔滨,4℃,71%,113
2020-02-12,厦门,16℃,77%,53
2020-02-12,惠州,18℃,97%,54
2020-02-13,武汉,4℃,97%,49
2020-02-13,黄冈,8℃,99%,60
2020-02-13,孝感,6℃,99%,43
2020-02-13,襄阳,9℃,92%,84
2020-02-13,随州,6℃,96%,36
2020-02-13,宜昌,10℃,99%,80
2020-02-13,荆州,10℃,97%,32
2020-02-13,荆门,9℃,94%,69
2020-02-13,鄂州,12℃,91%,54
2020-02-13,温州,14℃,99%,54
2020-02-13,黄石,10℃,96%,32
2020-02-13,咸宁,10℃,98%,26
2020-02-13,十堰,9℃,95%,77
2020-02-13,深圳,19℃,98%,43
2020-02-13,广州,16℃,98%,44
2020-02-13,仙桃,6℃,99%,-1
2020-02-13,长沙,11℃,96%,77
2020-02-13,杭州,12℃,94%,42
2020-02-13,恩施,9℃,84%,114
2020-02-13,台州,12℃,96%,52
2020-02-13,天门,6℃,99%,-1
2020-02-13,南昌,13℃,94%,22
2020-02-13,信阳,11℃,84%,52
2020-02-13,南阳,7℃,99%,102
2020-02-13,成都,11℃,83%,109
2020-02-13,宁波,12℃,100%,36
2020-02-13,郑州,6℃,99%,80
2020-02-13,合肥,10℃,92%,28
2020-02-13,阜阳,9℃,89%,78
2020-02-13,九江,10℃,96%,22
2020-02-13,岳阳,10℃,100%,45
2020-02-13,南充,10℃,72%,89
2020-02-13,盐城,5℃,97%,63
2020-02-13,茂名,19℃,93%,59
2020-02-13,西安,5℃,84%,182
2020-02-13,邵阳,13℃,100%,45
2020-02-13,衡阳,14℃,93%,53
2020-02-13,达州,8℃,93%,119
2020-02-13,梅州,18℃,98%,49
2020-02-13,湛江,19℃,99%,23
2020-02-13,佛山,18℃,95%,53
2020-02-13,南宁,19℃,100%,37
2020-02-13,揭阳,18℃,99%,78
2020-02-13,周口,10℃,82%,87
2020-02-13,东莞,18℃,98%,67
2020-02-13,苏州,8℃,94%,62
2020-02-13,沈阳,-1℃,97%,72
2020-02-13,昆明,7℃,64%,32
2020-02-13,贵阳,11℃,93%,58
2020-02-13,南京,7℃,100%,62
2020-02-13,长春,3℃,99%,98
2020-02-13,哈尔滨,0℃,93%,140
2020-02-13,厦门,16℃,99%,45
2020-02-13,惠州,19℃,96%,53
2020-02-14,武汉,14℃,90%,33
2020-02-14,黄冈,14℃,96%,28
2020-02-14,孝感,14℃,99%,45
2020-02-14,襄阳,10℃,95%,74
2020-02-14,随州,13℃,93%,55
2020-02-14,宜昌,12℃,99%,112
2020-02-14,荆州,12℃,99%,62
2020-02-14,荆门,13℃,94%,83
2020-02-14,鄂州,15℃,89%,27
2020-02-14,温州,14℃,99%,25
2020-02-14,黄石,14℃,94%,24
2020-02-14,咸宁,14℃,94%,28
2020-02-14,十堰,10℃,95%,79
2020-02-14,深圳,19℃,92%,13
2020-02-14,广州,19℃,94%,21
2020-02-14,仙桃,13℃,96%,-1
2020-02-14,长沙,17℃,84%,38
2020-02-14,杭州,13℃,98%,30
2020-02-14,恩施,11℃,92%,155
2020-02-14,台州,14℃,98%,26
2020-02-14,天门,12℃,99%,-1
2020-02-14,南昌,13℃,99%,45
2020-02-14,信阳,14℃,89%,49
2020-02-14,南阳,8℃,99%,95
2020-02-14,成都,13℃,77%,100
2020-02-14,宁波,12℃,100%,14
2020-02-14,郑州,10℃,99%,54
2020-02-14,合肥,12℃,98%,25
2020-02-14,阜阳,13℃,89%,185
2020-02-14,九江,13℃,95%,32
2020-02-14,岳阳,18℃,77%,39
2020-02-14,南充,11℃,75%,99
2020-02-14,盐城,11℃,92%,70
2020-02-14,茂名,21℃,88%,21
2020-02-14,西安,11℃,35%,140
2020-02-14,邵阳,16℃,100%,54
2020-02-14,衡阳,19℃,78%,35
2020-02-14,达州,10℃,91%,195
2020-02-14,梅州,15℃,98%,25
2020-02-14,湛江,20℃,99%,21
2020-02-14,佛山,20℃,85%,18
2020-02-14,南宁,19℃,100%,38
2020-02-14,揭阳,18℃,100%,65
2020-02-14,周口,15℃,87%,35
2020-02-14,东莞,19℃,92%,23
2020-02-14,苏州,13℃,96%,50
2020-02-14,沈阳,-2℃,87%,68
2020-02-14,昆明,5℃,86%,38
2020-02-14,贵阳,14℃,75%,59
2020-02-14,南京,13℃,100%,45
2020-02-14,长春,-7℃,93%,23
2020-02-14,哈尔滨,-12℃,73%,22
2020-02-14,厦门,16℃,99%,32
2020-02-14,惠州,19℃,97%,12
2020-02-15,武汉,8℃,92%,73
2020-02-15,黄冈,8℃,98%,43
2020-02-15,孝感,7℃,96%,112
2020-02-15,襄阳,4℃,90%,67
2020-02-15,随州,5℃,76%,79
2020-02-15,宜昌,10℃,60%,67
2020-02-15,荆州,8℃,64%,69
2020-02-15,荆门,6℃,77%,81
2020-02-15,鄂州,9℃,92%,46
2020-02-15,温州,14℃,100%,15
2020-02-15,黄石,10℃,91%,38
2020-02-15,咸宁,9℃,97%,43
2020-02-15,十堰,5℃,53%,69
2020-02-15,深圳,20℃,99%,20
2020-02-15,广州,20℃,98%,22
2020-02-15,仙桃,7℃,84%,-1
2020-02-15,长沙,12℃,86%,46
2020-02-15,杭州,14℃,98%,20
2020-02-15,恩施,14℃,69%,117
2020-02-15,台州,14℃,98%,16
2020-02-15,天门,7℃,74%,-1
2020-02-15,南昌,16℃,97%,26
2020-02-15,信阳,4℃,92%,122
2020-02-15,南阳,4℃,72%,68
2020-02-15,成都,11℃,25%,58
2020-02-15,宁波,14℃,100%,23
2020-02-15,郑州,3℃,94%,45
2020-02-15,合肥,7℃,99%,54
2020-02-15,阜阳,5℃,85%,39
2020-02-15,九江,14℃,97%,30
2020-02-15,岳阳,9℃,100%,67
2020-02-15,南充,11℃,33%,77
2020-02-15,盐城,11℃,96%,26
2020-02-15,茂名,23℃,92%,25
2020-02-15,西安,4℃,27%,102
2020-02-15,邵阳,17℃,84%,46
2020-02-15,衡阳,18℃,83%,26
2020-02-15,达州,7℃,89%,58
2020-02-15,梅州,18℃,97%,15
2020-02-15,湛江,21℃,99%,29
2020-02-15,佛山,21℃,93%,20
2020-02-15,南宁,20℃,100%,34
2020-02-15,揭阳,19℃,100%,63
2020-02-15,周口,1℃,92%,30
2020-02-15,东莞,20℃,94%,29
2020-02-15,苏州,13℃,97%,30
2020-02-15,沈阳,-7℃,83%,51
2020-02-15,昆明,12℃,46%,39
2020-02-15,贵阳,15℃,75%,79
2020-02-15,南京,14℃,100%,20
2020-02-15,长春,-11℃,48%,25
2020-02-15,哈尔滨,-17℃,72%,68
2020-02-15,厦门,16℃,99%,32
2020-02-15,惠州,21℃,96%,22
2020-02-16,武汉,0℃,95%,25
2020-02-16,黄冈,1℃,90%,34
2020-02-16,孝感,0℃,99%,22
2020-02-16,襄阳,3℃,45%,22
2020-02-16,随州,-2℃,97%,31
2020-02-16,宜昌,1℃,99%,15
2020-02-16,荆州,0℃,99%,23
2020-02-16,荆门,0℃,96%,29
2020-02-16,鄂州,2℃,78%,28
2020-02-16,温州,8℃,92%,8
2020-02-16,黄石,1℃,91%,26
2020-02-16,咸宁,0℃,98%,19
2020-02-16,十堰,2℃,39%,38
2020-02-16,深圳,17℃,98%,18
2020-02-16,广州,11℃,95%,12
2020-02-16,仙桃,0℃,92%,-1
2020-02-16,长沙,2℃,69%,22
2020-02-16,杭州,1℃,89%,16
2020-02-16,恩施,5℃,92%,18
2020-02-16,台州,5℃,79%,11
2020-02-16,天门,0℃,99%,-1
2020-02-16,南昌,2℃,86%,16
2020-02-16,信阳,0℃,91%,45
2020-02-16,南阳,1℃,28%,22
2020-02-16,成都,4℃,57%,74
2020-02-16,宁波,3℃,96%,15
2020-02-16,郑州,2℃,20%,23
2020-02-16,合肥,-2℃,98%,23
2020-02-16,阜阳,-2℃,98%,67
2020-02-16,九江,0℃,96%,17
2020-02-16,岳阳,1℃,69%,21
2020-02-16,南充,4℃,78%,69
2020-02-16,盐城,-1℃,84%,33
2020-02-16,茂名,15℃,87%,30
2020-02-16,西安,0℃,41%,41
2020-02-16,邵阳,2℃,58%,22
2020-02-16,衡阳,3℃,66%,20
2020-02-16,达州,5℃,76%,38
2020-02-16,梅州,11℃,88%,15
2020-02-16,湛江,18℃,82%,23
2020-02-16,佛山,9℃,83%,13
2020-02-16,南宁,12℃,69%,16
2020-02-16,揭阳,16℃,97%,21
2020-02-16,周口,0℃,48%,26
2020-02-16,东莞,12℃,94%,13
2020-02-16,苏州,0℃,95%,29
2020-02-16,沈阳,-7℃,82%,72
2020-02-16,昆明,7℃,68%,67
2020-02-16,贵阳,0℃,90%,18
2020-02-16,南京,0℃,94%,26
2020-02-16,长春,-10℃,52%,41
2020-02-16,哈尔滨,-12℃,48%,89
2020-02-16,厦门,17℃,99%,19
2020-02-16,惠州,17℃,96%,20
2020-02-17,武汉,-1℃,95%,27
2020-02-17,黄冈,1℃,80%,46
2020-02-17,孝感,-1℃,99%,26
2020-02-17,襄阳,4℃,54%,43
2020-02-17,随州,-2℃,93%,42
2020-02-17,宜昌,4℃,64%,36
2020-02-17,荆州,2℃,92%,33
2020-02-17,荆门,3℃,62%,29
2020-02-17,鄂州,2℃,78%,42
2020-02-17,温州,4℃,60%,22
2020-02-17,黄石,0℃,82%,35
2020-02-17,咸宁,-1℃,94%,29
2020-02-17,十堰,2℃,54%,23
2020-02-17,深圳,10℃,64%,15
2020-02-17,广州,8℃,64%,14
2020-02-17,仙桃,0℃,92%,-1
2020-02-17,长沙,1℃,81%,27
2020-02-17,杭州,2℃,53%,37
2020-02-17,恩施,5℃,82%,42
2020-02-17,台州,4℃,52%,28
2020-02-17,天门,1℃,92%,-1
2020-02-17,南昌,4℃,49%,26
2020-02-17,信阳,1℃,77%,47
2020-02-17,南阳,2℃,43%,54
2020-02-17,成都,7℃,60%,57
2020-02-17,宁波,3℃,52%,42
2020-02-17,郑州,4℃,27%,30
2020-02-17,合肥,-2℃,93%,38
2020-02-17,阜阳,0℃,76%,51
2020-02-17,九江,0℃,78%,29
2020-02-17,岳阳,4℃,60%,43
2020-02-17,南充,5℃,49%,70
2020-02-17,盐城,-1℃,74%,28
2020-02-17,茂名,11℃,72%,19
2020-02-17,西安,0℃,45%,49
2020-02-17,邵阳,3℃,62%,23
2020-02-17,衡阳,5℃,52%,26
2020-02-17,达州,5℃,74%,64
2020-02-17,梅州,7℃,49%,21
2020-02-17,湛江,11℃,66%,18
2020-02-17,佛山,8℃,72%,15
2020-02-17,南宁,11℃,48%,23
2020-02-17,揭阳,9℃,65%,17
2020-02-17,周口,2℃,45%,46
2020-02-17,东莞,9℃,63%,18
2020-02-17,苏州,1℃,54%,35
2020-02-17,沈阳,-10℃,50%,54
2020-02-17,昆明,6℃,81%,79
2020-02-17,贵阳,1℃,85%,31
2020-02-17,南京,1℃,48%,25
2020-02-17,长春,-15℃,72%,20
2020-02-17,哈尔滨,-17℃,60%,42
2020-02-17,厦门,9℃,72%,19
2020-02-17,惠州,8℃,66%,18
2020-02-18,武汉,0℃,91%,27
2020-02-18,黄冈,4℃,80%,53
2020-02-18,孝感,1℃,91%,25
2020-02-18,襄阳,9℃,36%,40
2020-02-18,随州,1℃,85%,39
2020-02-18,宜昌,5℃,52%,49
2020-02-18,荆州,4℃,78%,40
2020-02-18,荆门,6℃,46%,42
2020-02-18,鄂州,4℃,67%,48
2020-02-18,温州,5℃,59%,24
2020-02-18,黄石,2℃,73%,39
2020-02-18,咸宁,0℃,89%,38
2020-02-18,十堰,3℃,54%,23
2020-02-18,深圳,12℃,37%,22
2020-02-18,广州,9℃,51%,21
2020-02-18,仙桃,2℃,94%,-1
2020-02-18,长沙,2℃,81%,30
2020-02-18,杭州,4℃,44%,32
2020-02-18,恩施,8℃,67%,51
2020-02-18,台州,3℃,60%,28
2020-02-18,天门,6℃,59%,-1
2020-02-18,南昌,4℃,75%,30
2020-02-18,信阳,3℃,75%,41
2020-02-18,南阳,1℃,54%,64
2020-02-18,成都,6℃,74%,67
2020-02-18,宁波,4℃,49%,28
2020-02-18,郑州,2℃,47%,37
2020-02-18,合肥,-2℃,95%,33
2020-02-18,阜阳,0℃,91%,62
2020-02-18,九江,3℃,70%,33
2020-02-18,岳阳,6℃,55%,44
2020-02-18,南充,8℃,44%,64
2020-02-18,盐城,1℃,52%,35
2020-02-18,茂名,13℃,75%,23
2020-02-18,西安,3℃,46%,48
2020-02-18,邵阳,6℃,51%,38
2020-02-18,衡阳,7℃,50%,37
2020-02-18,达州,7℃,64%,99
2020-02-18,梅州,6℃,62%,20
2020-02-18,湛江,14℃,57%,52
2020-02-18,佛山,11℃,49%,22
2020-02-18,南宁,13℃,40%,59
2020-02-18,揭阳,8℃,83%,34
2020-02-18,周口,5℃,37%,79
2020-02-18,东莞,11℃,48%,22
2020-02-18,苏州,2℃,64%,22
2020-02-18,沈阳,-16℃,78%,68
2020-02-18,昆明,5℃,78%,62
2020-02-18,贵阳,3℃,81%,46
2020-02-18,南京,0℃,65%,25
2020-02-18,长春,-13℃,67%,62
2020-02-18,哈尔滨,-15℃,72%,88
2020-02-18,厦门,7℃,65%,29
2020-02-18,惠州,11℃,42%,23
2020-02-19,武汉,8℃,54%,39
2020-02-19,黄冈,8℃,55%,45
2020-02-19,孝感,8℃,60%,43
2020-02-19,襄阳,9℃,43%,45
2020-02-19,随州,7℃,53%,32
2020-02-19,宜昌,8℃,55%,89
2020-02-19,荆州,8℃,72%,36
2020-02-19,荆门,8℃,50%,67
2020-02-19,鄂州,10℃,44%,40
2020-02-19,温州,4℃,79%,36
2020-02-19,黄石,9℃,56%,31
2020-02-19,咸宁,8℃,62%,40
2020-02-19,十堰,6℃,59%,33
2020-02-19,深圳,12℃,69%,27
2020-02-19,广州,12℃,63%,51
2020-02-19,仙桃,8℃,72%,-1
2020-02-19,长沙,8℃,69%,53
2020-02-19,杭州,4℃,56%,43
2020-02-19,恩施,7℃,81%,102
2020-02-19,台州,3℃,75%,48
2020-02-19,天门,8℃,70%,-1
2020-02-19,南昌,8℃,58%,43
2020-02-19,信阳,9℃,38%,39
2020-02-19,南阳,6℃,54%,46
2020-02-19,成都,7℃,83%,62
2020-02-19,宁波,1℃,79%,32
2020-02-19,郑州,4℃,54%,35
2020-02-19,合肥,4℃,67%,45
2020-02-19,阜阳,5℃,62%,49
2020-02-19,九江,7℃,58%,45
2020-02-19,岳阳,10℃,52%,49
2020-02-19,南充,7℃,87%,105
2020-02-19,盐城,1℃,81%,29
2020-02-19,茂名,11℃,85%,37
2020-02-19,西安,2℃,54%,89
2020-02-19,邵阳,8℃,64%,80
2020-02-19,衡阳,10℃,63%,65
2020-02-19,达州,7℃,76%,168
2020-02-19,梅州,7℃,70%,38
2020-02-19,湛江,16℃,73%,31
2020-02-19,佛山,10℃,73%,32
2020-02-19,南宁,14℃,52%,100
2020-02-19,揭阳,8℃,87%,38
2020-02-19,周口,7℃,46%,52
2020-02-19,东莞,10℃,65%,43
2020-02-19,苏州,4℃,69%,49
2020-02-19,沈阳,-7℃,84%,99
2020-02-19,昆明,9℃,80%,79
2020-02-19,贵阳,8℃,58%,41
2020-02-19,南京,3℃,55%,35
2020-02-19,长春,-5℃,64%,74
2020-02-19,哈尔滨,-11℃,89%,67
2020-02-19,厦门,8℃,40%,32
2020-02-19,惠州,11℃,74%,33
2020-02-20,武汉,2℃,95%,54
2020-02-20,黄冈,5℃,78%,88
2020-02-20,孝感,2℃,99%,65
2020-02-20,襄阳,10℃,58%,64
2020-02-20,随州,4℃,80%,59
2020-02-20,宜昌,9℃,67%,105
2020-02-20,荆州,7℃,78%,58
2020-02-20,荆门,7℃,71%,89
2020-02-20,鄂州,5℃,83%,85
2020-02-20,温州,9℃,73%,24
2020-02-20,黄石,4℃,85%,74
2020-02-20,咸宁,4℃,87%,52
2020-02-20,十堰,7℃,68%,46
2020-02-20,深圳,15℃,56%,24
2020-02-20,广州,15℃,77%,57
2020-02-20,仙桃,4℃,97%,-1
2020-02-20,长沙,4℃,92%,92
2020-02-20,杭州,8℃,67%,52
2020-02-20,恩施,7℃,82%,90
2020-02-20,台州,9℃,80%,25
2020-02-20,天门,4℃,97%,-1
2020-02-20,南昌,6℃,85%,69
2020-02-20,信阳,9℃,55%,64
2020-02-20,南阳,5℃,71%,108
2020-02-20,成都,8℃,73%,65
2020-02-20,宁波,8℃,75%,26
2020-02-20,郑州,2℃,86%,67
2020-02-20,合肥,2℃,94%,60
2020-02-20,阜阳,7℃,66%,127
2020-02-20,九江,7℃,76%,62
2020-02-20,岳阳,8℃,65%,69
2020-02-20,南充,8℃,74%,90
2020-02-20,盐城,5℃,89%,28
2020-02-20,茂名,16℃,88%,40
2020-02-20,西安,8℃,45%,117
2020-02-20,邵阳,6℃,83%,99
2020-02-20,衡阳,8℃,81%,94
2020-02-20,达州,6℃,83%,117
2020-02-20,梅州,13℃,72%,59
2020-02-20,湛江,17℃,93%,33
2020-02-20,佛山,16℃,80%,58
2020-02-20,南宁,14℃,71%,139
2020-02-20,揭阳,12℃,80%,42
2020-02-20,周口,9℃,51%,77
2020-02-20,东莞,16℃,66%,57
2020-02-20,苏州,8℃,68%,25
2020-02-20,沈阳,-7℃,81%,223
2020-02-20,昆明,6℃,89%,57
2020-02-20,贵阳,8℃,73%,100
2020-02-20,南京,6℃,71%,52
2020-02-20,长春,-9℃,93%,64
2020-02-20,哈尔滨,-11℃,89%,89
2020-02-20,厦门,11℃,89%,31
2020-02-20,惠州,16℃,63%,28
2020-02-21,武汉,10℃,69%,35
2020-02-21,黄冈,9℃,63%,50
2020-02-21,孝感,10℃,70%,53
2020-02-21,襄阳,11℃,67%,102
2020-02-21,随州,9℃,61%,59
2020-02-21,宜昌,8℃,89%,94
2020-02-21,荆州,11℃,82%,58
2020-02-21,荆门,11℃,60%,49
2020-02-21,鄂州,12℃,56%,48
2020-02-21,温州,9℃,85%,20
2020-02-21,黄石,10℃,62%,32
2020-02-21,咸宁,11℃,57%,51
2020-02-21,十堰,9℃,74%,82
2020-02-21,深圳,16℃,73%,32
2020-02-21,广州,15℃,86%,49
2020-02-21,仙桃,12℃,67%,-1
2020-02-21,长沙,13℃,71%,83
2020-02-21,杭州,8℃,91%,25
2020-02-21,恩施,8℃,91%,160
2020-02-21,台州,8℃,88%,27
2020-02-21,天门,10℃,88%,-1
2020-02-21,南昌,11℃,60%,57
2020-02-21,信阳,11℃,56%,57
2020-02-21,南阳,10℃,47%,108
2020-02-21,成都,7℃,84%,58
2020-02-21,宁波,7℃,83%,22
2020-02-21,郑州,9℃,57%,92
2020-02-21,合肥,9℃,60%,36
2020-02-21,阜阳,8℃,73%,105
2020-02-21,九江,7℃,83%,54
2020-02-21,岳阳,12℃,79%,55
2020-02-21,南充,8℃,100%,98
2020-02-21,盐城,5℃,86%,24
2020-02-21,茂名,16℃,84%,40
2020-02-21,西安,4℃,73%,91
2020-02-21,邵阳,13℃,73%,105
2020-02-21,衡阳,14℃,65%,108
2020-02-21,达州,8℃,88%,242
2020-02-21,梅州,12℃,84%,62
2020-02-21,湛江,17℃,94%,36
2020-02-21,佛山,17℃,73%,42
2020-02-21,南宁,18℃,87%,115
2020-02-21,揭阳,13℃,93%,25
2020-02-21,周口,9℃,74%,158
2020-02-21,东莞,15℃,73%,32
2020-02-21,苏州,8℃,73%,22
2020-02-21,沈阳,0℃,79%,112
2020-02-21,昆明,6℃,91%,68
2020-02-21,贵阳,5℃,98%,65
2020-02-21,南京,8℃,73%,57
2020-02-21,长春,-1℃,48%,64
2020-02-21,哈尔滨,-7℃,67%,130
2020-02-21,厦门,14℃,62%,27
2020-02-21,惠州,15℃,76%,31
2020-02-22,武汉,6℃,94%,63
2020-02-22,黄冈,7℃,98%,75
2020-02-22,孝感,9℃,98%,59
2020-02-22,襄阳,10℃,62%,72
2020-02-22,随州,4℃,90%,80
2020-02-22,宜昌,8℃,88%,69
2020-02-22,荆州,8℃,90%,62
2020-02-22,荆门,10℃,75%,94
2020-02-22,鄂州,9℃,89%,67
2020-02-22,温州,13℃,70%,27
2020-02-22,黄石,6℃,93%,69
2020-02-22,咸宁,6℃,99%,63
2020-02-22,十堰,7℃,65%,56
2020-02-22,深圳,17℃,76%,37
2020-02-22,广州,15℃,89%,55
2020-02-22,仙桃,9℃,91%,-1
2020-02-22,长沙,8℃,96%,85
2020-02-22,杭州,10℃,77%,37
2020-02-22,恩施,9℃,90%,95
2020-02-22,台州,13℃,92%,28
2020-02-22,天门,10℃,92%,-1
2020-02-22,南昌,9℃,98%,59
2020-02-22,信阳,9℃,71%,74
2020-02-22,南阳,6℃,58%,87
2020-02-22,成都,9℃,85%,66
2020-02-22,宁波,11℃,71%,52
2020-02-22,郑州,4℃,51%,76
2020-02-22,合肥,4℃,91%,74
2020-02-22,阜阳,5℃,72%,107
2020-02-22,九江,8℃,94%,62
2020-02-22,岳阳,9℃,95%,68
2020-02-22,南充,7℃,100%,87
2020-02-22,盐城,4℃,96%,120
2020-02-22,茂名,16℃,92%,40
2020-02-22,西安,5℃,49%,77
2020-02-22,邵阳,9℃,100%,55
2020-02-22,衡阳,10℃,87%,57
2020-02-22,达州,8℃,99%,114
2020-02-22,梅州,13℃,85%,59
2020-02-22,湛江,16℃,99%,31
2020-02-22,佛山,17℃,85%,51
2020-02-22,南宁,16℃,89%,142
2020-02-22,揭阳,14℃,91%,35
2020-02-22,周口,7℃,53%,89
2020-02-22,东莞,17℃,75%,64
2020-02-22,苏州,8℃,84%,77
2020-02-22,沈阳,0℃,89%,140
2020-02-22,昆明,12℃,79%,79
2020-02-22,贵阳,6℃,87%,72
2020-02-22,南京,6℃,99%,78
2020-02-22,长春,-2℃,84%,87
2020-02-22,哈尔滨,-6℃,92%,64
2020-02-22,厦门,14℃,68%,25
2020-02-22,惠州,17℃,85%,42
2020-02-23,武汉,13℃,57%,63
2020-02-23,黄冈,11℃,71%,69
2020-02-23,孝感,13℃,65%,82
2020-02-23,襄阳,12℃,67%,92
2020-02-23,随州,11℃,66%,64
2020-02-23,宜昌,12℃,72%,105
2020-02-23,荆州,12℃,74%,72
2020-02-23,荆门,12℃,72%,93
2020-02-23,鄂州,13℃,56%,66
2020-02-23,温州,12℃,68%,71
2020-02-23,黄石,10℃,65%,62
2020-02-23,咸宁,14℃,32%,61
2020-02-23,十堰,8℃,75%,57
2020-02-23,深圳,17℃,81%,30
2020-02-23,广州,18℃,82%,79
2020-02-23,仙桃,13℃,77%,-1
2020-02-23,长沙,11℃,91%,70
2020-02-23,杭州,9℃,62%,84
2020-02-23,恩施,9℃,88%,89
2020-02-23,台州,9℃,84%,93
2020-02-23,天门,13℃,83%,-1
2020-02-23,南昌,11℃,68%,68
2020-02-23,信阳,11℃,50%,78
2020-02-23,南阳,8℃,54%,87
2020-02-23,成都,9℃,89%,108
2020-02-23,宁波,8℃,79%,134
2020-02-23,郑州,5℃,51%,74
2020-02-23,合肥,5℃,72%,80
2020-02-23,阜阳,9℃,42%,102
2020-02-23,九江,12℃,49%,70
2020-02-23,岳阳,12℃,88%,68
2020-02-23,南充,11℃,68%,78
2020-02-23,盐城,3℃,76%,62
2020-02-23,茂名,16℃,89%,61
2020-02-23,西安,4℃,57%,97
2020-02-23,邵阳,12℃,82%,80
2020-02-23,衡阳,13℃,78%,67
2020-02-23,达州,11℃,86%,109
2020-02-23,梅州,15℃,83%,72
2020-02-23,湛江,15℃,92%,57
2020-02-23,佛山,17℃,83%,77
2020-02-23,南宁,18℃,79%,102
2020-02-23,揭阳,14℃,95%,39
2020-02-23,周口,10℃,38%,93
2020-02-23,东莞,18℃,76%,78
2020-02-23,苏州,7℃,57%,75
2020-02-23,沈阳,-5℃,75%,49
2020-02-23,昆明,12℃,82%,58
2020-02-23,贵阳,8℃,99%,88
2020-02-23,南京,7℃,46%,69
2020-02-23,长春,-6℃,79%,45
2020-02-23,哈尔滨,-13℃,74%,43
2020-02-23,厦门,14℃,65%,47
2020-02-23,惠州,18℃,86%,35
2020-02-24,武汉,21℃,58%,53
2020-02-24,黄冈,23℃,50%,65
2020-02-24,孝感,21℃,60%,54
2020-02-24,襄阳,15℃,70%,105
2020-02-24,随州,21℃,55%,64
2020-02-24,宜昌,14℃,74%,123
2020-02-24,荆州,16℃,80%,78
2020-02-24,荆门,17℃,71%,97
2020-02-24,鄂州,23℃,51%,54
2020-02-24,温州,15℃,64%,73
2020-02-24,黄石,22℃,52%,59
2020-02-24,咸宁,25℃,42%,45
2020-02-24,十堰,14℃,63%,60
2020-02-24,深圳,23℃,63%,52
2020-02-24,广州,24℃,44%,53
2020-02-24,仙桃,21℃,62%,-1
2020-02-24,长沙,25℃,49%,62
2020-02-24,杭州,21℃,48%,60
2020-02-24,恩施,11℃,92%,70
2020-02-24,台州,20℃,59%,72
2020-02-24,天门,18℃,70%,-1
2020-02-24,南昌,23℃,54%,83
2020-02-24,信阳,19℃,58%,53
2020-02-24,南阳,16℃,66%,93
2020-02-24,成都,14℃,66%,133
2020-02-24,宁波,21℃,43%,52
2020-02-24,郑州,14℃,68%,100
2020-02-24,合肥,22℃,55%,57
2020-02-24,阜阳,16℃,68%,67
2020-02-24,九江,23℃,47%,51
2020-02-24,岳阳,23℃,53%,48
2020-02-24,南充,12℃,85%,159
2020-02-24,盐城,16℃,60%,95
2020-02-24,茂名,24℃,64%,53
2020-02-24,西安,16℃,41%,114
2020-02-24,邵阳,22℃,52%,67
2020-02-24,衡阳,25℃,44%,54
2020-02-24,达州,11℃,99%,119
2020-02-24,梅州,23℃,45%,64
2020-02-24,湛江,22℃,77%,51
2020-02-24,佛山,23℃,52%,54
2020-02-24,南宁,24℃,63%,53
2020-02-24,揭阳,21℃,54%,66
2020-02-24,周口,17℃,56%,109
2020-02-24,东莞,25℃,49%,60
2020-02-24,苏州,21℃,48%,89
2020-02-24,沈阳,5℃,42%,43
2020-02-24,昆明,17℃,47%,49
2020-02-24,贵阳,16℃,66%,60
2020-02-24,南京,19℃,53%,69
2020-02-24,长春,0℃,45%,36
2020-02-24,哈尔滨,-4℃,54%,60
2020-02-24,厦门,21℃,60%,62
2020-02-24,惠州,22℃,58%,62
2020-02-25,武汉,16℃,90%,68
2020-02-25,黄冈,17℃,85%,77
2020-02-25,孝感,15℃,99%,117
2020-02-25,襄阳,14℃,77%,93
2020-02-25,随州,15℃,81%,90
2020-02-25,宜昌,14℃,83%,133
2020-02-25,荆州,13℃,94%,90
2020-02-25,荆门,16℃,68%,109
2020-02-25,鄂州,19℃,73%,74
2020-02-25,温州,15℃,88%,60
2020-02-25,黄石,18℃,72%,69
2020-02-25,咸宁,19℃,65%,47
2020-02-25,十堰,9℃,93%,69
2020-02-25,深圳,19℃,82%,47
2020-02-25,广州,19℃,88%,44
2020-02-25,仙桃,17℃,90%,-1
2020-02-25,长沙,18℃,72%,45
2020-02-25,杭州,18℃,63%,57
2020-02-25,恩施,11℃,96%,78
2020-02-25,台州,14℃,96%,61
2020-02-25,天门,13℃,99%,-1
2020-02-25,南昌,19℃,70%,62
2020-02-25,信阳,16℃,75%,74
2020-02-25,南阳,11℃,83%,127
2020-02-25,成都,8℃,94%,110
2020-02-25,宁波,16℃,84%,41
2020-02-25,郑州,7℃,71%,150
2020-02-25,合肥,17℃,84%,54
2020-02-25,阜阳,13℃,87%,135
2020-02-25,九江,21℃,59%,57
2020-02-25,岳阳,19℃,70%,69
2020-02-25,南充,9℃,96%,158
2020-02-25,盐城,16℃,73%,115
2020-02-25,茂名,19℃,93%,41
2020-02-25,西安,11℃,64%,70
2020-02-25,邵阳,18℃,65%,39
2020-02-25,衡阳,20℃,57%,44
2020-02-25,达州,11℃,99%,118
2020-02-25,梅州,16℃,89%,43
2020-02-25,湛江,19℃,97%,52
2020-02-25,佛山,19℃,86%,27
2020-02-25,南宁,18℃,96%,51
2020-02-25,揭阳,17℃,93%,98
2020-02-25,周口,9℃,75%,192
2020-02-25,东莞,19℃,86%,38
2020-02-25,苏州,16℃,74%,63
2020-02-25,沈阳,1℃,50%,50
2020-02-25,昆明,11℃,67%,52
2020-02-25,贵阳,14℃,79%,67
2020-02-25,南京,15℃,81%,92
2020-02-25,长春,-6℃,87%,63
2020-02-25,哈尔滨,-15℃,85%,109
2020-02-25,厦门,16℃,87%,47
2020-02-25,惠州,20℃,81%,41
2020-02-26,武汉,11℃,94%,107
2020-02-26,黄冈,13℃,90%,127
2020-02-26,孝感,11℃,99%,109
2020-02-26,襄阳,10℃,80%,143
2020-02-26,随州,10℃,82%,84
2020-02-26,宜昌,14℃,99%,115
2020-02-26,荆州,13℃,99%,103
2020-02-26,荆门,11℃,94%,149
2020-02-26,鄂州,14℃,83%,119
2020-02-26,温州,17℃,81%,60
2020-02-26,黄石,14℃,91%,112
2020-02-26,咸宁,12℃,98%,113
2020-02-26,十堰,12℃,76%,107
2020-02-26,深圳,21℃,89%,36
2020-02-26,广州,20℃,93%,43
2020-02-26,仙桃,12℃,93%,-1
2020-02-26,长沙,17℃,85%,138
2020-02-26,杭州,14℃,84%,133
2020-02-26,恩施,12℃,97%,77
2020-02-26,台州,17℃,80%,62
2020-02-26,天门,11℃,99%,-1
2020-02-26,南昌,19℃,77%,53
2020-02-26,信阳,10℃,83%,112
2020-02-26,南阳,10℃,82%,113
2020-02-26,成都,8℃,94%,89
2020-02-26,宁波,13℃,82%,84
2020-02-26,郑州,9℃,79%,85
2020-02-26,合肥,10℃,97%,130
2020-02-26,阜阳,9℃,88%,93
2020-02-26,九江,14℃,84%,182
2020-02-26,岳阳,16℃,77%,119
2020-02-26,南充,11℃,97%,134
2020-02-26,盐城,7℃,89%,46
2020-02-26,茂名,21℃,91%,34
2020-02-26,西安,11℃,76%,205
2020-02-26,邵阳,18℃,87%,89
2020-02-26,衡阳,20℃,71%,52
2020-02-26,达州,12℃,99%,124
2020-02-26,梅州,19℃,82%,39
2020-02-26,湛江,20℃,99%,23
2020-02-26,佛山,20℃,87%,48
2020-02-26,南宁,19℃,98%,49
2020-02-26,揭阳,20℃,97%,54
2020-02-26,周口,9℃,83%,89
2020-02-26,东莞,20℃,89%,31
2020-02-26,苏州,10℃,86%,89
2020-02-26,沈阳,-2℃,66%,62
2020-02-26,昆明,12℃,60%,45
2020-02-26,贵阳,15℃,81%,83
2020-02-26,南京,11℃,92%,79
2020-02-26,长春,-6℃,75%,58
2020-02-26,哈尔滨,-10℃,84%,110
2020-02-26,厦门,20℃,88%,38
2020-02-26,惠州,22℃,92%,25
2020-02-27,武汉,11℃,76%,29
2020-02-27,黄冈,11℃,80%,40
2020-02-27,孝感,11℃,81%,26
2020-02-27,襄阳,8℃,91%,109
2020-02-27,随州,10℃,73%,36
2020-02-27,宜昌,10℃,99%,57
2020-02-27,荆州,11℃,86%,58
2020-02-27,荆门,10℃,82%,97
2020-02-27,鄂州,12℃,93%,33
2020-02-27,温州,12℃,95%,30
2020-02-27,黄石,11℃,88%,42
2020-02-27,咸宁,11℃,74%,38
2020-02-27,十堰,8℃,99%,48
2020-02-27,深圳,21℃,82%,22
2020-02-27,广州,20℃,86%,59
2020-02-27,仙桃,12℃,77%,-1
2020-02-27,长沙,13℃,94%,93
2020-02-27,杭州,10℃,77%,46
2020-02-27,恩施,13℃,97%,72
2020-02-27,台州,11℃,73%,26
2020-02-27,天门,11℃,86%,-1
2020-02-27,南昌,12℃,78%,54
2020-02-27,信阳,10℃,72%,58
2020-02-27,南阳,7℃,95%,130
2020-02-27,成都,14℃,82%,129
2020-02-27,宁波,9℃,81%,48
2020-02-27,郑州,5℃,61%,63
2020-02-27,合肥,9℃,77%,70
2020-02-27,阜阳,8℃,62%,85
2020-02-27,九江,11℃,74%,55
2020-02-27,岳阳,13℃,100%,80
2020-02-27,南充,13℃,88%,95
2020-02-27,盐城,2℃,89%,49
2020-02-27,茂名,21℃,90%,22
2020-02-27,西安,8℃,87%,84
2020-02-27,邵阳,14℃,87%,87
2020-02-27,衡阳,14℃,85%,73
2020-02-27,达州,12℃,99%,127
2020-02-27,梅州,18℃,83%,45
2020-02-27,湛江,20℃,97%,15
2020-02-27,佛山,20℃,87%,48
2020-02-27,南宁,20℃,94%,40
2020-02-27,揭阳,19℃,95%,46
2020-02-27,周口,7℃,91%,152
2020-02-27,东莞,21℃,81%,28
2020-02-27,苏州,7℃,73%,69
2020-02-27,沈阳,-5℃,69%,48
2020-02-27,昆明,10℃,72%,70
2020-02-27,贵阳,16℃,78%,70
2020-02-27,南京,7℃,80%,69
2020-02-27,长春,-8℃,89%,74
2020-02-27,哈尔滨,-10℃,82%,95
2020-02-27,厦门,15℃,86%,41
2020-02-27,惠州,22℃,84%,21
2020-02-28,武汉,7℃,97%,42
2020-02-28,黄冈,9℃,97%,74
2020-02-28,孝感,6℃,99%,18
2020-02-28,襄阳,3℃,99%,45
2020-02-28,随州,4℃,97%,26
2020-02-28,宜昌,6℃,99%,28
2020-02-28,荆州,6℃,96%,35
2020-02-28,荆门,4℃,93%,30
2020-02-28,鄂州,11℃,87%,63
2020-02-28,温州,12℃,69%,53
2020-02-28,黄石,11℃,85%,68
2020-02-28,咸宁,10℃,89%,82
2020-02-28,十堰,4℃,99%,30
2020-02-28,深圳,18℃,84%,43
2020-02-28,广州,19℃,80%,28
2020-02-28,仙桃,6℃,98%,-1
2020-02-28,长沙,11℃,96%,53
2020-02-28,杭州,9℃,83%,52
2020-02-28,恩施,11℃,97%,32
2020-02-28,台州,10℃,80%,48
2020-02-28,天门,6℃,99%,-1
2020-02-28,南昌,11℃,84%,98
2020-02-28,信阳,3℃,98%,40
2020-02-28,南阳,3℃,99%,55
2020-02-28,成都,14℃,65%,104
2020-02-28,宁波,9℃,83%,32
2020-02-28,郑州,0℃,99%,77
2020-02-28,合肥,7℃,98%,62
2020-02-28,阜阳,3℃,98%,65
2020-02-28,九江,9℃,84%,103
2020-02-28,岳阳,9℃,100%,58
2020-02-28,南充,12℃,95%,25
2020-02-28,盐城,7℃,83%,31
2020-02-28,茂名,20℃,84%,33
2020-02-28,西安,4℃,98%,18
2020-02-28,邵阳,12℃,100%,58
2020-02-28,衡阳,12℃,90%,52
2020-02-28,达州,10℃,99%,18
2020-02-28,梅州,17℃,89%,38
2020-02-28,湛江,20℃,94%,28
2020-02-28,佛山,20℃,79%,35
2020-02-28,南宁,20℃,89%,42
2020-02-28,揭阳,17℃,86%,33
2020-02-28,周口,2℃,95%,30
2020-02-28,东莞,18℃,87%,29
2020-02-28,苏州,9℃,73%,35
2020-02-28,沈阳,-3℃,83%,97
2020-02-28,昆明,14℃,70%,92
2020-02-28,贵阳,15℃,75%,56
2020-02-28,南京,10℃,74%,58
2020-02-28,长春,-2℃,44%,42
2020-02-28,哈尔滨,-11℃,89%,94
2020-02-28,厦门,15℃,77%,27
2020-02-28,惠州,18℃,88%,35
2020-02-29,武汉,6℃,97%,16
2020-02-29,黄冈,6℃,99%,30
2020-02-29,孝感,6℃,99%,16
2020-02-29,襄阳,6℃,95%,65
2020-02-29,随州,6℃,96%,21
2020-02-29,宜昌,6℃,99%,43
2020-02-29,荆州,6℃,99%,29
2020-02-29,荆门,5℃,96%,60
2020-02-29,鄂州,7℃,95%,27
2020-02-29,温州,14℃,91%,57
2020-02-29,黄石,7℃,97%,21
2020-02-29,咸宁,6℃,99%,10
2020-02-29,十堰,7℃,99%,33
2020-02-29,深圳,19℃,84%,29
2020-02-29,广州,18℃,96%,51
2020-02-29,仙桃,6℃,96%,-1
2020-02-29,长沙,8℃,85%,15
2020-02-29,杭州,9℃,93%,32
2020-02-29,恩施,11℃,95%,25
2020-02-29,台州,14℃,81%,62
2020-02-29,天门,6℃,99%,-1
2020-02-29,南昌,11℃,84%,42
2020-02-29,信阳,6℃,95%,52
2020-02-29,南阳,4℃,99%,52
2020-02-29,成都,10℃,93%,35
2020-02-29,宁波,11℃,81%,57
2020-02-29,郑州,5℃,97%,83
2020-02-29,合肥,5℃,99%,49
2020-02-29,阜阳,5℃,94%,67
2020-02-29,九江,8℃,90%,11
2020-02-29,岳阳,6℃,100%,18
2020-02-29,南充,11℃,76%,59
2020-02-29,盐城,7℃,93%,22
2020-02-29,茂名,19℃,92%,36
2020-02-29,西安,5℃,98%,62
2020-02-29,邵阳,8℃,100%,34
2020-02-29,衡阳,10℃,86%,28
2020-02-29,达州,11℃,99%,39
2020-02-29,梅州,20℃,73%,36
2020-02-29,湛江,20℃,98%,30
2020-02-29,佛山,19℃,91%,49
2020-02-29,南宁,19℃,100%,31
2020-02-29,揭阳,18℃,85%,60
2020-02-29,周口,5℃,86%,54
2020-02-29,东莞,19℃,86%,74
2020-02-29,苏州,8℃,91%,49
2020-02-29,沈阳,0℃,97%,115
2020-02-29,昆明,9℃,83%,65
2020-02-29,贵阳,12℃,100%,75
2020-02-29,南京,7℃,100%,28
2020-02-29,长春,-5℃,60%,60
2020-02-29,哈尔滨,-4℃,88%,99
2020-02-29,厦门,16℃,91%,41
2020-02-29,惠州,20℃,86%,59
2020-03-01,武汉,7℃,96%,36
2020-03-01,黄冈,9℃,95%,46
2020-03-01,孝感,7℃,99%,20
2020-03-01,襄阳,7℃,98%,69
2020-03-01,随州,6℃,94%,36
2020-03-01,宜昌,9℃,97%,73
2020-03-01,荆州,5℃,99%,28
2020-03-01,荆门,7℃,93%,57
2020-03-01,鄂州,9℃,92%,51
2020-03-01,温州,13℃,98%,53
2020-03-01,黄石,8℃,93%,48
2020-03-01,咸宁,7℃,99%,33
2020-03-01,十堰,8℃,97%,33
2020-03-01,深圳,20℃,86%,32
2020-03-01,广州,20℃,89%,30
2020-03-01,仙桃,7℃,95%,-1
2020-03-01,长沙,9℃,96%,36
2020-03-01,杭州,10℃,94%,32
2020-03-01,恩施,10℃,95%,35
2020-03-01,台州,11℃,95%,52
2020-03-01,天门,6℃,99%,-1
2020-03-01,南昌,10℃,93%,30
2020-03-01,信阳,6℃,94%,52
2020-03-01,南阳,7℃,99%,64
2020-03-01,成都,15℃,66%,77
2020-03-01,宁波,10℃,100%,19
2020-03-01,郑州,7℃,97%,87
2020-03-01,合肥,7℃,99%,33
2020-03-01,阜阳,8℃,88%,70
2020-03-01,九江,9℃,95%,48
2020-03-01,岳阳,9℃,96%,40
2020-03-01,南充,14℃,68%,61
2020-03-01,盐城,7℃,96%,20
2020-03-01,茂名,20℃,94%,42
2020-03-01,西安,8℃,96%,72
2020-03-01,邵阳,9℃,100%,18
2020-03-01,衡阳,10℃,89%,10
2020-03-01,达州,12℃,99%,78
2020-03-01,梅州,20℃,80%,35
2020-03-01,湛江,20℃,99%,30
2020-03-01,佛山,22℃,81%,33
2020-03-01,南宁,20℃,100%,41
2020-03-01,揭阳,19℃,97%,54
2020-03-01,周口,8℃,76%,70
2020-03-01,东莞,20℃,87%,18
2020-03-01,苏州,9℃,86%,46
2020-03-01,沈阳,0℃,54%,48
2020-03-01,昆明,8℃,74%,42
2020-03-01,贵阳,12℃,91%,64
2020-03-01,南京,9℃,95%,23
2020-03-01,长春,-5℃,94%,85
2020-03-01,哈尔滨,-5℃,89%,92
2020-03-01,厦门,19℃,87%,29
2020-03-01,惠州,21℃,88%,30
2020-03-02,武汉,8℃,73%,49
2020-03-02,黄冈,8℃,77%,51
2020-03-02,孝感,9℃,65%,51
2020-03-02,襄阳,9℃,70%,82
2020-03-02,随州,8℃,78%,58
2020-03-02,宜昌,9℃,99%,62
2020-03-02,荆州,10℃,78%,48
2020-03-02,荆门,9℃,75%,83
2020-03-02,鄂州,10℃,72%,48
2020-03-02,温州,13℃,68%,15
2020-03-02,黄石,8℃,80%,45
2020-03-02,咸宁,8℃,87%,46
2020-03-02,十堰,10℃,74%,65
2020-03-02,深圳,21℃,72%,33
2020-03-02,广州,20℃,79%,20
2020-03-02,仙桃,8℃,79%,-1
2020-03-02,长沙,10℃,87%,73
2020-03-02,杭州,9℃,84%,22
2020-03-02,恩施,14℃,68%,45
2020-03-02,台州,12℃,66%,22
2020-03-02,天门,7℃,90%,-1
2020-03-02,南昌,10℃,76%,36
2020-03-02,信阳,8℃,81%,67
2020-03-02,南阳,8℃,73%,79
2020-03-02,成都,14℃,44%,59
2020-03-02,宁波,9℃,81%,25
2020-03-02,郑州,7℃,76%,92
2020-03-02,合肥,5℃,96%,46
2020-03-02,阜阳,3℃,96%,72
2020-03-02,九江,9℃,72%,33
2020-03-02,岳阳,9℃,89%,57
2020-03-02,南充,14℃,89%,90
2020-03-02,盐城,4℃,93%,65
2020-03-02,茂名,21℃,95%,53
2020-03-02,西安,9℃,46%,69
2020-03-02,邵阳,10℃,84%,53
2020-03-02,衡阳,11℃,80%,55
2020-03-02,达州,12℃,85%,83
2020-03-02,梅州,17℃,77%,22
2020-03-02,湛江,21℃,98%,27
2020-03-02,佛山,22℃,77%,36
2020-03-02,南宁,20℃,100%,73
2020-03-02,揭阳,20℃,97%,47
2020-03-02,周口,7℃,72%,90
2020-03-02,东莞,21℃,72%,20
2020-03-02,苏州,7℃,88%,49
2020-03-02,沈阳,-1℃,82%,64
2020-03-02,昆明,12℃,58%,41
2020-03-02,贵阳,9℃,98%,41
2020-03-02,南京,6℃,91%,68
2020-03-02,长春,-9℃,96%,107
2020-03-02,哈尔滨,-11℃,90%,148
2020-03-02,厦门,15℃,90%,27
2020-03-02,惠州,21℃,78%,23
