Citymapper Mobility Index - Last updated on 2021-01-16,,,,,,,,,,,,,,,,,,,,,,,,,,,,,,,,,,,,,,,
Journalists and public-interest researchers may use this information as long as they attribute it to Citymapper and link to citymapper.com/cmi.,,,,,,,,,,,,,,,,,,,,,,,,,,,,,,,,,,,,,,,
"All others who wish to use this information, please contact us from our website.",,,,,,,,,,,,,,,,,,,,,,,,,,,,,,,,,,,,,,,
Date,Amsterdam,Barcelona,Berlin,Birmingham,Boston,Brussels,Chicago,Copenhagen,Hamburg,Hong Kong,Istanbul,Lisbon,London,Los Angeles,Lyon,Madrid,Manchester,Melbourne,Mexico City,Milan,Montr¨¦al,Moscow,New York City,Paris,Philadelphia,Rhine-Ruhr,Rome,San Francisco,Seattle,Seoul,Singapore,St. Petersburg,Stockholm,Sydney,S?o Paulo,Toronto,Vancouver,Vienna,Washington DC
2020/1/20,,,,,,,,,,1.07,,,,,,,,,,,,,,,,,,,,,,,,,,,,,
2020/1/21,,,,,,,,,,1.04,,,,,,,,,,,,,,,,,,,,,,,,,,,,,
2020/1/22,,,,,,,,,,1.03,,,,,,,,,,,,,,,,,,,,,,,,,,,,,
2020/1/23,,,,,,,,,,0.93,,,,,,,,,,,,,,,,,,,,,,,,,,,,,
2020/1/24,,,,,,,,,,0.73,,,,,,,,,,,,,,,,,,,,,,,,,,,,,
2020/1/25,,,,,,,,,,0.49,,,,,,,,,,,,,,,,,,,,,,,,,,,,,
2020/1/26,,,,,,,,,,0.61,,,,,,,,,,,,,,,,,,,,,,,,,,,,,
2020/1/27,,,,,,,,,,0.72,,,,,,,,,,,,,,,,,,,,,,,,,,,,,
2020/1/28,,,,,,,,,,0.62,,,,,,,,,,,,,,,,,,,,,,,,,,,,,
2020/1/29,,,,,,,,,,0.53,,,,,,,,,,,,,,,,,,,,,,,,,,,,,
2020/1/30,,,,,,,,,,0.5,,,,,,,,,,,,,,,,,,,,,,,,,,,,,
2020/1/31,,,,,,,,,,0.48,,,,,,,,,,,,,,,,,,,,,,,,,,,,,
2020/2/1,,,,,,,,,,0.47,,,,,,,,,,,,,,,,,,,,,,,,,,,,,
2020/2/2,,,,,,,,,,0.5,,,,,,,,,,,,,,,,,,,,,,,,,,,,,
2020/2/3,,,,,,,,,,0.53,,,,,,,,,,,,,,,,,,,,0.97,1.03,,,,,,,,
2020/2/4,,,,,,,,,,0.52,,,,,,,,,,,,,,,,,,,,0.94,1.04,,,,,,,,
2020/2/5,,,,,,,,,,0.48,,,,,,,,,,,,,,,,,,,,0.88,1.01,,,,,,,,
2020/2/6,,,,,,,,,,0.47,,,,,,,,,,,,,,,,,,,,0.92,0.98,,,,,,,,
2020/2/7,,,,,,,,,,0.47,,,,,,,,,,,,,,,,,,,,0.95,0.95,,,,,,,,
2020/2/8,,,,,,,,,,0.46,,,,,,,,,,,,,,,,,,,,0.92,0.9,,,,,,,,
2020/2/9,,,,,,,,,,0.47,,,,,,,,,,,,,,,,,,,,0.96,0.84,,,,,,,,
2020/2/10,,,,,,,,,,0.48,,,,,,,,,,,,,,,,,,,,0.91,0.88,,,,,,,,
2020/2/11,,,,,,,,,,0.45,,,,,,,,,,,,,,,,,,,,0.93,0.86,,,,,,,,
2020/2/12,,,,,,,,,,0.48,,,,,,,,,,,,,,,,,,,,0.81,0.89,,,,,,,,
2020/2/13,,,,,,,,,,0.44,,,,,,,,,,,,,,,,,,,,0.93,0.86,,,,,,,,
2020/2/14,,,,,,,,,,0.52,,,,,,,,,,,,,,,,,,,,0.99,0.89,,,,,,,,
2020/2/15,,,,,,,,,,0.44,,,,,,,,,,,,,,,,,,,,0.95,0.87,,,,,,,,
2020/2/16,,,,,,,,,,0.43,,,,,,,,,,,,,,,,,,,,0.81,0.85,,,,,,,,
2020/2/17,,,,,,,,,,0.48,,,,,,,,,,1.23,,,,,,,,,,0.83,0.87,,,,,,,,
2020/2/18,,,,,,,,,,0.49,,,,,,,,,,1.24,,,,,,,,,,0.81,0.88,,,,,,,,
2020/2/19,,,,,,,,,,0.5,,,,,,,,,,1.3,,,,,,,,,,0.86,0.87,,,,,,,,
2020/2/20,,,,,,,,,,0.51,,,,,,,,,,1.28,,,,,,,,,,0.88,0.85,,,,,,,,
2020/2/21,,,,,,,,,,0.49,,,,,,,,,,1.14,,,,,,,,,,0.86,0.88,,,,,,,,
2020/2/22,,,,,,,,,,0.53,,,,,,,,,,1.02,,,,,,,,,,0.78,0.91,,,,,,,,
2020/2/23,,,,,,,,,,0.52,,,,,,,,,,0.76,,,,,,,,,,0.73,0.86,,,,,,,,
2020/2/24,,,,,,,,,1.12,0.51,,,,,1.02,,,,,0.55,,,,,,0.95,1.36,1.09,0.88,0.7,0.86,,,,,,,,
2020/2/25,,,,,,,,,1.05,0.5,,,,,1.03,,,,,0.41,,,,,,0.84,1.02,1.07,0.98,0.67,0.89,,,,,,,,
2020/2/26,,,,,,,,,0.97,0.52,,,,,1,,,,,0.37,,,,,,0.87,0.98,1,0.98,0.62,0.89,,,,,,,,
2020/2/27,,,,,,,,,1.06,0.52,,,,,0.95,,,,,0.35,,,,,,0.88,0.94,1.04,0.99,0.61,0.9,,,,,,,,
2020/2/28,,,,,,,,,0.95,0.51,,,,,0.92,,,,,0.35,,,,,,0.8,0.93,1.02,0.99,0.5,0.89,,,,,,,,
2020/2/29,,,,,,,,,0.97,0.55,,,,,0.88,,,,,0.35,,,,,,0.78,0.88,0.99,1.07,0.53,0.91,,,,,,,,
2020/3/1,,,,,,,,,0.95,0.56,,,,,0.9,,,,,0.35,,,,,,0.74,0.82,0.93,1.07,0.44,0.88,,,,,,,,
2020/3/2,1.1,1.13,1.03,1,0.97,1.06,1.06,1.03,0.94,0.52,1.24,1.2,1,1.07,0.82,1.07,1.06,1.13,1.14,0.45,0.96,1.02,1,0.95,0.94,0.74,0.97,1,0.83,0.52,0.88,1.16,0.98,1.21,1.12,0.95,0.93,1.3,1.02
2020/3/3,1.03,1.05,0.94,1.05,0.99,1.02,0.99,1.02,0.82,0.52,1.24,1.23,1.02,1.1,0.76,1,0.98,1.06,1.11,0.44,1,1.17,1.02,1.01,0.96,0.79,0.91,1,0.83,0.51,0.91,1.25,0.93,1.09,1.16,1.02,0.95,1.15,0.95
2020/3/4,0.98,1.05,0.93,0.99,0.97,1.07,0.97,0.97,0.85,0.5,1.17,1.28,1,1.08,0.75,1,1,1.14,1.09,0.43,1.03,1.13,1.04,0.95,0.89,0.75,0.91,0.96,0.8,0.48,0.9,1.15,0.97,1.06,1.13,0.97,0.94,1.28,0.97
2020/3/5,1.09,1.06,0.92,1.04,0.97,1.09,1,0.96,0.87,0.52,1.17,1.25,1.01,1.04,0.77,1.01,1,1.06,1.08,0.39,1.04,1.03,1.02,0.98,0.96,0.82,0.74,0.95,0.72,0.46,0.87,1.14,0.98,1.05,1.18,1.05,1.02,1.34,0.96
2020/3/6,1.07,1.05,0.92,1.08,1.02,1.13,1.01,1.03,0.88,0.54,1.27,1.23,0.99,1,0.8,1.01,1.05,1.04,1.09,0.37,1.02,1.08,1.03,0.99,0.95,0.86,0.66,0.93,0.71,0.46,0.9,1.13,1.05,1.07,1.17,1,0.93,1.25,0.92
2020/3/7,1.06,1.1,0.92,1.11,0.93,1.13,1.09,1.11,0.93,0.55,1.44,1.27,0.97,0.96,0.89,0.98,1.02,1.04,1.15,0.34,1.07,1.02,1.03,0.99,1.01,0.8,0.59,0.85,0.68,0.43,0.89,1.15,1.06,1.08,1.2,1.09,0.99,1.21,1.01
2020/3/8,0.97,1.07,0.97,1,0.89,1.07,1.07,1.01,0.88,0.53,1.41,1.18,0.94,0.98,0.94,1.03,1.08,0.93,1.32,0.23,1.14,0.97,1.01,0.95,1.03,0.81,0.51,0.88,0.74,0.51,0.88,0.99,0.99,1.09,1.05,1.06,0.98,1.02,0.98
2020/3/9,0.93,1.04,0.94,1,0.92,1.03,1.05,0.97,0.87,0.54,1.26,1.2,0.97,1.03,0.99,1,1.01,0.93,0.74,0.19,0.96,0.86,0.97,0.86,1,0.71,0.43,0.83,0.57,0.46,0.87,0.9,0.92,1.07,1.12,0.94,0.93,1.15,0.94
2020/3/10,0.86,0.92,0.83,0.98,0.81,0.87,0.95,0.86,0.74,0.55,1.15,1.14,0.97,0.92,0.99,0.78,0.93,1.06,0.95,0.13,0.99,1.06,0.9,0.88,0.85,0.68,0.23,0.74,0.57,0.41,0.95,1.06,0.87,0.98,1.17,0.95,0.91,1.03,0.83
2020/3/11,0.86,0.86,0.86,0.91,0.77,0.96,0.92,0.8,0.72,0.52,1.03,1.08,0.91,0.81,0.97,0.65,0.91,1.1,1.1,0.1,1.04,1.14,0.85,0.89,0.85,0.72,0.16,0.65,0.51,0.43,0.88,1.15,0.83,0.99,1.14,0.91,0.89,0.92,0.82
2020/3/12,0.74,0.69,0.72,0.95,0.62,0.82,0.8,0.56,0.67,0.54,0.98,0.85,0.84,0.71,0.89,0.41,0.88,1.02,1.02,0.07,1,1,0.7,0.81,0.7,0.67,0.11,0.58,0.43,0.45,0.84,1.05,0.71,1,1.07,0.87,0.91,0.8,0.66
2020/3/13,0.6,0.47,0.6,0.89,0.49,0.68,0.66,0.31,0.59,0.53,0.89,0.68,0.75,0.56,0.81,0.23,0.89,0.95,1.01,0.06,0.87,0.95,0.54,0.74,0.57,0.52,0.07,0.49,0.41,0.41,0.83,0.97,0.66,0.92,0.96,0.78,0.76,0.51,0.54
2020/3/14,0.52,0.24,0.54,0.84,0.42,0.38,0.54,0.27,0.48,0.56,0.73,0.62,0.75,0.5,0.75,0.11,0.81,0.89,0.91,0.05,0.79,1,0.47,0.65,0.5,0.48,0.07,0.4,0.36,0.4,0.85,0.98,0.65,0.72,0.88,0.72,0.74,0.41,0.47
2020/3/15,0.43,0.16,0.45,0.72,0.35,0.33,0.49,0.21,0.45,0.55,0.52,0.45,0.67,0.44,0.53,0.1,0.77,0.81,0.82,0.05,0.69,0.8,0.36,0.47,0.39,0.44,0.05,0.38,0.42,0.38,0.82,0.97,0.53,0.75,0.73,0.67,0.7,0.3,0.35
2020/3/16,0.28,0.12,0.41,0.65,0.29,0.33,0.34,0.17,0.39,0.54,0.49,0.35,0.6,0.39,0.36,0.09,0.68,0.79,0.43,0.07,0.51,0.85,0.3,0.33,0.38,0.35,0.08,0.33,0.29,0.44,0.8,1,0.52,0.66,0.62,0.51,0.67,0.15,0.32
2020/3/17,0.16,0.08,0.28,0.55,0.19,0.23,0.21,0.15,0.27,0.52,0.31,0.27,0.44,0.27,0.14,0.06,0.47,0.66,0.62,0.06,0.34,0.82,0.2,0.15,0.28,0.27,0.06,0.14,0.23,0.4,0.81,0.89,0.39,0.61,0.45,0.4,0.45,0.08,0.19
2020/3/18,0.13,0.06,0.26,0.45,0.16,0.15,0.16,0.11,0.2,0.48,0.2,0.24,0.36,0.23,0.06,0.05,0.42,0.53,0.53,0.05,0.31,0.75,0.17,0.08,0.22,0.29,0.06,0.09,0.19,0.41,0.79,0.85,0.34,0.57,0.33,0.32,0.38,0.09,0.15
2020/3/19,0.1,0.05,0.18,0.42,0.12,0.09,0.14,0.13,0.19,0.46,0.16,0.17,0.39,0.2,0.05,0.05,0.38,0.5,0.48,0.04,0.27,0.64,0.13,0.07,0.19,0.22,0.06,0.09,0.17,0.36,0.73,0.76,0.36,0.54,0.25,0.31,0.34,0.07,0.13
2020/3/20,0.08,0.05,0.13,0.38,0.12,0.07,0.13,0.08,0.14,0.44,0.14,0.13,0.31,0.19,0.05,0.04,0.36,0.49,0.42,0.04,0.24,0.57,0.12,0.06,0.19,0.16,0.05,0.09,0.16,0.44,0.73,0.72,0.3,0.57,0.19,0.27,0.27,0.05,0.12
2020/3/21,0.08,0.04,0.12,0.31,0.11,0.07,0.12,0.09,0.09,0.41,0.11,0.13,0.23,0.15,0.04,0.04,0.26,0.46,0.31,0.03,0.23,0.53,0.1,0.05,0.19,0.13,0.05,0.09,0.18,0.39,0.75,0.65,0.31,0.47,0.17,0.3,0.27,0.03,0.14
2020/3/22,0.07,0.03,0.11,0.25,0.1,0.08,0.1,0.08,0.12,0.42,0.11,0.11,0.23,0.13,0.04,0.04,0.26,0.42,0.28,0.03,0.21,0.56,0.08,0.06,0.17,0.15,0.04,0.09,0.18,0.38,0.67,0.63,0.3,0.45,0.17,0.27,0.22,0.05,0.11
2020/3/23,0.07,0.05,0.13,0.31,0.1,0.08,0.09,0.1,0.15,0.4,0.11,0.14,0.25,0.16,0.05,0.05,0.28,0.33,0.3,0.04,0.18,0.57,0.08,0.07,0.17,0.17,0.06,0.08,0.14,0.36,0.63,0.73,0.35,0.29,0.13,0.23,0.24,0.06,0.09
2020/3/24,0.07,0.04,0.12,0.21,0.08,0.07,0.09,0.1,0.12,0.38,0.1,0.12,0.15,0.12,0.05,0.05,0.16,0.25,0.29,0.04,0.16,0.57,0.08,0.06,0.13,0.16,0.04,0.06,0.1,0.36,0.66,0.68,0.32,0.23,0.11,0.22,0.18,0.06,0.07
2020/3/25,0.06,0.04,0.12,0.18,0.07,0.07,0.07,0.11,0.12,0.37,0.1,0.12,0.12,0.13,0.04,0.04,0.13,0.2,0.23,0.03,0.14,0.54,0.07,0.06,0.13,0.15,0.05,0.06,0.08,0.37,0.62,0.69,0.32,0.2,0.12,0.19,0.16,0.06,0.06
2020/3/26,0.06,0.03,0.11,0.16,0.07,0.08,0.07,0.08,0.1,0.36,0.1,0.1,0.1,0.12,0.04,0.04,0.12,0.2,0.21,0.03,0.13,0.49,0.08,0.06,0.15,0.16,0.04,0.06,0.09,0.36,0.57,0.58,0.26,0.18,0.11,0.18,0.17,0.06,0.07
2020/3/27,0.05,0.03,0.1,0.14,0.07,0.07,0.07,0.08,0.11,0.34,0.08,0.1,0.09,0.11,0.04,0.03,0.12,0.18,0.18,0.03,0.13,0.46,0.07,0.05,0.14,0.13,0.04,0.06,0.08,0.37,0.53,0.56,0.27,0.18,0.12,0.18,0.13,0.05,0.06
2020/3/28,0.05,0.03,0.1,0.14,0.06,0.06,0.07,0.08,0.11,0.29,0.07,0.12,0.08,0.1,0.04,0.03,0.1,0.18,0.16,0.02,0.12,0.32,0.06,0.05,0.11,0.12,0.04,0.06,0.1,0.36,0.56,0.35,0.28,0.18,0.13,0.19,0.13,0.05,0.06
2020/3/29,0.05,0.03,0.08,0.14,0.06,0.06,0.09,0.07,0.1,0.28,0.07,0.11,0.08,0.11,0.03,0.03,0.11,0.18,0.15,0.03,0.11,0.27,0.05,0.05,0.11,0.12,0.03,0.07,0.12,0.35,0.54,0.29,0.28,0.19,0.13,0.18,0.15,0.03,0.07
2020/3/30,0.05,0.04,0.12,0.16,0.06,0.07,0.08,0.09,0.14,0.32,0.09,0.11,0.1,0.12,0.04,0.04,0.13,0.18,0.18,0.04,0.13,0.17,0.08,0.06,0.13,0.15,0.05,0.08,0.08,0.38,0.53,0.28,0.28,0.16,0.14,0.17,0.17,0.05,0.08
2020/3/31,0.06,0.03,0.12,0.13,0.06,0.07,0.07,0.12,0.13,0.33,0.08,0.12,0.1,0.11,0.04,0.04,0.1,0.15,0.17,0.03,0.12,0.17,0.07,0.06,0.1,0.15,0.05,0.06,0.08,0.36,0.55,0.24,0.29,0.14,0.14,0.18,0.17,0.06,0.05
2020/4/1,0.06,0.03,0.12,0.12,0.06,0.07,0.07,0.1,0.12,0.33,0.08,0.1,0.09,0.11,0.04,0.04,0.1,0.15,0.15,0.03,0.13,0.14,0.07,0.05,0.12,0.17,0.05,0.05,0.08,0.37,0.51,0.2,0.3,0.13,0.12,0.18,0.16,0.06,0.05
2020/4/2,0.06,0.03,0.11,0.13,0.05,0.06,0.07,0.1,0.13,0.32,0.07,0.11,0.09,0.11,0.04,0.03,0.09,0.12,0.14,0.03,0.11,0.12,0.06,0.05,0.11,0.16,0.04,0.05,0.09,0.37,0.49,0.18,0.28,0.13,0.12,0.15,0.15,0.05,0.05
2020/4/3,0.04,0.02,0.1,0.13,0.05,0.05,0.07,0.09,0.1,0.32,0.06,0.1,0.08,0.1,0.04,0.03,0.08,0.13,0.13,0.03,0.11,0.13,0.06,0.05,0.12,0.12,0.04,0.06,0.09,0.42,0.44,0.17,0.27,0.13,0.11,0.16,0.15,0.04,0.05
2020/4/4,0.05,0.02,0.1,0.13,0.06,0.06,0.07,0.09,0.1,0.27,0.05,0.1,0.07,0.09,0.04,0.03,0.08,0.12,0.11,0.03,0.12,0.13,0.06,0.04,0.1,0.12,0.04,0.06,0.07,0.39,0.5,0.18,0.27,0.14,0.13,0.17,0.14,0.04,0.05
2020/4/5,0.05,0.02,0.11,0.12,0.07,0.08,0.07,0.07,0.14,0.26,0.05,0.08,0.09,0.1,0.03,0.03,0.09,0.14,0.11,0.03,0.09,0.13,0.05,0.05,0.1,0.15,0.03,0.06,0.1,0.34,0.52,0.22,0.24,0.17,0.13,0.17,0.15,0.03,0.06
2020/4/6,0.06,0.03,0.14,0.13,0.06,0.08,0.07,0.1,0.16,0.32,0.08,0.09,0.09,0.1,0.04,0.04,0.11,0.15,0.13,0.04,0.13,0.16,0.07,0.05,0.14,0.16,0.05,0.06,0.09,0.36,0.5,0.31,0.3,0.14,0.12,0.15,0.18,0.06,0.05
2020/4/7,0.07,0.03,0.12,0.1,0.06,0.07,0.05,0.12,0.15,0.36,0.08,0.11,0.09,0.08,0.04,0.04,0.1,0.14,0.13,0.03,0.11,0.17,0.06,0.05,0.13,0.13,0.05,0.05,0.08,0.37,0.21,0.28,0.3,0.13,0.12,0.16,0.15,0.06,0.04
2020/4/8,0.06,0.03,0.14,0.11,0.06,0.07,0.06,0.11,0.15,0.38,0.07,0.11,0.08,0.08,0.04,0.04,0.09,0.13,0.13,0.03,0.1,0.16,0.06,0.05,0.12,0.16,0.05,0.04,0.08,0.36,0.17,0.25,0.28,0.12,0.12,0.15,0.14,0.07,0.05
2020/4/9,0.06,0.03,0.13,0.13,0.04,0.08,0.06,0.11,0.16,0.44,0.07,0.09,0.08,0.07,0.04,0.03,0.09,0.12,0.09,0.03,0.09,0.14,0.05,0.05,0.12,0.17,0.05,0.05,0.07,0.38,0.15,0.27,0.3,0.11,0.12,0.15,0.17,0.07,0.05
2020/4/10,0.05,0.02,0.1,0.1,0.05,0.06,0.06,0.09,0.1,0.38,0.07,0.08,0.08,0.07,0.04,0.03,0.09,0.1,0.07,0.03,0.1,0.13,0.05,0.05,0.13,0.12,0.04,0.05,0.06,0.41,0.14,0.24,0.25,0.1,0.08,0.12,0.13,0.05,0.04
2020/4/11,0.06,0.03,0.11,0.12,0.06,0.07,0.06,0.09,0.1,0.31,0.05,0.08,0.07,0.08,0.04,0.03,0.09,0.12,0.08,0.03,0.09,0.15,0.05,0.05,0.11,0.13,0.04,0.05,0.06,0.38,0.15,0.23,0.26,0.14,0.12,0.14,0.14,0.05,0.05
2020/4/12,0.06,0.02,0.14,0.1,0.06,0.07,0.07,0.1,0.13,0.42,0.04,0.08,0.07,0.06,0.03,0.04,0.08,0.09,0.1,0.02,0.08,0.16,0.05,0.05,0.1,0.14,0.03,0.05,0.09,0.34,0.16,0.21,0.23,0.12,0.12,0.13,0.14,0.04,0.04
2020/4/13,0.06,0.03,0.09,0.1,0.05,0.06,0.07,0.1,0.11,0.42,0.08,0.09,0.08,0.11,0.03,0.05,0.1,0.13,0.13,0.03,0.11,0.16,0.06,0.04,0.11,0.11,0.03,0.05,0.08,0.36,0.13,0.28,0.25,0.13,0.11,0.14,0.14,0.06,0.05
2020/4/14,0.06,0.04,0.12,0.13,0.05,0.06,0.06,0.13,0.13,0.4,0.08,0.1,0.09,0.09,0.04,0.04,0.1,0.14,0.12,0.04,0.11,0.17,0.06,0.06,0.11,0.16,0.05,0.05,0.05,0.4,0.13,0.32,0.29,0.13,0.11,0.15,0.16,0.08,0.04
2020/4/15,0.06,0.04,0.13,0.12,0.05,0.07,0.06,0.13,0.15,0.41,0.09,0.11,0.09,0.08,0.04,0.04,0.09,0.14,0.11,0.03,0.1,0.13,0.06,0.05,0.1,0.17,0.05,0.04,0.07,0.38,0.12,0.31,0.3,0.14,0.11,0.14,0.14,0.08,0.04
2020/4/16,0.05,0.03,0.13,0.13,0.04,0.07,0.05,0.11,0.15,0.42,0.08,0.09,0.08,0.07,0.04,0.04,0.08,0.12,0.12,0.03,0.09,0.11,0.06,0.05,0.11,0.17,0.05,0.04,0.06,0.4,0.12,0.28,0.29,0.13,0.11,0.14,0.15,0.09,0.04
2020/4/17,0.05,0.04,0.13,0.11,0.05,0.07,0.05,0.11,0.13,0.42,0.08,0.09,0.08,0.08,0.04,0.04,0.09,0.13,0.1,0.03,0.1,0.13,0.05,0.05,0.09,0.14,0.05,0.04,0.07,0.38,0.12,0.27,0.29,0.14,0.12,0.13,0.13,0.07,0.04
2020/4/18,0.05,0.03,0.13,0.11,0.04,0.06,0.07,0.12,0.13,0.41,0.04,0.11,0.07,0.09,0.04,0.03,0.08,0.13,0.1,0.03,0.12,0.11,0.04,0.05,0.1,0.11,0.05,0.04,0.07,0.42,0.13,0.19,0.29,0.16,0.11,0.18,0.17,0.07,0.04
2020/4/19,0.06,0.02,0.14,0.12,0.08,0.07,0.08,0.09,0.13,0.41,0.05,0.1,0.09,0.07,0.04,0.04,0.1,0.15,0.09,0.03,0.07,0.13,0.05,0.05,0.09,0.15,0.04,0.06,0.09,0.3,0.14,0.25,0.27,0.15,0.14,0.14,0.14,0.04,0.05
2020/4/20,0.06,0.04,0.15,0.13,0.06,0.08,0.07,0.14,0.19,0.42,0.11,0.1,0.1,0.12,0.05,0.05,0.1,0.14,0.12,0.04,0.13,0.13,0.06,0.06,0.1,0.2,0.06,0.05,0.09,0.35,0.12,0.28,0.27,0.14,0.11,0.16,0.18,0.1,0.05
2020/4/21,0.07,0.04,0.15,0.11,0.04,0.08,0.06,0.15,0.18,0.41,0.1,0.11,0.09,0.09,0.05,0.05,0.1,0.13,0.12,0.04,0.1,0.17,0.06,0.06,0.1,0.18,0.06,0.04,0.06,0.38,0.11,0.31,0.35,0.13,0.07,0.15,0.16,0.1,0.03
2020/4/22,0.07,0.04,0.16,0.1,0.05,0.08,0.05,0.16,0.15,0.37,0.1,0.11,0.09,0.08,0.05,0.04,0.09,0.14,0.12,0.03,0.1,0.16,0.06,0.06,0.1,0.2,0.05,0.04,0.07,0.37,0.1,0.31,0.3,0.15,0.12,0.14,0.14,0.1,0.04
2020/4/23,0.07,0.04,0.17,0.12,0.05,0.08,0.06,0.15,0.18,0.39,0.05,0.1,0.09,0.1,0.05,0.04,0.09,0.13,0.1,0.03,0.11,0.15,0.05,0.06,0.1,0.2,0.05,0.04,0.07,0.37,0.1,0.29,0.34,0.15,0.12,0.15,0.16,0.1,0.03
2020/4/24,0.06,0.04,0.14,0.12,0.04,0.07,0.05,0.12,0.15,0.39,0.04,0.1,0.09,0.09,0.05,0.04,0.09,0.13,0.09,0.03,0.1,0.13,0.05,0.05,0.07,0.13,0.06,0.04,0.06,0.44,0.1,0.27,0.28,0.15,0.12,0.14,0.14,0.08,0.04
2020/4/25,0.06,0.03,0.15,0.13,0.07,0.07,0.07,0.13,0.13,0.4,0.04,0.12,0.08,0.08,0.05,0.04,0.1,0.14,0.08,0.03,0.12,0.13,0.06,0.05,0.11,0.14,0.04,0.04,0.1,0.43,0.11,0.26,0.28,0.18,0.13,0.17,0.14,0.07,0.05
2020/4/26,0.07,0.03,0.15,0.13,0.05,0.08,0.08,0.12,0.16,0.44,0.05,0.1,0.1,0.07,0.05,0.04,0.1,0.13,0.09,0.03,0.09,0.13,0.04,0.06,0.09,0.19,0.05,0.05,0.11,0.37,0.12,0.28,0.27,0.17,0.12,0.16,0.14,0.09,0.04
2020/4/27,0.08,0.05,0.17,0.13,0.04,0.08,0.06,0.14,0.19,0.48,0.11,0.11,0.1,0.11,0.06,0.06,0.11,0.15,0.12,0.05,0.12,0.17,0.06,0.07,0.1,0.19,0.07,0.05,0.07,0.38,0.11,0.33,0.33,0.15,0.13,0.15,0.18,0.1,0.05
2020/4/28,0.08,0.05,0.17,0.12,0.05,0.06,0.06,0.15,0.16,0.48,0.1,0.11,0.09,0.09,0.06,0.06,0.08,0.14,0.1,0.04,0.13,0.17,0.07,0.07,0.09,0.15,0.06,0.04,0.08,0.43,0.12,0.3,0.29,0.14,0.11,0.17,0.17,0.12,0.04
2020/4/29,0.08,0.05,0.18,0.11,0.05,0.07,0.06,0.17,0.18,0.55,0.1,0.1,0.09,0.09,0.05,0.05,0.09,0.12,0.1,0.04,0.13,0.16,0.06,0.06,0.11,0.19,0.06,0.04,0.09,0.51,0.11,0.31,0.33,0.15,0.12,0.14,0.15,0.11,0.05
2020/4/30,0.07,0.05,0.17,0.13,0.05,0.08,0.06,0.17,0.17,0.6,0.1,0.13,0.09,0.09,0.05,0.06,0.08,0.13,0.11,0.04,0.1,0.16,0.05,0.06,0.08,0.2,0.06,0.04,0.06,0.46,0.11,0.28,0.4,0.14,0.13,0.15,0.15,0.13,0.04
2020/5/1,0.07,0.04,0.14,0.13,0.05,0.07,0.06,0.12,0.13,0.51,0.05,0.1,0.09,0.08,0.04,0.04,0.08,0.13,0.08,0.03,0.14,0.12,0.06,0.04,0.1,0.14,0.03,0.04,0.07,0.45,0.11,0.21,0.27,0.17,0.07,0.18,0.16,0.09,0.04
2020/5/2,0.06,0.07,0.14,0.14,0.07,0.07,0.09,0.14,0.15,0.49,0.05,0.13,0.09,0.1,0.05,0.06,0.1,0.13,0.09,0.04,0.16,0.11,0.06,0.06,0.13,0.18,0.07,0.05,0.07,0.38,0.13,0.25,0.32,0.21,0.12,0.19,0.15,0.13,0.07
2020/5/3,0.08,0.07,0.16,0.15,0.09,0.1,0.1,0.15,0.18,0.49,0.06,0.14,0.1,0.1,0.06,0.07,0.09,0.16,0.1,0.05,0.13,0.14,0.06,0.07,0.08,0.19,0.06,0.06,0.15,0.4,0.13,0.25,0.31,0.23,0.14,0.2,0.14,0.08,0.04
2020/5/4,0.1,0.09,0.19,0.13,0.06,0.11,0.08,0.15,0.2,0.49,0.11,0.15,0.11,0.11,0.07,0.1,0.1,0.15,0.12,0.1,0.15,0.13,0.07,0.08,0.11,0.22,0.13,0.06,0.11,0.47,0.12,0.25,0.3,0.17,0.12,0.18,0.2,0.16,0.06
2020/5/5,0.09,0.09,0.2,0.13,0.05,0.11,0.06,0.17,0.19,0.49,0.13,0.15,0.11,0.09,0.07,0.08,0.09,0.16,0.11,0.09,0.12,0.14,0.07,0.08,0.07,0.22,0.11,0.05,0.09,0.41,0.12,0.27,0.33,0.16,0.11,0.17,0.17,0.14,0.04
2020/5/6,0.09,0.09,0.22,0.13,0.05,0.12,0.07,0.18,0.19,0.49,0.11,0.16,0.11,0.11,0.07,0.08,0.1,0.14,0.1,0.08,0.15,0.17,0.06,0.08,0.08,0.25,0.11,0.04,0.08,0.45,0.12,0.37,0.35,0.17,0.12,0.16,0.15,0.17,0.04
2020/5/7,0.08,0.08,0.22,0.13,0.06,0.12,0.06,0.18,0.2,0.51,0.12,0.17,0.11,0.1,0.07,0.08,0.1,0.15,0.09,0.08,0.13,0.15,0.06,0.09,0.07,0.26,0.11,0.04,0.09,0.43,0.13,0.33,0.32,0.19,0.11,0.17,0.19,0.17,0.05
2020/5/8,0.09,0.09,0.2,0.13,0.05,0.1,0.07,0.15,0.2,0.52,0.1,0.16,0.11,0.1,0.06,0.07,0.1,0.15,0.08,0.08,0.14,0.15,0.06,0.07,0.08,0.23,0.1,0.05,0.1,0.41,0.12,0.28,0.36,0.23,0.12,0.17,0.19,0.15,0.04
2020/5/9,0.09,0.07,0.24,0.15,0.07,0.11,0.08,0.15,0.21,0.51,0.05,0.15,0.11,0.1,0.07,0.07,0.11,0.15,0.07,0.09,0.14,0.13,0.05,0.08,0.09,0.22,0.12,0.05,0.13,0.35,0.13,0.23,0.36,0.26,0.15,0.18,0.21,0.12,0.05
2020/5/10,0.07,0.06,0.19,0.13,0.08,0.1,0.07,0.14,0.22,0.46,0.07,0.13,0.1,0.1,0.1,0.07,0.1,0.17,0.07,0.09,0.13,0.18,0.06,0.13,0.09,0.23,0.11,0.05,0.09,0.34,0.13,0.32,0.27,0.25,0.15,0.19,0.22,0.15,0.05
2020/5/11,0.1,0.11,0.21,0.16,0.06,0.16,0.07,0.18,0.23,0.53,0.14,0.16,0.13,0.11,0.21,0.11,0.11,0.18,0.11,0.09,0.15,0.17,0.07,0.23,0.11,0.25,0.12,0.06,0.09,0.38,0.12,0.25,0.33,0.19,0.16,0.17,0.24,0.18,0.05
2020/5/12,0.09,0.1,0.23,0.13,0.06,0.16,0.07,0.19,0.25,0.51,0.14,0.15,0.12,0.11,0.2,0.09,0.1,0.16,0.11,0.08,0.12,0.18,0.07,0.22,0.1,0.23,0.12,0.04,0.08,0.42,0.13,0.32,0.31,0.19,0.13,0.18,0.17,0.17,0.04
2020/5/13,0.1,0.11,0.23,0.13,0.06,0.17,0.07,0.19,0.24,0.51,0.12,0.16,0.12,0.1,0.21,0.09,0.1,0.18,0.1,0.08,0.16,0.2,0.07,0.22,0.08,0.25,0.11,0.04,0.1,0.4,0.13,0.35,0.33,0.19,0.14,0.18,0.17,0.19,0.05
2020/5/14,0.09,0.09,0.22,0.14,0.06,0.16,0.07,0.16,0.21,0.53,0.14,0.15,0.12,0.09,0.2,0.09,0.11,0.17,0.1,0.09,0.14,0.18,0.07,0.21,0.09,0.24,0.12,0.04,0.09,0.42,0.12,0.31,0.33,0.18,0.13,0.16,0.18,0.18,0.05
2020/5/15,0.08,0.09,0.22,0.15,0.07,0.15,0.07,0.17,0.23,0.54,0.13,0.16,0.13,0.1,0.21,0.06,0.1,0.21,0.09,0.08,0.14,0.19,0.07,0.23,0.11,0.23,0.11,0.04,0.08,0.35,0.13,0.31,0.34,0.22,0.14,0.17,0.19,0.15,0.05
2020/5/16,0.08,0.07,0.24,0.15,0.09,0.16,0.09,0.17,0.22,0.54,0.05,0.2,0.13,0.08,0.24,0.07,0.11,0.25,0.09,0.09,0.17,0.16,0.07,0.3,0.08,0.24,0.12,0.05,0.1,0.37,0.15,0.28,0.36,0.29,0.14,0.23,0.2,0.17,0.07
2020/5/17,0.09,0.08,0.24,0.15,0.09,0.15,0.07,0.17,0.21,0.53,0.06,0.2,0.15,0.1,0.24,0.09,0.12,0.23,0.09,0.11,0.17,0.18,0.07,0.31,0.11,0.24,0.13,0.07,0.13,0.36,0.16,0.33,0.31,0.29,0.16,0.2,0.18,0.15,0.06
2020/5/18,0.1,0.12,0.25,0.18,0.07,0.21,0.08,0.22,0.29,0.49,0.06,0.2,0.16,0.12,0.26,0.13,0.13,0.2,0.11,0.15,0.18,0.2,0.08,0.26,0.13,0.24,0.18,0.06,0.1,0.35,0.14,0.36,0.34,0.23,0.12,0.14,0.23,0.25,0.05
2020/5/19,0.12,0.12,0.27,0.15,0.08,0.21,0.07,0.25,0.26,0.54,0.09,0.21,0.16,0.12,0.27,0.11,0.13,0.18,0.09,0.13,0.19,0.2,0.08,0.28,0.12,0.28,0.17,0.05,0.09,0.38,0.13,0.39,0.35,0.22,0.11,0.21,0.23,0.25,0.05
2020/5/20,0.13,0.12,0.31,0.16,0.07,0.23,0.08,0.24,0.3,0.54,0.16,0.2,0.16,0.1,0.28,0.11,0.13,0.19,0.11,0.14,0.18,0.22,0.08,0.3,0.09,0.33,0.16,0.05,0.08,0.43,0.13,0.36,0.43,0.23,0.1,0.19,0.21,0.3,0.05
2020/5/21,0.15,0.12,0.3,0.16,0.06,0.21,0.07,0.19,0.35,0.52,0.16,0.21,0.15,0.1,0.23,0.11,0.13,0.18,0.1,0.15,0.19,0.18,0.08,0.28,0.1,0.27,0.18,0.05,0.07,0.43,0.13,0.29,0.47,0.22,0.1,0.19,0.19,0.25,0.05
2020/5/22,0.1,0.11,0.25,0.15,0.07,0.17,0.07,0.19,0.24,0.53,0.13,0.2,0.15,0.1,0.24,0.1,0.13,0.22,0.09,0.14,0.19,0.18,0.08,0.28,0.11,0.25,0.17,0.05,0.13,0.43,0.13,0.34,0.36,0.24,0.12,0.21,0.2,0.19,0.04
2020/5/23,0.09,0.11,0.25,0.16,0.08,0.18,0.09,0.19,0.31,0.53,0.05,0.23,0.15,0.09,0.22,0.09,0.13,0.23,0.08,0.15,0.23,0.16,0.05,0.32,0.1,0.25,0.24,0.06,0.14,0.41,0.16,0.35,0.29,0.3,0.14,0.28,0.23,0.18,0.06
2020/5/24,0.08,0.1,0.21,0.18,0.1,0.17,0.11,0.16,0.22,0.52,0.05,0.25,0.18,0.1,0.28,0.1,0.13,0.22,0.09,0.16,0.24,0.2,0.08,0.37,0.1,0.27,0.2,0.07,0.16,0.35,0.16,0.36,0.32,0.26,0.14,0.26,0.24,0.16,0.06
2020/5/25,0.12,0.2,0.26,0.17,0.08,0.24,0.1,0.21,0.27,0.53,0.06,0.22,0.2,0.12,0.3,0.21,0.16,0.23,0.13,0.18,0.21,0.24,0.09,0.3,0.12,0.3,0.21,0.07,0.1,0.39,0.16,0.41,0.43,0.24,0.09,0.22,0.25,0.21,0.06
2020/5/26,0.14,0.18,0.3,0.19,0.09,0.21,0.08,0.23,0.32,0.56,0.08,0.21,0.17,0.1,0.3,0.2,0.15,0.21,0.1,0.17,0.22,0.25,0.09,0.32,0.13,0.26,0.2,0.05,0.09,0.37,0.15,0.4,0.45,0.24,0.12,0.21,0.23,0.24,0.05
2020/5/27,0.13,0.18,0.32,0.18,0.09,0.23,0.09,0.25,0.29,0.51,0.16,0.23,0.17,0.11,0.31,0.2,0.15,0.23,0.11,0.17,0.21,0.26,0.09,0.33,0.12,0.29,0.2,0.05,0.11,0.42,0.15,0.41,0.39,0.27,0.11,0.21,0.25,0.29,0.05
2020/5/28,0.13,0.17,0.29,0.17,0.08,0.22,0.08,0.27,0.32,0.57,0.18,0.23,0.17,0.11,0.3,0.19,0.16,0.21,0.1,0.16,0.21,0.22,0.08,0.32,0.09,0.31,0.19,0.05,0.1,0.4,0.14,0.38,0.43,0.27,0.11,0.2,0.25,0.26,0.05
2020/5/29,0.13,0.17,0.29,0.17,0.08,0.21,0.09,0.25,0.28,0.58,0.18,0.23,0.18,0.1,0.32,0.2,0.16,0.24,0.1,0.17,0.21,0.18,0.08,0.36,0.1,0.3,0.17,0.06,0.13,0.42,0.15,0.38,0.41,0.3,0.13,0.21,0.24,0.23,0.06
2020/5/30,0.13,0.21,0.31,0.2,0.11,0.23,0.12,0.21,0.32,0.46,0.08,0.27,0.19,0.14,0.34,0.23,0.17,0.27,0.09,0.19,0.25,0.22,0.09,0.45,0.13,0.31,0.21,0.05,0.14,0.4,0.18,0.35,0.48,0.35,0.13,0.26,0.25,0.19,0.08
2020/5/31,0.13,0.19,0.32,0.26,0.15,0.22,0.12,0.2,0.3,0.56,0.13,0.26,0.21,0.11,0.31,0.21,0.19,0.26,0.09,0.18,0.22,0.21,0.09,0.46,0.11,0.25,0.24,0.08,0.13,0.37,0.18,0.37,0.41,0.34,0.14,0.28,0.24,0.16,0.08
2020/6/1,0.17,0.21,0.36,0.19,0.11,0.24,0.09,0.23,0.37,0.61,0.26,0.26,0.2,0.12,0.32,0.24,0.18,0.25,0.13,0.21,0.24,0.32,0.1,0.38,0.14,0.31,0.26,0.08,0.14,0.39,0.18,0.49,0.5,0.31,0.13,0.24,0.28,0.22,0.07
2020/6/2,0.18,0.23,0.34,0.19,0.11,0.26,0.08,0.27,0.41,0.6,0.25,0.28,0.2,0.11,0.41,0.23,0.17,0.25,0.13,0.2,0.24,0.28,0.11,0.48,0.11,0.32,0.21,0.05,0.12,0.38,0.24,0.51,0.44,0.29,0.13,0.22,0.25,0.29,0.07
2020/6/3,0.31,0.21,0.34,0.15,0.09,0.27,0.09,0.25,0.34,0.63,0.25,0.3,0.18,0.11,0.39,0.24,0.15,0.25,0.13,0.19,0.2,0.34,0.09,0.42,0.1,0.37,0.25,0.06,0.11,0.39,0.23,0.5,0.44,0.3,0.13,0.22,0.24,0.3,0.08
2020/6/4,0.24,0.2,0.31,0.19,0.09,0.25,0.11,0.28,0.29,0.6,0.28,0.28,0.17,0.11,0.39,0.22,0.15,0.26,0.12,0.18,0.26,0.32,0.1,0.41,0.09,0.37,0.24,0.06,0.12,0.39,0.21,0.38,0.46,0.31,0.12,0.23,0.23,0.36,0.06
2020/6/5,0.23,0.23,0.31,0.16,0.11,0.22,0.12,0.21,0.32,0.61,0.25,0.29,0.17,0.12,0.41,0.24,0.16,0.3,0.14,0.22,0.24,0.31,0.09,0.42,0.13,0.33,0.23,0.06,0.12,0.41,0.2,0.4,0.47,0.36,0.13,0.23,0.23,0.26,0.07
2020/6/6,0.24,0.26,0.36,0.17,0.11,0.23,0.18,0.22,0.39,0.55,0.23,0.33,0.18,0.14,0.43,0.27,0.18,0.32,0.11,0.21,0.26,0.31,0.1,0.52,0.14,0.38,0.33,0.07,0.12,0.37,0.21,0.36,0.4,0.39,0.17,0.31,0.27,0.27,0.15
2020/6/7,0.23,0.16,0.28,0.18,0.12,0.26,0.15,0.23,0.32,0.46,0.27,0.28,0.2,0.14,0.4,0.25,0.16,0.26,0.12,0.19,0.3,0.38,0.11,0.49,0.13,0.32,0.29,0.08,0.19,0.33,0.23,0.46,0.44,0.27,0.15,0.29,0.27,0.2,0.1
2020/6/8,0.18,0.24,0.34,0.19,0.11,0.31,0.15,0.28,0.4,0.57,0.31,0.28,0.19,0.17,0.44,0.3,0.18,0.26,0.15,0.23,0.25,0.39,0.12,0.43,0.15,0.34,0.31,0.07,0.12,0.37,0.23,0.49,0.46,0.28,0.15,0.23,0.28,0.29,0.09
2020/6/9,0.2,0.22,0.37,0.18,0.1,0.29,0.12,0.28,0.38,0.61,0.3,0.3,0.19,0.15,0.45,0.28,0.16,0.27,0.13,0.23,0.24,0.46,0.12,0.48,0.13,0.36,0.31,0.06,0.1,0.38,0.23,0.52,0.47,0.3,0.15,0.25,0.24,0.34,0.08
2020/6/10,0.21,0.25,0.39,0.16,0.11,0.33,0.13,0.28,0.4,0.64,0.29,0.29,0.17,0.14,0.46,0.27,0.15,0.27,0.12,0.22,0.24,0.46,0.12,0.49,0.14,0.4,0.28,0.06,0.12,0.37,0.22,0.59,0.52,0.31,0.15,0.22,0.23,0.41,0.08
2020/6/11,0.19,0.25,0.37,0.16,0.1,0.33,0.14,0.27,0.43,0.67,0.32,0.23,0.17,0.13,0.47,0.28,0.15,0.29,0.12,0.23,0.23,0.45,0.1,0.47,0.13,0.35,0.26,0.06,0.11,0.39,0.22,0.5,0.51,0.34,0.14,0.25,0.24,0.32,0.08
2020/6/12,0.21,0.29,0.37,0.2,0.12,0.32,0.13,0.29,0.46,0.64,0.3,0.27,0.18,0.15,0.48,0.29,0.17,0.31,0.11,0.24,0.28,0.31,0.12,0.48,0.15,0.35,0.29,0.07,0.16,0.39,0.21,0.41,0.51,0.36,0.15,0.25,0.24,0.29,0.09
2020/6/13,0.19,0.34,0.34,0.22,0.15,0.33,0.16,0.26,0.37,0.56,0.27,0.31,0.24,0.14,0.5,0.33,0.19,0.37,0.12,0.23,0.26,0.35,0.13,0.6,0.18,0.35,0.29,0.09,0.17,0.36,0.19,0.47,0.51,0.43,0.17,0.29,0.27,0.27,0.11
2020/6/14,0.17,0.3,0.37,0.22,0.17,0.29,0.17,0.24,0.35,0.5,0.27,0.3,0.24,0.17,0.48,0.32,0.19,0.31,0.14,0.23,0.3,0.48,0.12,0.56,0.14,0.29,0.3,0.09,0.21,0.34,0.23,0.51,0.43,0.42,0.17,0.3,0.26,0.18,0.1
2020/6/15,0.2,0.29,0.39,0.24,0.15,0.37,0.16,0.29,0.43,0.66,0.37,0.31,0.23,0.16,0.5,0.34,0.21,0.27,0.16,0.27,0.29,0.5,0.13,0.5,0.18,0.37,0.34,0.1,0.18,0.37,0.24,0.58,0.48,0.36,0.17,0.26,0.3,0.34,0.11
2020/6/16,0.23,0.28,0.41,0.22,0.13,0.35,0.15,0.31,0.42,0.65,0.36,0.33,0.21,0.15,0.52,0.32,0.17,0.27,0.14,0.27,0.29,0.63,0.13,0.57,0.19,0.38,0.34,0.07,0.17,0.42,0.23,0.57,0.49,0.33,0.17,0.26,0.24,0.37,0.08
2020/6/17,0.24,0.3,0.43,0.2,0.13,0.4,0.15,0.32,0.42,0.67,0.34,0.36,0.2,0.14,0.5,0.32,0.17,0.28,0.14,0.26,0.29,0.59,0.13,0.55,0.15,0.41,0.34,0.07,0.14,0.42,0.23,0.61,0.5,0.36,0.16,0.25,0.27,0.4,0.08
2020/6/18,0.22,0.29,0.38,0.22,0.12,0.41,0.15,0.33,0.46,0.68,0.32,0.34,0.2,0.14,0.51,0.32,0.18,0.29,0.15,0.27,0.3,0.51,0.12,0.55,0.17,0.37,0.35,0.07,0.15,0.43,0.24,0.5,0.51,0.37,0.15,0.25,0.29,0.45,0.07
2020/6/19,0.21,0.32,0.35,0.22,0.15,0.39,0.17,0.3,0.44,0.7,0.26,0.31,0.22,0.16,0.52,0.33,0.19,0.33,0.16,0.26,0.3,0.49,0.15,0.56,0.14,0.39,0.33,0.08,0.17,0.43,0.41,0.53,0.45,0.44,0.17,0.28,0.28,0.38,0.1
2020/6/20,0.23,0.35,0.35,0.25,0.16,0.38,0.17,0.25,0.46,0.67,0.25,0.36,0.27,0.18,0.54,0.37,0.23,0.37,0.12,0.27,0.33,0.47,0.13,0.63,0.19,0.4,0.35,0.08,0.17,0.39,0.45,0.52,0.3,0.48,0.2,0.35,0.29,0.29,0.1
2020/6/21,0.21,0.35,0.35,0.23,0.16,0.35,0.17,0.22,0.4,0.62,0.32,0.38,0.24,0.16,0.58,0.36,0.22,0.3,0.13,0.25,0.31,0.54,0.13,0.69,0.17,0.37,0.35,0.09,0.15,0.36,0.46,0.52,0.39,0.39,0.18,0.35,0.26,0.23,0.11
2020/6/22,0.24,0.37,0.39,0.26,0.16,0.45,0.16,0.29,0.4,0.71,0.41,0.36,0.26,0.18,0.55,0.41,0.25,0.29,0.17,0.31,0.33,0.59,0.16,0.58,0.21,0.35,0.37,0.1,0.16,0.38,0.43,0.6,0.48,0.37,0.17,0.26,0.3,0.35,0.1
2020/6/23,0.26,0.39,0.43,0.25,0.14,0.43,0.16,0.36,0.52,0.71,0.33,0.34,0.26,0.15,0.57,0.39,0.22,0.28,0.14,0.31,0.31,0.68,0.16,0.64,0.16,0.39,0.39,0.08,0.15,0.39,0.41,0.6,0.55,0.36,0.16,0.25,0.29,0.42,0.08
2020/6/24,0.26,0.32,0.45,0.22,0.14,0.48,0.15,0.32,0.47,0.78,0.36,0.36,0.26,0.15,0.58,0.37,0.26,0.29,0.15,0.29,0.29,0.57,0.16,0.65,0.17,0.44,0.39,0.07,0.14,0.35,0.44,0.46,0.62,0.37,0.16,0.27,0.27,0.45,0.1
2020/6/25,0.27,0.36,0.47,0.25,0.14,0.52,0.15,0.33,0.43,0.72,0.39,0.32,0.27,0.17,0.56,0.37,0.25,0.28,0.16,0.3,0.34,0.57,0.15,0.66,0.15,0.44,0.39,0.06,0.15,0.4,0.46,0.55,0.62,0.39,0.17,0.28,0.31,0.46,0.1
2020/6/26,0.26,0.37,0.41,0.26,0.15,0.43,0.15,0.28,0.46,0.74,0.35,0.31,0.27,0.17,0.57,0.35,0.2,0.32,0.14,0.28,0.33,0.57,0.16,0.63,0.16,0.44,0.37,0.08,0.17,0.43,0.52,0.57,0.58,0.43,0.16,0.31,0.3,0.41,0.1
2020/6/27,0.23,0.37,0.46,0.23,0.17,0.42,0.18,0.28,0.39,0.69,0.3,0.33,0.25,0.17,0.55,0.34,0.2,0.33,0.14,0.26,0.35,0.57,0.14,0.67,0.21,0.38,0.37,0.07,0.16,0.43,0.61,0.56,0.54,0.47,0.14,0.37,0.28,0.39,0.12
2020/6/28,0.21,0.35,0.37,0.26,0.17,0.41,0.2,0.23,0.36,0.7,0.26,0.36,0.28,0.17,0.57,0.36,0.2,0.3,0.14,0.26,0.3,0.57,0.16,0.69,0.21,0.35,0.34,0.1,0.21,0.39,0.58,0.57,0.53,0.43,0.16,0.41,0.34,0.31,0.11
2020/6/29,0.24,0.42,0.44,0.27,0.14,0.5,0.18,0.32,0.44,0.76,0.43,0.33,0.26,0.19,0.6,0.43,0.22,0.27,0.17,0.32,0.33,0.64,0.18,0.61,0.23,0.4,0.32,0.1,0.18,0.39,0.5,0.67,0.51,0.36,0.17,0.3,0.35,0.4,0.11
2020/6/30,0.28,0.41,0.46,0.26,0.15,0.48,0.16,0.36,0.45,0.8,0.46,0.35,0.25,0.17,0.62,0.42,0.23,0.25,0.15,0.31,0.32,0.68,0.17,0.68,0.21,0.41,0.39,0.07,0.14,0.39,0.5,0.64,0.54,0.38,0.18,0.32,0.32,0.47,0.11
2020/7/1,0.3,0.45,0.48,0.26,0.15,0.53,0.17,0.35,0.51,0.6,0.4,0.36,0.25,0.16,0.62,0.42,0.23,0.26,0.18,0.31,0.34,0.6,0.16,0.68,0.17,0.44,0.42,0.07,0.16,0.41,0.51,0.5,0.5,0.4,0.17,0.28,0.27,0.53,0.1
2020/7/2,0.29,0.42,0.48,0.26,0.15,0.52,0.19,0.36,0.5,0.71,0.41,0.36,0.25,0.16,0.61,0.41,0.23,0.25,0.18,0.31,0.37,0.58,0.18,0.67,0.21,0.45,0.39,0.07,0.14,0.41,0.51,0.61,0.52,0.43,0.16,0.33,0.28,0.52,0.1
2020/7/3,0.28,0.42,0.45,0.25,0.14,0.48,0.17,0.32,0.52,0.69,0.4,0.35,0.28,0.15,0.59,0.38,0.23,0.27,0.16,0.27,0.34,0.59,0.16,0.67,0.2,0.43,0.37,0.07,0.16,0.46,0.56,0.6,0.53,0.47,0.17,0.33,0.26,0.46,0.11
2020/7/4,0.28,0.42,0.45,0.29,0.15,0.45,0.17,0.31,0.54,0.68,0.39,0.39,0.32,0.13,0.6,0.38,0.29,0.31,0.15,0.3,0.36,0.57,0.14,0.71,0.2,0.44,0.37,0.07,0.16,0.4,0.68,0.57,0.48,0.51,0.19,0.38,0.29,0.43,0.11
2020/7/5,0.27,0.44,0.41,0.32,0.16,0.43,0.19,0.26,0.44,0.68,0.4,0.4,0.34,0.14,0.62,0.39,0.29,0.26,0.18,0.29,0.34,0.61,0.16,0.72,0.21,0.37,0.39,0.08,0.17,0.37,0.62,0.48,0.43,0.46,0.18,0.38,0.32,0.4,0.11
2020/7/6,0.28,0.5,0.43,0.29,0.17,0.53,0.21,0.34,0.47,0.75,0.5,0.38,0.31,0.19,0.63,0.46,0.3,0.25,0.19,0.35,0.32,0.69,0.18,0.64,0.23,0.37,0.47,0.09,0.2,0.42,0.53,0.68,0.5,0.4,0.19,0.31,0.33,0.52,0.11
2020/7/7,0.3,0.49,0.48,0.27,0.16,0.46,0.18,0.4,0.51,0.72,0.47,0.38,0.29,0.17,0.64,0.44,0.27,0.25,0.19,0.35,0.35,0.66,0.17,0.71,0.21,0.39,0.42,0.07,0.16,0.39,0.52,0.71,0.52,0.4,0.18,0.31,0.29,0.58,0.11
2020/7/8,0.34,0.5,0.49,0.25,0.16,0.54,0.19,0.38,0.52,0.7,0.43,0.4,0.29,0.17,0.64,0.43,0.27,0.24,0.21,0.34,0.34,0.66,0.18,0.71,0.21,0.43,0.41,0.07,0.17,0.41,0.53,0.7,0.5,0.41,0.18,0.29,0.28,0.56,0.1
2020/7/9,0.33,0.45,0.48,0.29,0.16,0.53,0.16,0.34,0.55,0.69,0.46,0.4,0.29,0.17,0.63,0.41,0.28,0.13,0.18,0.33,0.34,0.62,0.19,0.68,0.23,0.43,0.41,0.06,0.17,0.38,0.57,0.62,0.55,0.41,0.18,0.31,0.32,0.63,0.1
2020/7/10,0.33,0.46,0.46,0.27,0.15,0.47,0.17,0.32,0.53,0.65,0.44,0.4,0.33,0.19,0.59,0.39,0.3,0.14,0.16,0.29,0.33,0.64,0.15,0.64,0.19,0.4,0.42,0.07,0.18,0.41,0.6,0.63,0.48,0.45,0.19,0.34,0.29,0.51,0.1
2020/7/11,0.39,0.47,0.49,0.34,0.17,0.49,0.21,0.32,0.51,0.58,0.43,0.45,0.37,0.18,0.54,0.37,0.33,0.13,0.16,0.28,0.32,0.62,0.15,0.61,0.24,0.42,0.41,0.08,0.18,0.38,0.67,0.53,0.44,0.47,0.21,0.37,0.32,0.4,0.12
2020/7/12,0.39,0.46,0.47,0.31,0.19,0.52,0.23,0.27,0.49,0.56,0.44,0.43,0.36,0.16,0.51,0.38,0.34,0.15,0.17,0.29,0.29,0.67,0.19,0.6,0.26,0.4,0.41,0.1,0.17,0.33,0.63,0.7,0.47,0.42,0.24,0.41,0.33,0.41,0.12
2020/7/13,0.47,0.52,0.52,0.31,0.16,0.6,0.2,0.36,0.58,0.6,0.49,0.43,0.33,0.17,0.52,0.48,0.3,0.16,0.23,0.37,0.32,0.63,0.2,0.54,0.23,0.37,0.47,0.09,0.17,0.33,0.51,0.7,0.46,0.39,0.2,0.31,0.35,0.63,0.12
2020/7/14,0.41,0.52,0.55,0.3,0.16,0.53,0.18,0.39,0.59,0.54,0.55,0.41,0.32,0.15,0.47,0.45,0.31,0.16,0.2,0.38,0.31,0.65,0.2,0.56,0.23,0.42,0.45,0.08,0.15,0.4,0.55,0.75,0.48,0.36,0.19,0.32,0.32,0.63,0.1
2020/7/15,0.4,0.51,0.52,0.25,0.16,0.55,0.17,0.36,0.55,0.46,0.46,0.41,0.32,0.14,0.62,0.44,0.28,0.14,0.2,0.35,0.32,0.65,0.2,0.65,0.23,0.43,0.44,0.07,0.15,0.41,0.55,0.76,0.48,0.39,0.17,0.32,0.29,0.6,0.11
2020/7/16,0.4,0.47,0.52,0.3,0.16,0.52,0.17,0.34,0.47,0.48,0.5,0.42,0.33,0.15,0.61,0.43,0.31,0.15,0.2,0.35,0.31,0.58,0.19,0.64,0.2,0.38,0.43,0.07,0.16,0.36,0.55,0.65,0.46,0.39,0.2,0.3,0.33,0.58,0.1
2020/7/17,0.35,0.42,0.48,0.35,0.17,0.48,0.17,0.29,0.55,0.43,0.48,0.39,0.37,0.16,0.59,0.38,0.31,0.14,0.19,0.31,0.34,0.6,0.18,0.65,0.25,0.44,0.4,0.07,0.17,0.36,0.6,0.66,0.47,0.42,0.19,0.34,0.31,0.44,0.11
2020/7/18,0.36,0.39,0.54,0.36,0.2,0.44,0.22,0.36,0.66,0.39,0.48,0.44,0.4,0.16,0.56,0.37,0.31,0.12,0.17,0.29,0.34,0.58,0.2,0.68,0.24,0.45,0.42,0.08,0.22,0.38,0.72,0.67,0.43,0.47,0.21,0.43,0.36,0.41,0.12
2020/7/19,0.35,0.39,0.52,0.35,0.19,0.44,0.2,0.28,0.55,0.35,0.48,0.44,0.36,0.18,0.59,0.39,0.38,0.13,0.17,0.28,0.32,0.67,0.2,0.7,0.22,0.42,0.42,0.09,0.25,0.29,0.68,0.64,0.39,0.43,0.22,0.38,0.35,0.39,0.12
2020/7/20,0.38,0.43,0.51,0.34,0.18,0.5,0.2,0.35,0.59,0.4,0.59,0.39,0.35,0.21,0.61,0.46,0.34,0.15,0.23,0.36,0.3,0.64,0.2,0.63,0.26,0.42,0.46,0.08,0.18,0.34,0.57,0.72,0.44,0.37,0.19,0.32,0.35,0.6,0.12
2020/7/21,0.39,0.41,0.52,0.33,0.17,0.42,0.17,0.35,0.64,0.38,0.57,0.4,0.34,0.17,0.62,0.43,0.31,0.13,0.2,0.35,0.28,0.67,0.2,0.68,0.25,0.42,0.44,0.07,0.13,0.4,0.58,0.73,0.45,0.37,0.19,0.33,0.34,0.6,0.1
2020/7/22,0.4,0.41,0.55,0.31,0.18,0.5,0.19,0.41,0.63,0.36,0.53,0.42,0.35,0.15,0.61,0.43,0.32,0.12,0.19,0.34,0.29,0.66,0.19,0.67,0.22,0.42,0.46,0.07,0.14,0.35,0.57,0.67,0.44,0.37,0.21,0.29,0.3,0.67,0.1
2020/7/23,0.38,0.39,0.54,0.32,0.16,0.49,0.18,0.34,0.62,0.36,0.57,0.42,0.35,0.15,0.59,0.41,0.33,0.12,0.18,0.34,0.3,0.61,0.18,0.65,0.23,0.43,0.45,0.07,0.15,0.34,0.57,0.64,0.42,0.39,0.19,0.32,0.31,0.61,0.09
2020/7/24,0.37,0.38,0.5,0.34,0.16,0.43,0.19,0.29,0.58,0.35,0.54,0.44,0.37,0.16,0.57,0.37,0.35,0.13,0.17,0.3,0.31,0.55,0.19,0.62,0.2,0.4,0.42,0.07,0.15,0.34,0.61,0.63,0.46,0.39,0.21,0.35,0.27,0.51,0.1
2020/7/25,0.38,0.39,0.52,0.36,0.21,0.4,0.22,0.27,0.55,0.32,0.48,0.46,0.38,0.16,0.55,0.36,0.37,0.13,0.17,0.28,0.32,0.62,0.23,0.63,0.28,0.45,0.44,0.08,0.19,0.34,0.72,0.54,0.44,0.41,0.24,0.44,0.32,0.47,0.13
2020/7/26,0.38,0.36,0.47,0.34,0.18,0.43,0.23,0.26,0.5,0.31,0.49,0.44,0.4,0.16,0.57,0.36,0.36,0.14,0.18,0.27,0.29,0.62,0.2,0.66,0.25,0.41,0.42,0.09,0.24,0.32,0.65,0.75,0.42,0.31,0.22,0.42,0.31,0.39,0.12
2020/7/27,0.43,0.41,0.55,0.33,0.17,0.45,0.19,0.32,0.61,0.37,0.55,0.41,0.35,0.18,0.59,0.43,0.33,0.13,0.23,0.34,0.28,0.63,0.21,0.61,0.26,0.4,0.49,0.09,0.18,0.35,0.54,0.79,0.46,0.33,0.21,0.31,0.35,0.54,0.13
2020/7/28,0.45,0.39,0.59,0.35,0.16,0.41,0.17,0.39,0.6,0.36,0.57,0.39,0.36,0.16,0.57,0.42,0.35,0.13,0.2,0.33,0.3,0.68,0.2,0.65,0.21,0.42,0.46,0.07,0.16,0.39,0.58,0.64,0.47,0.34,0.22,0.34,0.31,0.65,0.1
2020/7/29,0.45,0.39,0.58,0.33,0.17,0.45,0.17,0.36,0.64,0.31,0.47,0.43,0.37,0.15,0.59,0.4,0.33,0.13,0.22,0.32,0.28,0.7,0.21,0.64,0.21,0.43,0.45,0.06,0.16,0.35,0.57,0.73,0.48,0.38,0.19,0.32,0.3,0.65,0.11
2020/7/30,0.44,0.37,0.54,0.36,0.17,0.42,0.18,0.36,0.65,0.31,0.38,0.43,0.39,0.17,0.62,0.38,0.35,0.12,0.18,0.31,0.26,0.64,0.2,0.62,0.22,0.41,0.46,0.07,0.17,0.38,0.68,0.71,0.48,0.37,0.19,0.34,0.36,0.62,0.1
2020/7/31,0.44,0.36,0.54,0.37,0.16,0.38,0.2,0.32,0.59,0.28,0.32,0.44,0.41,0.18,0.54,0.35,0.36,0.12,0.18,0.27,0.27,0.57,0.2,0.55,0.21,0.42,0.41,0.07,0.2,0.44,0.71,0.67,0.5,0.41,0.2,0.37,0.32,0.53,0.1
2020/8/1,0.44,0.36,0.58,0.39,0.2,0.37,0.23,0.41,0.61,0.24,0.38,0.46,0.43,0.16,0.51,0.32,0.37,0.13,0.18,0.23,0.3,0.56,0.23,0.57,0.26,0.41,0.41,0.08,0.2,0.29,0.78,0.7,0.51,0.46,0.23,0.44,0.3,0.43,0.13
2020/8/2,0.42,0.34,0.48,0.41,0.2,0.38,0.23,0.32,0.58,0.27,0.45,0.48,0.43,0.17,0.53,0.34,0.38,0.16,0.17,0.23,0.24,0.66,0.19,0.61,0.27,0.45,0.4,0.09,0.26,0.26,0.7,0.76,0.44,0.4,0.22,0.39,0.31,0.41,0.12
2020/8/3,0.49,0.41,0.56,0.35,0.18,0.44,0.21,0.4,0.7,0.33,0.46,0.45,0.39,0.18,0.51,0.41,0.37,0.14,0.24,0.27,0.28,0.69,0.22,0.52,0.3,0.44,0.48,0.09,0.18,0.31,0.59,0.74,0.53,0.35,0.23,0.28,0.31,0.66,0.12
2020/8/4,0.49,0.37,0.61,0.35,0.16,0.42,0.21,0.41,0.85,0.33,0.51,0.48,0.39,0.19,0.51,0.36,0.33,0.12,0.22,0.27,0.25,0.73,0.19,0.54,0.25,0.5,0.45,0.07,0.15,0.36,0.6,0.77,0.54,0.34,0.22,0.34,0.29,0.68,0.09
2020/8/5,0.5,0.38,0.65,0.34,0.18,0.43,0.19,0.42,0.84,0.33,0.51,0.5,0.4,0.16,0.54,0.36,0.32,0.09,0.23,0.25,0.26,0.74,0.23,0.53,0.28,0.49,0.45,0.07,0.15,0.37,0.61,0.82,0.48,0.36,0.23,0.33,0.32,0.74,0.12
2020/8/6,0.49,0.37,0.63,0.38,0.17,0.43,0.19,0.44,0.72,0.35,0.55,0.48,0.39,0.16,0.49,0.34,0.36,0.08,0.2,0.24,0.29,0.64,0.22,0.51,0.24,0.48,0.43,0.07,0.17,0.39,0.62,0.75,0.54,0.34,0.23,0.36,0.33,0.8,0.11
2020/8/7,0.47,0.36,0.59,0.38,0.18,0.39,0.19,0.39,0.63,0.35,0.53,0.48,0.41,0.18,0.5,0.3,0.38,0.08,0.19,0.2,0.32,0.61,0.22,0.48,0.23,0.41,0.4,0.07,0.14,0.37,0.69,0.73,0.54,0.35,0.23,0.36,0.29,0.67,0.12
2020/8/8,0.46,0.36,0.6,0.4,0.22,0.35,0.23,0.42,0.59,0.34,0.52,0.56,0.43,0.17,0.47,0.29,0.4,0.08,0.18,0.2,0.33,0.61,0.22,0.47,0.29,0.41,0.42,0.09,0.22,0.33,0.81,0.72,0.55,0.39,0.3,0.47,0.31,0.63,0.13
2020/8/9,0.45,0.35,0.58,0.39,0.23,0.35,0.25,0.39,0.56,0.34,0.56,0.57,0.44,0.15,0.51,0.32,0.4,0.09,0.19,0.18,0.3,0.67,0.23,0.51,0.3,0.41,0.39,0.1,0.24,0.27,0.76,0.73,0.53,0.32,0.25,0.45,0.34,0.55,0.13
2020/8/10,0.51,0.37,0.62,0.39,0.17,0.42,0.19,0.52,0.68,0.39,0.68,0.52,0.42,0.21,0.52,0.35,0.39,0.09,0.25,0.2,0.28,0.69,0.23,0.47,0.32,0.42,0.42,0.1,0.19,0.33,0.71,0.77,0.62,0.33,0.23,0.35,0.34,0.78,0.13
2020/8/11,0.51,0.35,0.65,0.37,0.17,0.4,0.19,0.57,0.71,0.37,0.66,0.53,0.42,0.17,0.49,0.29,0.38,0.08,0.21,0.19,0.28,0.74,0.23,0.48,0.27,0.46,0.4,0.08,0.12,0.33,0.61,0.71,0.64,0.34,0.22,0.34,0.29,0.82,0.11
2020/8/12,0.54,0.38,0.66,0.35,0.17,0.42,0.18,0.55,0.65,0.35,0.64,0.54,0.41,0.15,0.47,0.33,0.38,0.08,0.22,0.17,0.3,0.73,0.21,0.48,0.26,0.52,0.38,0.07,0.15,0.38,0.6,0.72,0.65,0.36,0.22,0.36,0.3,0.85,0.11
2020/8/13,0.53,0.36,0.62,0.37,0.17,0.4,0.22,0.5,0.69,0.36,0.62,0.53,0.39,0.17,0.45,0.32,0.38,0.08,0.23,0.16,0.33,0.65,0.21,0.46,0.26,0.49,0.39,0.07,0.15,0.38,0.62,0.68,0.65,0.37,0.23,0.37,0.31,0.8,0.11
2020/8/14,0.44,0.35,0.55,0.41,0.19,0.38,0.2,0.41,0.63,0.38,0.58,0.53,0.4,0.17,0.45,0.28,0.38,0.08,0.23,0.15,0.31,0.57,0.23,0.45,0.29,0.49,0.35,0.09,0.17,0.4,0.65,0.71,0.61,0.38,0.24,0.39,0.29,0.63,0.13
2020/8/15,0.43,0.34,0.57,0.45,0.2,0.32,0.23,0.43,0.63,0.39,0.57,0.58,0.43,0.18,0.45,0.27,0.42,0.09,0.2,0.13,0.31,0.63,0.25,0.45,0.33,0.44,0.34,0.1,0.19,0.29,0.8,0.73,0.68,0.45,0.29,0.48,0.32,0.52,0.14
2020/8/16,0.41,0.35,0.6,0.39,0.18,0.38,0.26,0.4,0.61,0.38,0.6,0.58,0.43,0.18,0.5,0.3,0.38,0.08,0.25,0.15,0.32,0.69,0.18,0.51,0.22,0.42,0.38,0.1,0.26,0.27,0.74,0.8,0.64,0.39,0.23,0.45,0.33,0.48,0.12
2020/8/17,0.46,0.38,0.63,0.39,0.2,0.46,0.23,0.5,0.68,0.4,0.68,0.54,0.43,0.21,0.57,0.35,0.41,0.08,0.26,0.19,0.29,0.69,0.24,0.48,0.3,0.49,0.39,0.1,0.19,0.34,0.59,0.79,0.7,0.35,0.24,0.34,0.35,0.7,0.14
2020/8/18,0.47,0.37,0.63,0.39,0.18,0.44,0.2,0.54,0.62,0.34,0.63,0.53,0.44,0.18,0.54,0.33,0.4,0.07,0.26,0.18,0.28,0.79,0.24,0.52,0.28,0.48,0.39,0.08,0.15,0.32,0.62,0.74,0.67,0.35,0.21,0.37,0.32,0.8,0.13
2020/8/19,0.45,0.37,0.66,0.37,0.19,0.5,0.19,0.49,0.67,0.32,0.6,0.54,0.43,0.18,0.55,0.32,0.4,0.07,0.26,0.19,0.31,0.78,0.23,0.48,0.27,0.49,0.38,0.07,0.15,0.3,0.62,0.91,0.71,0.34,0.22,0.36,0.33,0.81,0.13
2020/8/20,0.44,0.34,0.65,0.41,0.18,0.47,0.2,0.52,0.68,0.43,0.58,0.5,0.43,0.18,0.51,0.3,0.41,0.07,0.25,0.18,0.32,0.73,0.24,0.48,0.28,0.52,0.36,0.07,0.17,0.3,0.63,0.78,0.72,0.36,0.22,0.39,0.33,0.77,0.12
2020/8/21,0.38,0.34,0.64,0.39,0.21,0.44,0.21,0.5,0.66,0.41,0.54,0.52,0.43,0.19,0.49,0.28,0.4,0.07,0.24,0.18,0.31,0.68,0.25,0.48,0.32,0.53,0.34,0.08,0.15,0.27,0.68,0.79,0.62,0.39,0.18,0.38,0.3,0.65,0.14
2020/8/22,0.37,0.36,0.54,0.43,0.22,0.38,0.26,0.47,0.66,0.41,0.57,0.61,0.47,0.18,0.51,0.28,0.39,0.07,0.22,0.18,0.35,0.69,0.26,0.5,0.31,0.48,0.39,0.11,0.2,0.2,0.8,0.79,0.57,0.43,0.23,0.5,0.32,0.58,0.15
2020/8/23,0.38,0.34,0.59,0.43,0.27,0.4,0.26,0.41,0.63,0.42,0.58,0.61,0.47,0.17,0.6,0.31,0.41,0.08,0.22,0.2,0.32,0.76,0.24,0.64,0.27,0.48,0.42,0.11,0.22,0.25,0.7,0.75,0.61,0.4,0.23,0.51,0.33,0.54,0.16
2020/8/24,0.45,0.37,0.59,0.46,0.22,0.51,0.23,0.5,0.68,0.45,0.67,0.54,0.46,0.23,0.65,0.36,0.44,0.08,0.26,0.26,0.32,0.73,0.25,0.57,0.3,0.46,0.43,0.11,0.21,0.26,0.62,0.87,0.66,0.37,0.24,0.37,0.33,0.71,0.15
2020/8/25,0.44,0.37,0.62,0.43,0.19,0.51,0.22,0.58,0.64,0.44,0.64,0.56,0.46,0.18,0.65,0.35,0.4,0.08,0.24,0.26,0.3,0.8,0.24,0.61,0.25,0.42,0.42,0.08,0.18,0.29,0.63,0.84,0.67,0.36,0.24,0.38,0.33,0.79,0.13
2020/8/26,0.52,0.39,0.63,0.42,0.21,0.53,0.2,0.59,0.74,0.43,0.66,0.57,0.49,0.16,0.65,0.34,0.46,0.07,0.23,0.27,0.32,0.8,0.25,0.61,0.3,0.49,0.43,0.07,0.18,0.26,0.63,0.97,0.67,0.39,0.22,0.37,0.32,0.81,0.14
2020/8/27,0.45,0.37,0.6,0.41,0.19,0.54,0.21,0.58,0.7,0.45,0.7,0.55,0.43,0.17,0.66,0.33,0.42,0.07,0.23,0.27,0.33,0.76,0.23,0.61,0.26,0.47,0.41,0.07,0.15,0.25,0.64,0.79,0.68,0.39,0.24,0.38,0.34,0.69,0.13
2020/8/28,0.41,0.35,0.55,0.45,0.22,0.49,0.21,0.53,0.66,0.47,0.59,0.53,0.45,0.18,0.63,0.31,0.45,0.08,0.22,0.25,0.32,0.73,0.25,0.6,0.24,0.48,0.4,0.07,0.17,0.28,0.71,0.87,0.66,0.4,0.24,0.4,0.31,0.61,0.19
2020/8/29,0.38,0.3,0.55,0.5,0.21,0.47,0.26,0.52,0.6,0.47,0.57,0.6,0.47,0.19,0.66,0.31,0.46,0.08,0.24,0.24,0.29,0.75,0.22,0.63,0.25,0.45,0.42,0.1,0.23,0.23,0.81,0.9,0.64,0.47,0.29,0.49,0.32,0.53,0.16
2020/8/30,0.37,0.33,0.53,0.51,0.3,0.45,0.28,0.47,0.61,0.49,0.61,0.64,0.52,0.19,0.8,0.36,0.48,0.08,0.26,0.3,0.34,0.85,0.28,0.7,0.33,0.44,0.39,0.1,0.24,0.27,0.79,0.86,0.66,0.43,0.27,0.47,0.31,0.45,0.2
2020/8/31,0.42,0.42,0.62,0.48,0.26,0.64,0.22,0.62,0.63,0.56,0.7,0.6,0.53,0.21,0.93,0.47,0.51,0.08,0.28,0.43,0.36,0.85,0.25,0.73,0.29,0.46,0.46,0.1,0.19,0.3,0.64,1.03,0.71,0.35,0.25,0.38,0.34,0.67,0.14
2020/9/1,0.43,0.42,0.62,0.53,0.26,0.6,0.21,0.58,0.68,0.48,0.66,0.59,0.47,0.17,0.96,0.46,0.47,0.08,0.24,0.44,0.33,0.88,0.24,0.78,0.25,0.47,0.5,0.08,0.19,0.29,0.64,1.03,0.68,0.35,0.25,0.39,0.32,0.68,0.14
2020/9/2,0.42,0.42,0.63,0.51,0.25,0.67,0.21,0.56,0.69,0.47,0.64,0.65,0.47,0.18,0.93,0.47,0.49,0.07,0.25,0.42,0.32,0.92,0.24,0.79,0.26,0.53,0.49,0.08,0.15,0.21,0.64,1.05,0.71,0.38,0.24,0.36,0.31,0.77,0.14
2020/9/3,0.43,0.41,0.63,0.54,0.25,0.65,0.23,0.55,0.68,0.47,0.62,0.62,0.48,0.19,0.94,0.46,0.48,0.07,0.25,0.43,0.36,0.86,0.24,0.8,0.25,0.46,0.49,0.08,0.2,0.27,0.64,0.97,0.68,0.4,0.24,0.41,0.35,0.71,0.13
2020/9/4,0.4,0.4,0.59,0.54,0.28,0.59,0.24,0.49,0.64,0.48,0.6,0.63,0.5,0.2,0.88,0.43,0.5,0.08,0.25,0.42,0.34,0.83,0.27,0.8,0.3,0.51,0.48,0.09,0.21,0.33,0.71,0.81,0.62,0.4,0.25,0.42,0.33,0.58,0.16
2020/9/5,0.39,0.39,0.59,0.53,0.35,0.49,0.28,0.47,0.69,0.48,0.63,0.68,0.54,0.19,0.84,0.43,0.5,0.08,0.23,0.41,0.36,0.76,0.28,0.81,0.35,0.52,0.51,0.1,0.24,0.29,0.73,0.91,0.65,0.45,0.29,0.48,0.31,0.57,0.17
2020/9/6,0.36,0.4,0.6,0.49,0.35,0.48,0.26,0.38,0.69,0.47,0.64,0.7,0.53,0.16,0.93,0.46,0.53,0.09,0.22,0.42,0.35,0.86,0.27,0.84,0.34,0.42,0.54,0.11,0.25,0.25,0.76,0.79,0.57,0.4,0.27,0.52,0.3,0.46,0.19
2020/9/7,0.39,0.46,0.59,0.55,0.29,0.65,0.21,0.46,0.64,0.49,0.69,0.7,0.5,0.17,1.06,0.57,0.56,0.09,0.29,0.54,0.26,0.84,0.27,0.84,0.31,0.44,0.61,0.11,0.2,0.22,0.65,0.94,0.62,0.37,0.16,0.29,0.3,0.69,0.16
2020/9/8,0.44,0.46,0.6,0.55,0.25,0.6,0.21,0.53,0.66,0.45,0.67,0.66,0.5,0.17,1.02,0.54,0.53,0.07,0.26,0.57,0.32,0.82,0.27,0.88,0.3,0.46,0.57,0.08,0.19,0.33,0.65,0.94,0.67,0.37,0.27,0.39,0.34,0.69,0.14
2020/9/9,0.42,0.48,0.64,0.53,0.26,0.65,0.2,0.51,0.64,0.49,0.62,0.68,0.5,0.19,0.98,0.54,0.54,0.08,0.27,0.54,0.35,0.8,0.26,0.85,0.29,0.49,0.56,0.07,0.17,0.3,0.65,1,0.69,0.37,0.25,0.37,0.32,0.71,0.12
2020/9/10,0.41,0.46,0.67,0.53,0.23,0.65,0.21,0.5,0.69,0.49,0.62,0.68,0.5,0.17,0.95,0.51,0.54,0.07,0.24,0.53,0.34,0.75,0.24,0.84,0.26,0.46,0.56,0.07,0.17,0.3,0.63,0.8,0.7,0.38,0.27,0.4,0.38,0.7,0.11
2020/9/11,0.39,0.35,0.63,0.57,0.29,0.62,0.21,0.43,0.65,0.52,0.56,0.62,0.52,0.18,0.93,0.49,0.54,0.08,0.21,0.5,0.35,0.75,0.27,0.84,0.31,0.46,0.53,0.07,0.15,0.35,0.71,0.79,0.67,0.42,0.27,0.41,0.31,0.58,0.13
2020/9/12,0.39,0.4,0.66,0.54,0.35,0.56,0.22,0.44,0.68,0.5,0.58,0.66,0.57,0.19,0.97,0.48,0.54,0.08,0.24,0.52,0.38,0.79,0.32,0.92,0.32,0.48,0.59,0.08,0.17,0.31,0.8,0.89,0.6,0.44,0.3,0.51,0.29,0.5,0.18
2020/9/13,0.37,0.43,0.66,0.56,0.33,0.62,0.28,0.41,0.59,0.53,0.58,0.65,0.58,0.19,1,0.5,0.57,0.09,0.25,0.53,0.32,0.76,0.27,0.92,0.3,0.47,0.59,0.1,0.18,0.35,0.67,0.82,0.63,0.4,0.3,0.46,0.31,0.46,0.17
2020/9/14,0.41,0.56,0.65,0.6,0.27,0.83,0.23,0.47,0.66,0.53,0.66,0.65,0.52,0.2,1.03,0.61,0.6,0.08,0.3,0.67,0.36,0.78,0.28,0.83,0.26,0.5,0.67,0.09,0.17,0.32,0.61,0.93,0.65,0.37,0.28,0.4,0.33,0.64,0.14
2020/9/15,0.45,0.51,0.65,0.55,0.24,0.75,0.23,0.5,0.65,0.48,0.68,0.65,0.52,0.19,0.98,0.58,0.57,0.08,0.21,0.66,0.32,0.83,0.27,0.88,0.3,0.48,0.65,0.08,0.14,0.3,0.65,0.92,0.66,0.37,0.26,0.4,0.32,0.64,0.13
2020/9/16,0.39,0.53,0.73,0.55,0.25,0.78,0.22,0.51,0.62,0.54,0.69,0.63,0.52,0.18,1.01,0.57,0.57,0.08,0.15,0.63,0.37,0.87,0.27,0.89,0.3,0.51,0.65,0.08,0.17,0.32,0.63,0.92,0.73,0.4,0.25,0.38,0.27,0.67,0.13
2020/9/17,0.39,0.49,0.65,0.58,0.23,0.76,0.24,0.5,0.67,0.54,0.72,0.61,0.52,0.18,0.97,0.55,0.6,0.08,0.32,0.63,0.35,0.74,0.27,0.9,0.26,0.58,0.66,0.09,0.16,0.39,0.65,0.84,0.69,0.41,0.26,0.39,0.33,0.68,0.13
2020/9/18,0.37,0.48,0.63,0.56,0.25,0.7,0.24,0.43,0.72,0.55,0.64,0.52,0.53,0.2,0.98,0.49,0.62,0.09,0.29,0.61,0.38,0.8,0.28,0.87,0.3,0.52,0.63,0.09,0.17,0.37,0.73,0.84,0.71,0.42,0.25,0.4,0.29,0.57,0.16
2020/9/19,0.39,0.47,0.62,0.57,0.37,0.64,0.29,0.42,0.78,0.53,0.64,0.57,0.58,0.2,0.95,0.47,0.64,0.11,0.26,0.56,0.41,0.76,0.32,0.9,0.37,0.56,0.63,0.11,0.2,0.36,0.89,0.89,0.67,0.43,0.32,0.47,0.33,0.5,0.23
2020/9/20,0.36,0.46,0.6,0.63,0.31,0.79,0.3,0.37,0.68,0.56,0.58,0.59,0.57,0.22,0.97,0.51,0.66,0.1,0.28,0.56,0.36,0.82,0.3,0.96,0.34,0.5,0.58,0.13,0.27,0.36,0.79,0.9,0.57,0.36,0.27,0.47,0.33,0.42,0.21
2020/9/21,0.36,0.55,0.62,0.64,0.26,0.79,0.26,0.43,0.7,0.54,0.72,0.61,0.52,0.21,1.07,0.6,0.67,0.09,0.36,0.67,0.34,0.79,0.28,0.85,0.31,0.46,0.64,0.12,0.22,0.36,0.64,0.91,0.66,0.39,0.25,0.37,0.35,0.6,0.14
2020/9/22,0.34,0.55,0.63,0.6,0.23,0.74,0.24,0.45,0.7,0.58,0.71,0.61,0.51,0.23,1.02,0.55,0.62,0.08,0.3,0.69,0.34,0.86,0.27,0.9,0.34,0.53,0.62,0.09,0.18,0.39,0.66,0.87,0.7,0.41,0.24,0.37,0.33,0.61,0.14
2020/9/23,0.34,0.57,0.64,0.54,0.26,0.76,0.22,0.46,0.63,0.6,0.66,0.6,0.49,0.18,1.03,0.51,0.58,0.08,0.28,0.7,0.34,0.87,0.28,0.86,0.3,0.55,0.59,0.08,0.16,0.4,0.67,0.92,0.66,0.42,0.24,0.37,0.31,0.66,0.15
2020/9/24,0.35,0.44,0.6,0.56,0.24,0.79,0.23,0.44,0.66,0.59,0.66,0.6,0.49,0.19,0.99,0.5,0.61,0.08,0.28,0.69,0.37,0.75,0.28,0.85,0.25,0.54,0.63,0.09,0.15,0.4,0.67,0.88,0.7,0.41,0.24,0.37,0.29,0.69,0.15
2020/9/25,0.34,0.44,0.59,0.56,0.28,0.68,0.25,0.41,0.67,0.6,0.63,0.6,0.52,0.17,1,0.48,0.62,0.08,0.27,0.63,0.39,0.75,0.29,0.84,0.3,0.48,0.62,0.09,0.19,0.39,0.74,0.85,0.71,0.44,0.27,0.38,0.29,0.54,0.16
2020/9/26,0.34,0.45,0.56,0.57,0.37,0.61,0.29,0.36,0.7,0.6,0.66,0.63,0.55,0.21,0.92,0.44,0.57,0.09,0.27,0.66,0.39,0.77,0.33,0.87,0.34,0.52,0.6,0.11,0.22,0.39,0.87,0.95,0.67,0.46,0.34,0.47,0.33,0.46,0.21
2020/9/27,0.3,0.38,0.52,0.6,0.31,0.55,0.3,0.33,0.66,0.59,0.64,0.61,0.52,0.2,0.94,0.47,0.62,0.1,0.28,0.63,0.38,0.79,0.29,0.82,0.3,0.45,0.46,0.12,0.25,0.36,0.8,0.91,0.64,0.43,0.29,0.47,0.34,0.45,0.2
2020/9/28,0.33,0.54,0.63,0.6,0.27,0.91,0.25,0.34,0.72,0.6,0.76,0.61,0.49,0.22,1.04,0.57,0.59,0.11,0.31,0.69,0.32,0.71,0.26,0.79,0.3,0.54,0.65,0.11,0.2,0.36,0.66,0.86,0.66,0.39,0.25,0.34,0.36,0.65,0.16
2020/9/29,0.32,0.51,0.65,0.55,0.23,0.72,0.21,0.39,0.78,0.61,0.68,0.7,0.49,0.19,0.95,0.54,0.56,0.09,0.28,0.68,0.34,0.78,0.26,0.84,0.24,0.45,0.63,0.08,0.2,0.38,0.65,0.84,0.63,0.4,0.27,0.37,0.34,0.65,0.13
2020/9/30,0.31,0.5,0.64,0.54,0.22,0.77,0.22,0.36,0.61,0.69,0.71,0.75,0.5,0.18,0.99,0.52,0.55,0.1,0.28,0.68,0.34,0.79,0.27,0.85,0.27,0.56,0.62,0.08,0.17,0.38,0.67,0.86,0.64,0.41,0.27,0.34,0.33,0.68,0.13
2020/10/1,0.3,0.51,0.62,0.6,0.24,0.8,0.22,0.4,0.71,0.66,0.73,0.72,0.5,0.17,0.98,0.51,0.54,0.09,0.27,0.68,0.29,0.73,0.29,0.85,0.29,0.55,0.64,0.08,0.17,0.33,0.68,0.84,0.67,0.42,0.27,0.35,0.33,0.68,0.14
2020/10/2,0.29,0.47,0.59,0.57,0.26,0.71,0.24,0.35,0.6,0.68,0.69,0.64,0.52,0.19,1.02,0.47,0.52,0.11,0.25,0.59,0.27,0.76,0.29,0.84,0.29,0.52,0.62,0.09,0.18,0.34,0.74,0.78,0.78,0.45,0.27,0.37,0.33,0.57,0.16
2020/10/3,0.3,0.47,0.59,0.53,0.35,0.64,0.3,0.35,0.67,0.64,0.72,0.61,0.55,0.2,0.95,0.38,0.52,0.13,0.26,0.67,0.27,0.75,0.33,0.89,0.38,0.44,0.57,0.11,0.21,0.34,0.88,0.81,0.72,0.46,0.31,0.47,0.36,0.56,0.21
2020/10/4,0.3,0.43,0.58,0.58,0.31,0.62,0.3,0.27,0.65,0.62,0.75,0.62,0.51,0.19,0.97,0.39,0.55,0.11,0.28,0.59,0.27,0.8,0.29,0.84,0.33,0.45,0.61,0.13,0.22,0.34,0.8,0.69,0.64,0.4,0.3,0.4,0.35,0.54,0.19
2020/10/5,0.3,0.55,0.66,0.61,0.25,0.81,0.24,0.39,0.64,0.62,0.76,0.55,0.49,0.21,1.05,0.55,0.55,0.1,0.31,0.69,0.29,0.68,0.27,0.83,0.28,0.52,0.67,0.11,0.17,0.37,0.67,0.86,0.66,0.39,0.29,0.33,0.33,0.57,0.14
2020/10/6,0.31,0.53,0.63,0.59,0.23,0.74,0.22,0.39,0.69,0.6,0.76,0.71,0.5,0.18,1.04,0.51,0.51,0.09,0.26,0.68,0.28,0.74,0.27,0.81,0.27,0.55,0.61,0.09,0.15,0.38,0.67,0.78,0.76,0.38,0.29,0.35,0.32,0.65,0.14
2020/10/7,0.31,0.52,0.65,0.56,0.23,0.79,0.22,0.43,0.64,0.6,0.77,0.72,0.5,0.19,0.98,0.5,0.5,0.09,0.29,0.68,0.27,0.7,0.28,0.81,0.29,0.56,0.59,0.08,0.16,0.38,0.67,0.85,0.73,0.4,0.29,0.34,0.31,0.62,0.14
2020/10/8,0.32,0.48,0.65,0.59,0.22,0.7,0.22,0.42,0.72,0.61,0.65,0.69,0.5,0.17,0.96,0.47,0.55,0.1,0.28,0.67,0.27,0.63,0.28,0.8,0.27,0.46,0.62,0.08,0.14,0.44,0.66,0.77,0.72,0.4,0.28,0.34,0.34,0.62,0.14
2020/10/9,0.3,0.48,0.57,0.66,0.27,0.63,0.25,0.33,0.63,0.62,0.69,0.68,0.53,0.19,0.96,0.45,0.56,0.1,0.28,0.64,0.25,0.56,0.29,0.82,0.31,0.52,0.61,0.09,0.19,0.47,0.73,0.72,0.69,0.46,0.27,0.37,0.32,0.51,0.16
2020/10/10,0.3,0.39,0.57,0.61,0.38,0.62,0.32,0.33,0.64,0.64,0.74,0.68,0.59,0.2,0.93,0.43,0.56,0.12,0.26,0.65,0.24,0.62,0.33,0.87,0.37,0.49,0.63,0.12,0.19,0.41,0.87,0.81,0.7,0.47,0.36,0.39,0.33,0.48,0.19
2020/10/11,0.29,0.42,0.52,0.63,0.33,0.55,0.3,0.31,0.59,0.63,0.76,0.69,0.58,0.19,0.93,0.43,0.61,0.13,0.26,0.54,0.27,0.65,0.28,0.81,0.33,0.42,0.49,0.13,0.21,0.37,0.82,0.7,0.69,0.43,0.33,0.37,0.31,0.41,0.16
2020/10/12,0.26,0.4,0.56,0.6,0.23,0.69,0.22,0.36,0.74,0.55,0.8,0.69,0.48,0.23,0.93,0.39,0.55,0.12,0.3,0.64,0.24,0.6,0.24,0.76,0.29,0.46,0.61,0.1,0.16,0.41,0.67,0.74,0.66,0.4,0.18,0.22,0.28,0.58,0.13
2020/10/13,0.26,0.47,0.6,0.57,0.21,0.63,0.21,0.38,0.67,0.22,0.72,0.65,0.48,0.19,0.89,0.5,0.53,0.1,0.28,0.61,0.27,0.6,0.25,0.8,0.26,0.45,0.59,0.1,0.15,0.37,0.68,0.78,0.64,0.39,0.29,0.34,0.31,0.64,0.14
2020/10/14,0.26,0.47,0.6,0.53,0.24,0.66,0.23,0.36,0.67,0.59,0.74,0.64,0.5,0.2,0.88,0.48,0.52,0.1,0.28,0.61,0.27,0.62,0.29,0.77,0.26,0.45,0.55,0.09,0.14,0.41,0.75,0.81,0.66,0.41,0.28,0.32,0.33,0.68,0.14
2020/10/15,0.22,0.45,0.57,0.6,0.24,0.67,0.22,0.39,0.63,0.62,0.73,0.63,0.5,0.19,0.87,0.46,0.52,0.11,0.28,0.57,0.28,0.5,0.29,0.79,0.26,0.4,0.54,0.09,0.16,0.42,0.68,0.71,0.73,0.43,0.29,0.33,0.37,0.67,0.15
2020/10/16,0.23,0.37,0.53,0.57,0.26,0.62,0.24,0.31,0.69,0.63,0.7,0.6,0.55,0.18,0.88,0.47,0.55,0.11,0.28,0.56,0.29,0.49,0.26,0.82,0.25,0.43,0.54,0.11,0.14,0.44,0.76,0.7,0.75,0.44,0.29,0.36,0.33,0.54,0.15
2020/10/17,0.19,0.36,0.55,0.6,0.34,0.56,0.29,0.31,0.65,0.65,0.7,0.61,0.51,0.2,0.79,0.46,0.55,0.11,0.29,0.54,0.29,0.52,0.33,0.76,0.33,0.41,0.57,0.13,0.2,0.47,0.88,0.75,0.69,0.46,0.33,0.45,0.35,0.46,0.24
2020/10/18,0.19,0.34,0.49,0.59,0.33,0.51,0.26,0.31,0.51,0.64,0.6,0.58,0.51,0.19,0.86,0.44,0.52,0.14,0.28,0.49,0.27,0.51,0.3,0.84,0.35,0.38,0.53,0.13,0.23,0.37,0.83,0.63,0.67,0.4,0.33,0.36,0.33,0.42,0.2
2020/10/19,0.21,0.41,0.51,0.61,0.24,0.53,0.23,0.35,0.6,0.61,0.71,0.55,0.45,0.2,0.83,0.52,0.53,0.14,0.32,0.53,0.28,0.54,0.28,0.69,0.31,0.35,0.56,0.11,0.17,0.38,0.69,0.77,0.69,0.4,0.29,0.32,0.37,0.6,0.14
2020/10/20,0.21,0.38,0.52,0.57,0.22,0.5,0.22,0.39,0.68,0.59,0.67,0.51,0.45,0.17,0.82,0.48,0.49,0.13,0.28,0.51,0.25,0.56,0.27,0.7,0.29,0.3,0.53,0.09,0.15,0.42,0.69,0.74,0.71,0.4,0.29,0.34,0.31,0.62,0.13
2020/10/21,0.23,0.38,0.56,0.53,0.22,0.57,0.21,0.37,0.69,0.58,0.68,0.62,0.44,0.19,0.85,0.47,0.48,0.13,0.28,0.48,0.27,0.52,0.28,0.69,0.29,0.48,0.51,0.09,0.15,0.43,0.7,0.75,0.71,0.42,0.28,0.31,0.3,0.6,0.14
2020/10/22,0.2,0.35,0.53,0.56,0.24,0.54,0.22,0.4,0.61,0.6,0.67,0.58,0.46,0.17,0.82,0.46,0.52,0.15,0.27,0.45,0.29,0.48,0.28,0.67,0.26,0.41,0.51,0.09,0.15,0.46,0.68,0.69,0.77,0.43,0.3,0.31,0.37,0.65,0.14
2020/10/23,0.19,0.39,0.5,0.56,0.26,0.48,0.21,0.31,0.5,0.6,0.68,0.6,0.48,0.2,0.78,0.46,0.46,0.13,0.28,0.42,0.29,0.5,0.3,0.67,0.32,0.39,0.5,0.09,0.14,0.46,0.76,0.68,0.68,0.45,0.3,0.33,0.32,0.51,0.17
2020/10/24,0.2,0.36,0.53,0.55,0.39,0.44,0.27,0.33,0.55,0.65,0.68,0.58,0.53,0.19,0.73,0.48,0.47,0.15,0.27,0.4,0.31,0.55,0.34,0.75,0.38,0.36,0.44,0.12,0.22,0.49,0.88,0.72,0.7,0.43,0.37,0.41,0.37,0.43,0.22
2020/10/25,0.19,0.33,0.54,0.6,0.31,0.44,0.25,0.28,0.55,0.75,0.65,0.51,0.54,0.16,0.78,0.42,0.52,0.15,0.29,0.4,0.26,0.56,0.29,0.78,0.3,0.39,0.44,0.13,0.21,0.39,0.82,0.64,0.71,0.38,0.33,0.39,0.35,0.43,0.16
2020/10/26,0.23,0.37,0.53,0.52,0.22,0.46,0.23,0.37,0.61,0.68,0.67,0.6,0.47,0.21,0.76,0.51,0.48,0.16,0.31,0.38,0.24,0.53,0.27,0.64,0.28,0.43,0.47,0.11,0.17,0.38,0.68,0.73,0.8,0.37,0.29,0.32,0.35,0.47,0.15
2020/10/27,0.24,0.35,0.51,0.49,0.23,0.43,0.2,0.38,0.5,0.6,0.65,0.6,0.45,0.17,0.68,0.46,0.44,0.17,0.29,0.38,0.25,0.59,0.27,0.67,0.28,0.4,0.44,0.08,0.11,0.38,0.7,0.74,0.74,0.41,0.29,0.3,0.33,0.55,0.14
2020/10/28,0.23,0.34,0.52,0.51,0.22,0.44,0.2,0.37,0.55,0.58,0.67,0.61,0.46,0.17,0.7,0.46,0.47,0.2,0.29,0.37,0.26,0.56,0.28,0.69,0.25,0.42,0.42,0.09,0.14,0.42,0.69,0.72,0.72,0.43,0.29,0.32,0.29,0.64,0.14
2020/10/29,0.23,0.34,0.52,0.5,0.21,0.42,0.2,0.37,0.51,0.6,0.6,0.61,0.46,0.18,0.75,0.45,0.45,0.19,0.28,0.34,0.26,0.49,0.25,0.78,0.24,0.4,0.4,0.09,0.14,0.43,0.69,0.69,0.7,0.42,0.29,0.31,0.33,0.58,0.11
2020/10/30,0.22,0.26,0.5,0.55,0.23,0.38,0.2,0.34,0.46,0.61,0.48,0.51,0.5,0.17,0.28,0.46,0.47,0.24,0.27,0.32,0.28,0.48,0.27,0.27,0.3,0.38,0.39,0.1,0.14,0.46,0.78,0.65,0.62,0.44,0.26,0.33,0.32,0.48,0.14
2020/10/31,0.21,0.24,0.52,0.52,0.29,0.4,0.23,0.3,0.4,0.66,0.55,0.49,0.54,0.19,0.23,0.45,0.48,0.28,0.28,0.31,0.28,0.53,0.31,0.21,0.35,0.39,0.38,0.12,0.19,0.44,0.85,0.68,0.63,0.44,0.32,0.41,0.33,0.43,0.19
2020/11/1,0.19,0.25,0.48,0.6,0.24,0.28,0.2,0.3,0.46,0.62,0.55,0.4,0.56,0.2,0.29,0.45,0.49,0.28,0.27,0.29,0.23,0.5,0.26,0.26,0.26,0.37,0.34,0.13,0.19,0.36,0.83,0.68,0.58,0.36,0.33,0.4,0.34,0.36,0.14
2020/11/2,0.22,0.34,0.42,0.61,0.22,0.3,0.2,0.38,0.51,0.59,0.63,0.46,0.53,0.21,0.34,0.4,0.58,0.27,0.2,0.34,0.26,0.49,0.27,0.31,0.3,0.36,0.4,0.11,0.17,0.42,0.66,0.69,0.6,0.43,0.17,0.33,0.33,0.54,0.15
2020/11/3,0.22,0.31,0.4,0.66,0.2,0.27,0.18,0.35,0.42,0.58,0.58,0.51,0.57,0.19,0.29,0.47,0.54,0.25,0.25,0.31,0.24,0.53,0.25,0.29,0.28,0.32,0.38,0.09,0.14,0.4,0.71,0.67,0.57,0.42,0.3,0.32,0.3,0.26,0.14
2020/11/4,0.22,0.3,0.4,0.61,0.17,0.3,0.18,0.32,0.39,0.56,0.53,0.52,0.6,0.15,0.28,0.45,0.59,0.21,0.26,0.3,0.27,0.45,0.23,0.27,0.22,0.32,0.36,0.08,0.12,0.39,0.67,0.57,0.58,0.42,0.29,0.31,0.28,0.33,0.11
2020/11/5,0.19,0.28,0.38,0.42,0.19,0.27,0.19,0.33,0.41,0.59,0.53,0.5,0.28,0.16,0.26,0.44,0.34,0.22,0.28,0.28,0.27,0.44,0.26,0.27,0.24,0.31,0.34,0.08,0.13,0.44,0.69,0.64,0.59,0.39,0.3,0.31,0.3,0.33,0.11
2020/11/6,0.18,0.25,0.34,0.38,0.23,0.27,0.18,0.29,0.34,0.62,0.54,0.47,0.26,0.2,0.24,0.46,0.31,0.26,0.28,0.13,0.27,0.48,0.28,0.26,0.26,0.31,0.33,0.09,0.15,0.42,0.77,0.62,0.6,0.45,0.32,0.34,0.32,0.26,0.14
2020/11/7,0.19,0.2,0.38,0.35,0.31,0.28,0.24,0.3,0.38,0.64,0.52,0.53,0.26,0.18,0.19,0.46,0.28,0.31,0.29,0.1,0.29,0.44,0.33,0.2,0.34,0.3,0.34,0.13,0.16,0.44,0.83,0.68,0.54,0.45,0.4,0.45,0.35,0.3,0.24
2020/11/8,0.16,0.26,0.37,0.33,0.27,0.27,0.24,0.28,0.35,0.64,0.59,0.43,0.28,0.19,0.21,0.48,0.3,0.28,0.26,0.1,0.28,0.5,0.31,0.21,0.28,0.26,0.3,0.13,0.21,0.41,0.81,0.65,0.55,0.42,0.39,0.42,0.33,0.22,0.21
2020/11/9,0.19,0.35,0.34,0.49,0.22,0.3,0.2,0.35,0.38,0.59,0.62,0.49,0.3,0.19,0.32,0.42,0.38,0.25,0.31,0.17,0.25,0.47,0.27,0.3,0.27,0.3,0.35,0.11,0.14,0.39,0.68,0.66,0.55,0.41,0.3,0.31,0.31,0.3,0.15
2020/11/10,0.2,0.32,0.35,0.43,0.21,0.29,0.18,0.36,0.34,0.57,0.57,0.51,0.29,0.18,0.29,0.5,0.35,0.26,0.28,0.15,0.27,0.51,0.27,0.3,0.26,0.33,0.32,0.09,0.14,0.41,0.68,0.63,0.53,0.43,0.3,0.31,0.28,0.32,0.14
2020/11/11,0.2,0.32,0.37,0.4,0.22,0.31,0.17,0.33,0.38,0.57,0.55,0.53,0.28,0.15,0.19,0.49,0.33,0.23,0.27,0.15,0.26,0.53,0.26,0.18,0.23,0.33,0.34,0.1,0.14,0.43,0.72,0.65,0.55,0.46,0.29,0.32,0.24,0.33,0.13
2020/11/12,0.18,0.29,0.36,0.42,0.19,0.3,0.18,0.32,0.38,0.6,0.59,0.51,0.28,0.17,0.27,0.47,0.33,0.25,0.28,0.14,0.28,0.46,0.24,0.29,0.23,0.32,0.32,0.08,0.14,0.41,0.71,0.63,0.51,0.44,0.29,0.32,0.27,0.3,0.12
2020/11/13,0.17,0.28,0.33,0.4,0.2,0.28,0.17,0.3,0.36,0.61,0.52,0.5,0.28,0.19,0.26,0.49,0.33,0.3,0.28,0.12,0.25,0.46,0.26,0.27,0.26,0.29,0.31,0.1,0.13,0.44,0.82,0.62,0.51,0.47,0.31,0.32,0.26,0.24,0.15
2020/11/14,0.17,0.27,0.36,0.3,0.29,0.3,0.19,0.3,0.32,0.64,0.47,0.27,0.26,0.21,0.21,0.48,0.27,0.34,0.27,0.11,0.29,0.5,0.32,0.21,0.3,0.32,0.31,0.12,0.17,0.45,0.86,0.57,0.51,0.52,0.37,0.4,0.29,0.23,0.21
2020/11/15,0.17,0.26,0.36,0.39,0.22,0.25,0.17,0.24,0.38,0.63,0.46,0.26,0.29,0.2,0.22,0.45,0.31,0.27,0.28,0.1,0.24,0.47,0.26,0.21,0.22,0.28,0.33,0.13,0.18,0.38,0.8,0.58,0.45,0.45,0.45,0.34,0.25,0.19,0.15
2020/11/16,0.19,0.34,0.36,0.44,0.2,0.32,0.18,0.35,0.36,0.59,0.55,0.49,0.3,0.21,0.32,0.52,0.37,0.26,0.2,0.17,0.26,0.49,0.25,0.31,0.25,0.34,0.32,0.11,0.14,0.37,0.76,0.61,0.47,0.43,0.29,0.29,0.31,0.36,0.14
2020/11/17,0.2,0.31,0.34,0.42,0.18,0.31,0.17,0.38,0.35,0.59,0.51,0.48,0.29,0.17,0.31,0.47,0.35,0.25,0.27,0.17,0.25,0.5,0.25,0.31,0.21,0.33,0.32,0.09,0.13,0.34,0.72,0.59,0.49,0.43,0.28,0.3,0.27,0.19,0.12
2020/11/18,0.21,0.32,0.38,0.43,0.18,0.36,0.17,0.35,0.35,0.58,0.43,0.52,0.28,0.17,0.29,0.47,0.33,0.26,0.28,0.16,0.26,0.52,0.25,0.29,0.24,0.32,0.33,0.09,0.14,0.36,0.73,0.59,0.45,0.45,0.27,0.29,0.26,0.21,0.12
2020/11/19,0.19,0.3,0.34,0.45,0.18,0.32,0.17,0.32,0.34,0.59,0.45,0.52,0.28,0.17,0.27,0.47,0.35,0.27,0.27,0.15,0.25,0.45,0.24,0.28,0.22,0.35,0.32,0.08,0.1,0.33,0.71,0.59,0.46,0.45,0.28,0.29,0.29,0.2,0.13
2020/11/20,0.18,0.28,0.32,0.39,0.22,0.31,0.16,0.3,0.32,0.6,0.41,0.52,0.28,0.17,0.27,0.5,0.31,0.32,0.27,0.13,0.24,0.45,0.26,0.28,0.23,0.3,0.29,0.08,0.12,0.4,0.78,0.56,0.47,0.47,0.27,0.31,0.26,0.15,0.13
2020/11/21,0.18,0.27,0.34,0.35,0.26,0.28,0.17,0.31,0.31,0.59,0.27,0.32,0.31,0.2,0.24,0.52,0.28,0.34,0.27,0.12,0.3,0.44,0.29,0.24,0.22,0.3,0.33,0.1,0.16,0.36,0.86,0.58,0.44,0.48,0.36,0.41,0.27,0.16,0.17
2020/11/22,0.16,0.25,0.29,0.38,0.19,0.28,0.17,0.3,0.29,0.59,0.29,0.3,0.33,0.2,0.23,0.49,0.34,0.28,0.28,0.12,0.27,0.44,0.24,0.23,0.21,0.25,0.3,0.11,0.17,0.31,0.78,0.57,0.47,0.43,0.37,0.37,0.28,0.16,0.15
2020/11/23,0.2,0.36,0.34,0.43,0.18,0.33,0.16,0.33,0.34,0.54,0.42,0.48,0.31,0.2,0.33,0.5,0.35,0.27,0.29,0.17,0.28,0.48,0.24,0.31,0.23,0.28,0.34,0.1,0.13,0.32,0.69,0.63,0.49,0.45,0.28,0.26,0.29,0.19,0.12
2020/11/24,0.2,0.34,0.35,0.41,0.17,0.31,0.15,0.36,0.35,0.52,0.4,0.49,0.29,0.18,0.31,0.46,0.34,0.26,0.28,0.17,0.29,0.5,0.24,0.32,0.2,0.3,0.33,0.09,0.14,0.29,0.73,0.63,0.45,0.45,0.3,0.25,0.28,0.21,0.12
2020/11/25,0.22,0.35,0.35,0.39,0.17,0.34,0.14,0.36,0.34,0.52,0.34,0.5,0.29,0.15,0.3,0.47,0.34,0.29,0.27,0.16,0.31,0.47,0.23,0.3,0.23,0.32,0.33,0.08,0.14,0.34,0.74,0.64,0.47,0.46,0.3,0.23,0.24,0.22,0.11
2020/11/26,0.2,0.32,0.33,0.42,0.08,0.34,0.07,0.31,0.36,0.55,0.36,0.49,0.29,0.11,0.28,0.46,0.33,0.3,0.27,0.15,0.29,0.45,0.14,0.3,0.15,0.31,0.33,0.06,0.09,0.32,0.73,0.61,0.48,0.51,0.29,0.26,0.29,0.2,0.07
2020/11/27,0.2,0.32,0.31,0.41,0.12,0.31,0.09,0.29,0.33,0.55,0.35,0.48,0.3,0.1,0.29,0.48,0.32,0.37,0.24,0.15,0.27,0.45,0.18,0.3,0.16,0.31,0.33,0.05,0.11,0.31,0.82,0.58,0.44,0.52,0.3,0.27,0.25,0.16,0.09
2020/11/28,0.2,0.29,0.33,0.34,0.17,0.31,0.13,0.28,0.26,0.56,0.3,0.27,0.32,0.15,0.41,0.53,0.27,0.36,0.26,0.14,0.3,0.46,0.2,0.43,0.2,0.34,0.32,0.08,0.14,0.27,0.91,0.57,0.44,0.49,0.38,0.32,0.3,0.15,0.12
2020/11/29,0.17,0.3,0.31,0.37,0.18,0.29,0.14,0.25,0.29,0.53,0.3,0.26,0.32,0.15,0.34,0.48,0.31,0.3,0.25,0.17,0.29,0.47,0.2,0.38,0.21,0.24,0.3,0.1,0.22,0.25,0.87,0.56,0.39,0.44,0.43,0.3,0.28,0.17,0.12
2020/11/30,0.21,0.37,0.35,0.42,0.17,0.36,0.15,0.33,0.33,0.5,0.37,0.33,0.32,0.19,0.42,0.52,0.36,0.31,0.27,0.22,0.27,0.46,0.2,0.38,0.22,0.31,0.36,0.1,0.14,0.27,0.73,0.62,0.44,0.46,0.29,0.25,0.29,0.22,0.1
2020/12/1,0.22,0.36,0.37,0.42,0.15,0.36,0.14,0.37,0.36,0.48,0.32,0.26,0.33,0.15,0.41,0.49,0.37,0.3,0.27,0.21,0.27,0.48,0.22,0.43,0.2,0.33,0.33,0.07,0.13,0.26,0.75,0.53,0.5,0.48,0.28,0.25,0.28,0.23,0.11
2020/12/2,0.21,0.38,0.36,0.43,0.17,0.39,0.13,0.33,0.38,0.43,0.3,0.51,0.41,0.17,0.4,0.49,0.4,0.32,0.26,0.19,0.27,0.46,0.22,0.41,0.18,0.31,0.31,0.08,0.13,0.3,0.75,0.57,0.49,0.48,0.28,0.26,0.26,0.23,0.1
2020/12/3,0.21,0.35,0.34,0.47,0.16,0.37,0.14,0.33,0.33,0.43,0.34,0.5,0.44,0.16,0.41,0.48,0.42,0.32,0.26,0.2,0.27,0.41,0.23,0.41,0.24,0.33,0.33,0.07,0.13,0.28,0.74,0.54,0.48,0.5,0.27,0.26,0.29,0.27,0.1
2020/12/4,0.19,0.32,0.32,0.45,0.18,0.33,0.13,0.3,0.33,0.43,0.32,0.43,0.48,0.15,0.41,0.48,0.41,0.39,0.27,0.19,0.29,0.46,0.22,0.43,0.21,0.28,0.31,0.08,0.13,0.28,0.81,0.52,0.45,0.54,0.3,0.28,0.26,0.19,0.11
2020/12/5,0.19,0.32,0.36,0.48,0.17,0.34,0.15,0.28,0.33,0.47,0.11,0.27,0.55,0.16,0.46,0.51,0.43,0.38,0.26,0.18,0.29,0.48,0.23,0.5,0.22,0.29,0.32,0.1,0.15,0.26,0.94,0.47,0.44,0.51,0.39,0.31,0.31,0.17,0.15
2020/12/6,0.17,0.29,0.31,0.46,0.17,0.3,0.15,0.27,0.34,0.45,0.14,0.26,0.52,0.17,0.41,0.53,0.4,0.33,0.26,0.18,0.26,0.49,0.25,0.46,0.2,0.26,0.25,0.1,0.14,0.25,0.88,0.57,0.42,0.5,0.38,0.28,0.26,0.16,0.14
2020/12/7,0.22,0.39,0.33,0.45,0.17,0.41,0.16,0.33,0.35,0.45,0.37,0.36,0.45,0.16,0.45,0.49,0.45,0.31,0.27,0.22,0.24,0.47,0.23,0.44,0.23,0.3,0.32,0.09,0.16,0.27,0.77,0.56,0.53,0.47,0.3,0.26,0.26,0.31,0.12
2020/12/8,0.21,0.29,0.35,0.45,0.17,0.38,0.14,0.38,0.32,0.43,0.34,0.28,0.45,0.15,0.45,0.39,0.41,0.31,0.28,0.18,0.25,0.53,0.22,0.45,0.2,0.28,0.22,0.07,0.15,0.23,0.8,0.54,0.49,0.5,0.3,0.25,0.24,0.28,0.11
2020/12/9,0.2,0.35,0.34,0.47,0.16,0.38,0.15,0.27,0.32,0.43,0.32,0.52,0.46,0.14,0.44,0.47,0.44,0.32,0.26,0.23,0.25,0.5,0.22,0.44,0.2,0.3,0.34,0.07,0.16,0.24,0.79,0.6,0.53,0.52,0.3,0.23,0.26,0.37,0.11
2020/12/10,0.19,0.34,0.33,0.52,0.17,0.38,0.15,0.25,0.36,0.4,0.33,0.48,0.47,0.14,0.41,0.47,0.47,0.34,0.25,0.23,0.26,0.45,0.23,0.43,0.19,0.32,0.33,0.07,0.14,0.24,0.77,0.53,0.49,0.53,0.31,0.26,0.26,0.38,0.11
2020/12/11,0.19,0.32,0.31,0.48,0.18,0.35,0.14,0.22,0.3,0.41,0.32,0.49,0.5,0.13,0.43,0.51,0.43,0.45,0.26,0.21,0.26,0.46,0.24,0.45,0.22,0.29,0.35,0.07,0.13,0.24,0.86,0.56,0.44,0.55,0.33,0.26,0.24,0.31,0.12
2020/12/12,0.25,0.32,0.32,0.51,0.19,0.36,0.15,0.21,0.29,0.42,0.13,0.34,0.54,0.15,0.49,0.54,0.49,0.43,0.27,0.22,0.28,0.46,0.25,0.53,0.22,0.28,0.34,0.07,0.16,0.25,0.93,0.59,0.41,0.54,0.4,0.28,0.27,0.26,0.16
2020/12/13,0.22,0.28,0.29,0.48,0.21,0.32,0.17,0.22,0.27,0.45,0.15,0.32,0.5,0.17,0.48,0.5,0.4,0.37,0.24,0.27,0.27,0.52,0.26,0.5,0.26,0.27,0.34,0.08,0.17,0.2,0.93,0.55,0.35,0.51,0.38,0.29,0.25,0.21,0.14
2020/12/14,0.22,0.4,0.37,0.52,0.17,0.42,0.15,0.25,0.38,0.43,0.38,0.48,0.47,0.16,0.49,0.53,0.48,0.35,0.28,0.3,0.27,0.52,0.22,0.52,0.2,0.29,0.37,0.08,0.16,0.22,0.79,0.61,0.43,0.51,0.3,0.24,0.27,0.32,0.1
2020/12/15,0.18,0.38,0.39,0.5,0.19,0.38,0.16,0.26,0.38,0.41,0.34,0.49,0.49,0.14,0.5,0.5,0.42,0.35,0.27,0.29,0.24,0.59,0.23,0.52,0.2,0.32,0.36,0.08,0.12,0.23,0.82,0.56,0.46,0.51,0.32,0.26,0.26,0.35,0.12
2020/12/16,0.16,0.38,0.28,0.46,0.16,0.41,0.13,0.26,0.29,0.41,0.32,0.5,0.36,0.13,0.51,0.49,0.41,0.36,0.24,0.28,0.27,0.55,0.21,0.51,0.19,0.24,0.34,0.06,0.12,0.2,0.84,0.64,0.49,0.54,0.31,0.23,0.27,0.36,0.1
2020/12/17,0.16,0.36,0.27,0.47,0.14,0.41,0.16,0.24,0.25,0.42,0.34,0.51,0.35,0.12,0.47,0.5,0.42,0.37,0.24,0.27,0.26,0.52,0.19,0.5,0.21,0.22,0.35,0.07,0.15,0.23,0.85,0.54,0.49,0.53,0.31,0.26,0.32,0.35,0.1
2020/12/18,0.14,0.36,0.24,0.45,0.18,0.35,0.14,0.21,0.23,0.44,0.31,0.48,0.34,0.12,0.51,0.5,0.41,0.4,0.23,0.25,0.22,0.49,0.23,0.5,0.24,0.21,0.34,0.07,0.17,0.25,0.91,0.53,0.44,0.44,0.31,0.27,0.25,0.29,0.1
2020/12/19,0.11,0.32,0.22,0.52,0.2,0.27,0.16,0.21,0.21,0.44,0.11,0.34,0.32,0.15,0.5,0.49,0.41,0.38,0.21,0.24,0.26,0.54,0.23,0.55,0.23,0.2,0.33,0.08,0.19,0.24,1.01,0.57,0.38,0.33,0.37,0.3,0.26,0.22,0.13
2020/12/20,0.11,0.3,0.21,0.48,0.15,0.27,0.14,0.19,0.22,0.43,0.15,0.33,0.24,0.14,0.46,0.5,0.41,0.33,0.17,0.2,0.25,0.54,0.2,0.54,0.19,0.2,0.29,0.08,0.23,0.24,0.95,0.58,0.34,0.29,0.4,0.28,0.26,0.19,0.11
2020/12/21,0.14,0.39,0.22,0.45,0.18,0.33,0.14,0.21,0.24,0.5,0.37,0.47,0.23,0.16,0.5,0.53,0.42,0.33,0.21,0.24,0.26,0.54,0.23,0.47,0.27,0.18,0.33,0.08,0.14,0.27,0.95,0.55,0.46,0.28,0.29,0.25,0.26,0.35,0.11
2020/12/22,0.15,0.36,0.22,0.44,0.14,0.33,0.14,0.22,0.22,0.5,0.36,0.48,0.22,0.13,0.46,0.5,0.37,0.31,0.19,0.23,0.24,0.61,0.23,0.47,0.21,0.21,0.34,0.06,0.12,0.26,0.98,0.55,0.42,0.29,0.28,0.25,0.3,0.38,0.1
2020/12/23,0.13,0.33,0.21,0.4,0.14,0.31,0.13,0.19,0.2,0.52,0.35,0.39,0.21,0.13,0.4,0.42,0.37,0.3,0.18,0.22,0.26,0.59,0.22,0.42,0.22,0.17,0.32,0.06,0.14,0.25,1.01,0.57,0.37,0.29,0.25,0.25,0.29,0.29,0.1
2020/12/24,0.11,0.22,0.17,0.38,0.1,0.21,0.1,0.13,0.17,0.58,0.36,0.29,0.19,0.11,0.28,0.23,0.31,0.2,0.12,0.09,0.2,0.54,0.17,0.32,0.2,0.17,0.1,0.07,0.14,0.24,0.89,0.62,0.24,0.22,0.16,0.23,0.28,0.21,0.07
2020/12/25,0.07,0.12,0.13,0.11,0.03,0.13,0.04,0.1,0.12,0.46,0.31,0.18,0.06,0.07,0.14,0.15,0.1,0.17,0.05,0.06,0.1,0.61,0.09,0.18,0.08,0.13,0.07,0.04,0.06,0.17,0.7,0.61,0.2,0.15,0.1,0.13,0.13,0.12,0.04
2020/12/26,0.07,0.15,0.12,0.32,0.09,0.17,0.09,0.11,0.12,0.46,0.13,0.29,0.14,0.09,0.24,0.3,0.27,0.27,0.1,0.07,0.14,0.57,0.13,0.28,0.15,0.13,0.08,0.04,0.11,0.17,0.85,0.61,0.28,0.23,0.17,0.2,0.15,0.1,0.07
2020/12/27,0.09,0.21,0.14,0.45,0.12,0.18,0.13,0.13,0.15,0.54,0.16,0.29,0.2,0.13,0.32,0.33,0.35,0.26,0.13,0.11,0.17,0.58,0.15,0.34,0.16,0.16,0.12,0.07,0.16,0.21,0.93,0.61,0.28,0.28,0.23,0.23,0.21,0.13,0.08
2020/12/28,0.15,0.29,0.2,0.39,0.16,0.28,0.14,0.16,0.23,0.57,0.42,0.41,0.2,0.12,0.37,0.42,0.37,0.28,0.17,0.24,0.17,0.66,0.22,0.36,0.23,0.18,0.22,0.08,0.13,0.28,1.06,0.63,0.41,0.26,0.21,0.2,0.25,0.17,0.11
2020/12/29,0.14,0.29,0.2,0.38,0.14,0.27,0.12,0.18,0.22,0.56,0.4,0.41,0.22,0.14,0.38,0.38,0.36,0.26,0.15,0.19,0.17,0.65,0.21,0.39,0.21,0.19,0.24,0.07,0.1,0.24,1.04,0.63,0.45,0.27,0.2,0.21,0.26,0.22,0.08
2020/12/30,0.15,0.28,0.24,0.4,0.12,0.27,0.13,0.19,0.18,0.54,0.38,0.42,0.22,0.12,0.39,0.38,0.34,0.26,0.15,0.17,0.19,0.57,0.22,0.4,0.19,0.22,0.23,0.06,0.12,0.22,1.06,0.58,0.46,0.26,0.19,0.22,0.22,0.23,0.1
2020/12/31,0.13,0.23,0.19,0.31,0.12,0.23,0.12,0.16,0.18,0.59,0.29,0.33,0.2,0.11,0.36,0.24,0.27,0.24,0.11,0.11,0.16,0.29,0.19,0.39,0.18,0.2,0.12,0.06,0.13,0.18,0.96,0.3,0.39,0.23,0.13,0.22,0.23,0.22,0.1
2021/1/1,0.08,0.12,0.13,0.19,0.09,0.13,0.09,0.13,0.13,0.37,0.12,0.14,0.14,0.08,0.23,0.16,0.18,0.17,0.05,0.07,0.13,0.18,0.13,0.23,0.12,0.15,0.07,0.05,0.11,0.12,0.54,0.2,0.28,0.16,0.08,0.13,0.16,0.09,0.06
2021/1/2,0.1,0.21,0.16,0.3,0.13,0.21,0.14,0.14,0.16,0.43,0.12,0.23,0.18,0.12,0.34,0.31,0.26,0.25,0.11,0.08,0.16,0.34,0.18,0.35,0.2,0.17,0.11,0.05,0.09,0.17,0.73,0.33,0.31,0.29,0.19,0.2,0.19,0.13,0.12
2021/1/3,0.11,0.25,0.21,0.35,0.12,0.27,0.14,0.14,0.24,0.46,0.15,0.29,0.22,0.12,0.49,0.37,0.3,0.25,0.14,0.12,0.19,0.47,0.16,0.47,0.21,0.2,0.11,0.07,0.19,0.17,0.86,0.43,0.36,0.35,0.27,0.23,0.23,0.13,0.09
2021/1/4,0.14,0.31,0.24,0.36,0.14,0.35,0.16,0.19,0.28,0.43,0.4,0.45,0.23,0.14,0.54,0.43,0.32,0.24,0.18,0.2,0.2,0.36,0.21,0.49,0.25,0.23,0.28,0.07,0.15,0.21,0.83,0.39,0.42,0.34,0.26,0.24,0.26,0.17,0.12
2021/1/5,0.13,0.28,0.23,0.31,0.15,0.3,0.15,0.19,0.28,0.43,0.39,0.46,0.2,0.14,0.5,0.37,0.26,0.25,0.19,0.15,0.18,0.39,0.21,0.49,0.21,0.21,0.15,0.06,0.11,0.2,0.82,0.37,0.38,0.35,0.28,0.23,0.27,0.21,0.1
2021/1/6,0.13,0.2,0.22,0.27,0.15,0.31,0.14,0.19,0.2,0.42,0.37,0.46,0.19,0.13,0.49,0.24,0.26,0.25,0.16,0.13,0.19,0.37,0.2,0.47,0.21,0.19,0.11,0.06,0.11,0.23,0.83,0.36,0.37,0.35,0.26,0.22,0.25,0.21,0.1
2021/1/7,0.12,0.26,0.21,0.31,0.13,0.31,0.14,0.19,0.23,0.43,0.38,0.46,0.19,0.12,0.47,0.36,0.27,0.26,0.16,0.24,0.18,0.29,0.2,0.46,0.21,0.21,0.27,0.06,0.11,0.21,0.79,0.31,0.38,0.37,0.27,0.22,0.28,0.22,0.07
2021/1/8,0.12,0.25,0.2,0.3,0.14,0.29,0.14,0.14,0.2,0.38,0.35,0.44,0.18,0.13,0.48,0.41,0.24,0.3,0.17,0.22,0.17,0.3,0.2,0.47,0.21,0.2,0.28,0.06,0.13,0.18,0.83,0.34,0.38,0.39,0.28,0.23,0.25,0.2,0.09
2021/1/9,0.13,0.19,0.19,0.27,0.16,0.3,0.16,0.15,0.2,0.43,0.12,0.28,0.18,0.13,0.52,0.24,0.24,0.34,0.24,0.19,0.17,0.39,0.22,0.57,0.23,0.16,0.22,0.07,0.16,0.16,0.92,0.38,0.38,0.43,0.35,0.26,0.29,0.21,0.12
2021/1/10,0.12,0.2,0.22,0.31,0.16,0.31,0.18,0.14,0.21,0.43,0.15,0.28,0.19,0.15,0.53,0.47,0.27,0.31,0.37,0.21,0.15,0.42,0.21,0.61,0.26,0.21,0.2,0.08,0.19,0.18,0.74,0.42,0.39,0.43,0.37,0.25,0.29,0.17,0.11
2021/1/11,0.13,0.34,0.24,0.32,0.15,0.38,0.16,0.19,0.24,0.38,0.38,0.46,0.21,0.13,0.56,0.53,0.3,0.28,0.43,0.29,0.18,0.43,0.22,0.51,0.23,0.24,0.35,0.08,0.14,0.23,0.79,0.48,0.45,0.41,0.3,0.22,0.27,0.26,0.12
2021/1/12,0.15,0.32,0.24,0.29,0.14,0.36,0.15,0.19,0.24,0.41,0.38,0.47,0.19,0.13,0.57,0.47,0.27,0.29,0.3,0.27,0.17,0.45,0.22,0.52,0.23,0.23,0.33,0.07,0.12,0.24,0.78,0.45,0.47,0.41,0.29,0.21,0.26,0.27,0.1
2021/1/13,0.15,0.32,0.24,0.29,0.17,0.38,0.15,0.21,0.24,0.41,0.36,0.46,0.18,0.13,0.55,0.44,0.25,0.29,0.26,0.26,0.2,0.44,0.22,0.5,0.23,0.2,0.32,0.06,0.12,0.21,0.79,0.43,0.43,0.41,0.29,0.2,0.25,0.24,0.1
2021/1/14,0.13,0.3,0.24,0.26,0.15,0.36,0.15,0.21,0.24,0.42,0.36,0.41,0.18,0.13,0.53,0.41,0.26,0.3,0.24,0.25,0.17,0.44,0.22,0.5,0.26,0.21,0.31,0.06,0.13,0.23,0.78,0.39,0.43,0.43,0.29,0.19,0.29,0.25,0.11
2021/1/15,0.14,0.29,0.29,0.26,0.17,0.34,0.16,0.16,0.65,0.43,0.3,0.25,0.18,0.13,0.54,0.43,0.26,0.34,0.23,0.24,0.18,0.4,0.22,0.51,0.25,0.91,0.31,0.07,0.12,0.23,0.85,0.42,0.44,0.47,0.29,0.18,0.24,0.25,0.12
