����,����,�¶�,ʪ��,aqi
2020-01-01,Paris,2.5909090909090904,88.36363636363636,-0.9999999999999997
2020-01-01,Lyon,1.0434782608695652,96.08695652173911,-0.9999999999999996
2020-01-01,Toulouse,6.3478260869565215,83.34782608695652,-0.9999999999999996
2020-01-01,Nice,10.272727272727273,78.77272727272727,-0.9999999999999997
2020-01-01,Strasbourg,0.45454545454545453,75.31818181818181,-0.9999999999999997
2020-01-01,Montpellier,7.05,75.34999999999998,-1.0000000000000002
2020-01-01,Bordeaux,9.045454545454545,85.81818181818186,-0.9999999999999997
2020-01-01,Rennes,8.59090909090909,94.50000000000001,-0.9999999999999997
2020-01-01,Reims,0.6818181818181817,86.09090909090912,-0.9999999999999997
2020-01-01,Brest,9.27272727272727,88.59090909090908,-0.9999999999999997
2020-01-01,Lemans,6.227272727272727,97.09090909090907,-0.9999999999999997
2020-01-01,Dijon,1.0454545454545452,84.27272727272728,-0.9999999999999997
2020-01-02,Paris,6.782608695652172,92.56521739130433,-0.9999999999999996
2020-01-02,Lyon,3.130434782608696,87.39130434782608,-0.9999999999999996
2020-01-02,Toulouse,6.391304347826088,77.39130434782612,-0.9999999999999996
2020-01-02,Nice,10.260869565217392,76.78260869565217,-0.9999999999999996
2020-01-02,Strasbourg,1.7391304347826082,82.4782608695652,-0.9999999999999996
2020-01-02,Montpellier,7.391304347826087,77.4782608695652,-0.9999999999999996
2020-01-02,Bordeaux,7.565217391304348,82.30434782608695,-0.9999999999999996
2020-01-02,Rennes,8.956521739130437,89.1304347826087,-0.9999999999999996
2020-01-02,Reims,4.3478260869565215,95.47826086956522,-0.9999999999999996
2020-01-02,Brest,9.565217391304348,87.43478260869564,-0.9999999999999996
2020-01-02,Lemans,8.173913043478262,91.34782608695653,-0.9999999999999996
2020-01-02,Dijon,1.9565217391304341,87.52173913043478,-0.9999999999999996
2020-01-03,Paris,8.454545454545453,86.36363636363636,-0.9999999999999997
2020-01-03,Lyon,4.863636363636364,85.27272727272727,-0.9999999999999997
2020-01-03,Toulouse,6.666666666666667,77.80952380952382,-1.0000000000000004
2020-01-03,Nice,10.363636363636362,68.5,-0.9999999999999997
2020-01-03,Strasbourg,4.818181818181819,88.81818181818181,-0.9999999999999997
2020-01-03,Montpellier,9.318181818181818,80.31818181818181,-0.9999999999999997
2020-01-03,Bordeaux,8.190476190476192,89.52380952380952,-1.0000000000000004
2020-01-03,Rennes,9.761904761904765,88.61904761904762,-1.0000000000000004
2020-01-03,Reims,7.409090909090909,91.50000000000003,-0.9999999999999997
2020-01-03,Brest,9.130434782608697,82.60869565217392,-0.9999999999999996
2020-01-03,Lemans,9.181818181818182,91.2727272727273,-0.9999999999999997
2020-01-03,Dijon,4.272727272727272,90.13636363636364,-0.9999999999999997
2020-01-04,Paris,5.142857142857142,80.52380952380952,-1.0000000000000004
2020-01-04,Lyon,4.863636363636364,85.36363636363635,-0.9999999999999997
2020-01-04,Toulouse,7.590909090909091,88.04545454545455,-0.9999999999999997
2020-01-04,Nice,10.81818181818182,62.0,-0.9999999999999997
2020-01-04,Strasbourg,4.727272727272725,88.81818181818181,-0.9999999999999997
2020-01-04,Montpellier,10.27272727272727,68.81818181818181,-0.9999999999999997
2020-01-04,Bordeaux,7.090909090909092,87.9090909090909,-0.9999999999999997
2020-01-04,Rennes,5.7727272727272725,83.40909090909092,-0.9999999999999997
2020-01-04,Reims,4.545454545454545,88.00000000000001,-0.9999999999999997
2020-01-04,Brest,6.954545454545454,72.45454545454545,-0.9999999999999997
2020-01-04,Lemans,4.772727272727273,85.1818181818182,-0.9999999999999997
2020-01-04,Dijon,4.7272727272727275,87.95454545454548,-0.9999999999999997
2020-01-05,Paris,4.260869565217391,77.65217391304347,-0.9999999999999996
2020-01-05,Lyon,2.4347826086956528,85.52173913043478,-0.9999999999999996
2020-01-05,Toulouse,3.9090909090909083,77.49999999999999,-0.9999999999999997
2020-01-05,Nice,11.260869565217392,65.17391304347827,-0.9999999999999996
2020-01-05,Strasbourg,3.043478260869566,87.47826086956522,-0.9999999999999996
2020-01-05,Montpellier,7.8181818181818175,64.9090909090909,-0.9999999999999997
2020-01-05,Bordeaux,4.363636363636365,82.36363636363637,-0.9999999999999997
2020-01-05,Rennes,4.565217391304347,83.13043478260869,-0.9999999999999996
2020-01-05,Reims,3.130434782608696,87.47826086956519,-0.9999999999999996
2020-01-05,Brest,6.086956521739132,79.17391304347825,-0.9999999999999996
2020-01-05,Lemans,5.0434782608695645,80.43478260869564,-0.9999999999999996
2020-01-05,Dijon,2.739130434782609,85.52173913043478,-0.9999999999999996
2020-01-06,Paris,2.9565217391304355,81.91304347826089,-0.9999999999999996
2020-01-06,Lyon,3.4999999999999996,86.09090909090911,-0.9999999999999997
2020-01-06,Toulouse,5.782608695652175,74.04347826086956,-0.9999999999999996
2020-01-06,Nice,10.04545454545454,69.72727272727272,-0.9999999999999997
2020-01-06,Strasbourg,1.9999999999999998,78.43478260869564,-0.9999999999999996
2020-01-06,Montpellier,8.695652173913047,75.30434782608695,-0.9999999999999996
2020-01-06,Bordeaux,4.545454545454547,82.0909090909091,-0.9999999999999997
2020-01-06,Rennes,5.090909090909091,90.86363636363636,-0.9999999999999997
2020-01-06,Reims,2.045454545454545,89.0909090909091,-0.9999999999999997
2020-01-06,Brest,8.260869565217392,87.47826086956522,-0.9999999999999996
2020-01-06,Lemans,4.136363636363637,89.18181818181819,-0.9999999999999997
2020-01-06,Dijon,1.9090909090909087,86.8181818181818,-0.9999999999999997
2020-01-07,Paris,7.08695652173913,92.08695652173914,-0.9999999999999996
2020-01-07,Lyon,3.4782608695652177,87.6086956521739,-0.9999999999999996
2020-01-07,Toulouse,6.5652173913043494,81.69565217391303,-0.9999999999999996
2020-01-07,Nice,9.782608695652176,69.08695652173913,-0.9999999999999996
2020-01-07,Strasbourg,3.499999999999999,88.09090909090908,-0.9999999999999997
2020-01-07,Montpellier,9.695652173913045,73.78260869565217,-0.9999999999999996
2020-01-07,Bordeaux,9.21739130434783,91.56521739130432,-0.9999999999999996
2020-01-07,Rennes,9.217391304347824,95.95652173913044,-0.9999999999999996
2020-01-07,Reims,5.608695652173914,93.73913043478264,-0.9999999999999996
2020-01-07,Brest,10.652173913043478,93.17391304347825,-0.9999999999999996
2020-01-07,Lemans,8.863636363636363,96.27272727272725,-0.9999999999999997
2020-01-07,Dijon,3.1304347826086953,90.99999999999997,-0.9999999999999996
2020-01-08,Paris,10.238095238095237,94.09523809523812,-1.0000000000000004
2020-01-08,Lyon,4.409090909090908,84.40909090909092,-0.9999999999999997
2020-01-08,Toulouse,8.095238095238097,84.4285714285714,-1.0000000000000004
2020-01-08,Nice,10.380952380952381,59.857142857142854,-1.0000000000000004
2020-01-08,Strasbourg,4.761904761904762,84.9047619047619,-1.0000000000000004
2020-01-08,Montpellier,9.27272727272727,77.0909090909091,-0.9999999999999997
2020-01-08,Bordeaux,9.318181818181817,85.27272727272727,-0.9999999999999997
2020-01-08,Rennes,11.545454545454541,92.00000000000003,-0.9999999999999997
2020-01-08,Reims,9.333333333333332,97.00000000000001,-1.0000000000000004
2020-01-08,Brest,11.136363636363637,94.9545454545454,-0.9999999999999997
2020-01-08,Lemans,10.863636363636362,94.36363636363632,-0.9999999999999997
2020-01-08,Dijon,6.000000000000001,95.04545454545452,-0.9999999999999997
2020-01-09,Paris,10.18181818181818,84.3181818181818,-0.9999999999999997
2020-01-09,Lyon,6.545454545454545,64.27272727272728,-0.9999999999999997
2020-01-09,Toulouse,8.761904761904761,80.57142857142857,-1.0000000000000004
2020-01-09,Nice,9.82608695652174,59.30434782608696,-0.9999999999999996
2020-01-09,Strasbourg,8.333333333333336,81.99999999999999,-1.0000000000000004
2020-01-09,Montpellier,9.045454545454545,78.86363636363636,-0.9999999999999997
2020-01-09,Bordeaux,9.619047619047619,82.8095238095238,-1.0000000000000004
2020-01-09,Rennes,11.090909090909085,85.81818181818184,-0.9999999999999997
2020-01-09,Reims,10.136363636363635,91.36363636363636,-0.9999999999999997
2020-01-09,Brest,10.363636363636358,84.27272727272728,-0.9999999999999997
2020-01-09,Lemans,10.333333333333334,88.1904761904762,-1.0000000000000004
2020-01-09,Dijon,7.59090909090909,79.86363636363637,-0.9999999999999997
2020-01-10,Paris,7.136363636363636,80.36363636363636,-0.9999999999999997
2020-01-10,Lyon,6.9565217391304355,82.30434782608697,-0.9999999999999996
2020-01-10,Toulouse,8.09090909090909,86.31818181818181,-0.9999999999999997
2020-01-10,Nice,9.818181818181818,67.36363636363637,-0.9999999999999997
2020-01-10,Strasbourg,7.136363636363636,87.27272727272731,-0.9999999999999997
2020-01-10,Montpellier,10.545454545454541,76.45454545454545,-0.9999999999999997
2020-01-10,Bordeaux,8.636363636363633,77.0,-0.9999999999999997
2020-01-10,Rennes,7.565217391304348,78.6521739130435,-0.9999999999999996
2020-01-10,Reims,7.217391304347826,87.1304347826087,-0.9999999999999996
2020-01-10,Brest,7.954545454545456,72.31818181818183,-0.9999999999999997
2020-01-10,Lemans,7.363636363636364,80.13636363636365,-0.9999999999999997
2020-01-10,Dijon,6.636363636363637,87.04545454545456,-0.9999999999999997
2020-01-11,Paris,3.681818181818181,82.49999999999999,-0.9999999999999997
2020-01-11,Lyon,4.045454545454544,87.86363636363639,-0.9999999999999997
2020-01-11,Toulouse,3.904761904761904,82.90476190476188,-1.0000000000000004
2020-01-11,Nice,10.636363636363635,69.09090909090908,-0.9999999999999997
2020-01-11,Strasbourg,3.428571428571428,88.14285714285715,-1.0000000000000004
2020-01-11,Montpellier,8.181818181818182,71.49999999999999,-0.9999999999999997
2020-01-11,Bordeaux,4.608695652173912,76.17391304347825,-0.9999999999999996
2020-01-11,Rennes,6.136363636363637,88.7272727272727,-0.9999999999999997
2020-01-11,Reims,3.047619047619047,89.6190476190476,-1.0000000000000004
2020-01-11,Brest,9.363636363636362,80.59090909090907,-0.9999999999999997
2020-01-11,Lemans,4.499999999999999,87.36363636363637,-0.9999999999999997
2020-01-11,Dijon,3.454545454545453,86.13636363636364,-0.9999999999999997
2020-01-12,Paris,5.478260869565219,88.82608695652172,-0.9999999999999996
2020-01-12,Lyon,2.0869565217391304,84.95652173913044,-0.9999999999999996
2020-01-12,Toulouse,2.9565217391304346,74.08695652173914,-0.9999999999999996
2020-01-12,Nice,10.173913043478263,58.913043478260875,-0.9999999999999996
2020-01-12,Strasbourg,2.652173913043478,82.3478260869565,-0.9999999999999996
2020-01-12,Montpellier,7.09090909090909,64.59090909090908,-0.9999999999999997
2020-01-12,Bordeaux,5.391304347826086,85.08695652173911,-0.9999999999999996
2020-01-12,Rennes,9.136363636363637,89.00000000000001,-0.9999999999999997
2020-01-12,Reims,4.391304347826087,93.17391304347827,-0.9999999999999996
2020-01-12,Brest,9.999999999999993,79.95454545454545,-0.9999999999999997
2020-01-12,Lemans,6.818181818181818,93.27272727272725,-0.9999999999999997
2020-01-12,Dijon,2.4090909090909087,86.72727272727272,-0.9999999999999997
2020-01-13,Paris,7.318181818181816,85.45454545454545,-0.9999999999999997
2020-01-13,Lyon,3.714285714285714,76.42857142857143,-1.0000000000000004
2020-01-13,Toulouse,3.5500000000000003,70.64999999999999,-1.0000000000000002
2020-01-13,Nice,9.68181818181818,64.72727272727272,-0.9999999999999997
2020-01-13,Strasbourg,4.80952380952381,84.57142857142857,-1.0000000000000004
2020-01-13,Montpellier,6.857142857142859,65.57142857142858,-1.0000000000000004
2020-01-13,Bordeaux,7.249999999999999,77.00000000000001,-1.0000000000000002
2020-01-13,Rennes,9.045454545454547,89.5,-0.9999999999999997
2020-01-13,Reims,6.904761904761907,91.28571428571428,-1.0000000000000004
2020-01-13,Brest,9.714285714285714,79.8095238095238,-1.0000000000000004
2020-01-13,Lemans,7.954545454545453,90.09090909090908,-0.9999999999999997
2020-01-13,Dijon,4.3181818181818175,84.77272727272724,-0.9999999999999997
2020-01-14,Paris,9.227272727272727,72.0,-0.9999999999999997
2020-01-14,Lyon,6.863636363636363,76.81818181818181,-0.9999999999999997
2020-01-14,Toulouse,6.7272727272727275,72.86363636363635,-0.9999999999999997
2020-01-14,Nice,9.863636363636365,76.36363636363636,-0.9999999999999997
2020-01-14,Strasbourg,6.545454545454545,68.22727272727273,-0.9999999999999997
2020-01-14,Montpellier,10.227272727272723,79.59090909090907,-0.9999999999999997
2020-01-14,Bordeaux,7.727272727272726,66.68181818181817,-0.9999999999999997
2020-01-14,Rennes,11.136363636363635,89.50000000000003,-0.9999999999999997
2020-01-14,Reims,8.636363636363637,75.45454545454545,-0.9999999999999997
2020-01-14,Brest,10.772727272727268,85.18181818181817,-0.9999999999999997
2020-01-14,Lemans,9.09090909090909,84.99999999999997,-0.9999999999999997
2020-01-14,Dijon,6.2272727272727275,76.86363636363636,-0.9999999999999997
2020-01-15,Paris,8.66666666666667,74.8095238095238,-1.0000000000000004
2020-01-15,Lyon,8.545454545454545,74.09090909090908,-0.9999999999999997
2020-01-15,Toulouse,8.227272727272727,70.95454545454547,-0.9999999999999997
2020-01-15,Nice,10.363636363636365,77.04545454545455,-0.9999999999999997
2020-01-15,Strasbourg,7.499999999999997,73.68181818181819,-0.9999999999999997
2020-01-15,Montpellier,11.772727272727272,83.63636363636361,-0.9999999999999997
2020-01-15,Bordeaux,8.818181818181817,72.99999999999999,-0.9999999999999997
2020-01-15,Rennes,9.772727272727272,83.0909090909091,-0.9999999999999997
2020-01-15,Reims,8.863636363636363,79.63636363636364,-0.9999999999999997
2020-01-15,Brest,9.409090909090905,74.77272727272725,-0.9999999999999997
2020-01-15,Lemans,8.272727272727273,84.0909090909091,-0.9999999999999997
2020-01-15,Dijon,8.285714285714286,76.3809523809524,-1.0000000000000004
2020-01-16,Paris,8.299999999999999,80.1,-1.0000000000000002
2020-01-16,Lyon,7.090909090909091,78.04545454545458,-0.9999999999999997
2020-01-16,Toulouse,9.142857142857144,75.66666666666669,-1.0000000000000004
2020-01-16,Nice,10.333333333333332,75.57142857142856,-1.0000000000000004
2020-01-16,Strasbourg,7.095238095238095,83.85714285714283,-1.0000000000000004
2020-01-16,Montpellier,10.76190476190476,82.04761904761904,-1.0000000000000004
2020-01-16,Bordeaux,10.000000000000002,68.19047619047616,-1.0000000000000004
2020-01-16,Rennes,9.238095238095237,88.04761904761904,-1.0000000000000004
2020-01-16,Reims,7.428571428571429,88.76190476190477,-1.0000000000000004
2020-01-16,Brest,10.40909090909091,82.90909090909089,-0.9999999999999997
2020-01-16,Lemans,8.523809523809524,86.38095238095238,-1.0000000000000004
2020-01-16,Dijon,6.999999999999999,83.04761904761904,-1.0000000000000004
2020-01-17,Paris,7.904761904761905,75.52380952380952,-1.0000000000000004
2020-01-17,Lyon,7.142857142857142,82.80952380952382,-1.0000000000000004
2020-01-17,Toulouse,7.666666666666667,85.0,-1.0000000000000004
2020-01-17,Nice,10.19047619047619,80.23809523809524,-1.0000000000000004
2020-01-17,Strasbourg,5.952380952380951,85.95238095238095,-1.0000000000000004
2020-01-17,Montpellier,11.227272727272723,81.22727272727276,-0.9999999999999997
2020-01-17,Bordeaux,9.23809523809524,74.0952380952381,-1.0000000000000004
2020-01-17,Rennes,7.8181818181818175,81.0,-0.9999999999999997
2020-01-17,Reims,7.095238095238095,83.57142857142858,-1.0000000000000004
2020-01-17,Brest,7.619047619047617,71.85714285714286,-1.0000000000000004
2020-01-17,Lemans,7.954545454545455,72.31818181818181,-0.9999999999999997
2020-01-17,Dijon,6.714285714285715,86.66666666666666,-1.0000000000000004
2020-01-18,Paris,4.333333333333334,81.04761904761905,-1.0000000000000004
2020-01-18,Lyon,3.409090909090908,86.40909090909092,-0.9999999999999997
2020-01-18,Toulouse,5.476190476190475,78.09523809523809,-1.0000000000000004
2020-01-18,Nice,9.666666666666666,70.0952380952381,-1.0000000000000004
2020-01-18,Strasbourg,3.5238095238095237,88.3809523809524,-1.0000000000000004
2020-01-18,Montpellier,7.76190476190476,65.9047619047619,-1.0000000000000004
2020-01-18,Bordeaux,6.142857142857142,77.09523809523809,-1.0000000000000004
2020-01-18,Rennes,5.0476190476190474,85.09523809523806,-1.0000000000000004
2020-01-18,Reims,3.5714285714285707,88.0,-1.0000000000000004
2020-01-18,Brest,6.904761904761903,72.19047619047618,-1.0000000000000004
2020-01-18,Lemans,4.6190476190476195,75.66666666666664,-1.0000000000000004
2020-01-18,Dijon,3.285714285714285,88.9047619047619,-1.0000000000000004
2020-01-19,Paris,3.0909090909090904,77.86363636363637,-0.9999999999999997
2020-01-19,Lyon,1.818181818181818,77.63636363636363,-0.9999999999999997
2020-01-19,Toulouse,4.636363636363638,70.40909090909092,-0.9999999999999997
2020-01-19,Nice,8.499999999999998,64.09090909090908,-0.9999999999999997
2020-01-19,Strasbourg,1.2727272727272725,86.27272727272728,-0.9999999999999997
2020-01-19,Montpellier,6.545454545454545,64.54545454545455,-0.9999999999999997
2020-01-19,Bordeaux,5.090909090909091,66.31818181818183,-0.9999999999999997
2020-01-19,Rennes,4.045454545454545,84.40909090909089,-0.9999999999999997
2020-01-19,Reims,2.4090909090909087,86.0,-0.9999999999999997
2020-01-19,Brest,5.863636363636363,72.72727272727273,-0.9999999999999997
2020-01-19,Lemans,3.4545454545454533,72.50000000000001,-0.9999999999999997
2020-01-19,Dijon,1.5714285714285718,82.7142857142857,-1.0000000000000004
2020-01-20,Paris,2.3636363636363633,82.63636363636361,-0.9999999999999997
2020-01-20,Lyon,1.1818181818181817,72.09090909090908,-0.9999999999999997
2020-01-20,Toulouse,2.227272727272727,73.45454545454547,-0.9999999999999997
2020-01-20,Nice,8.227272727272727,56.95454545454547,-0.9999999999999997
2020-01-20,Strasbourg,1.4090909090909092,85.31818181818181,-0.9999999999999997
2020-01-20,Montpellier,6.000000000000001,66.13636363636364,-0.9999999999999997
2020-01-20,Bordeaux,3.772727272727272,65.81818181818181,-0.9999999999999997
2020-01-20,Rennes,3.772727272727272,82.90909090909092,-0.9999999999999997
2020-01-20,Reims,1.8181818181818183,87.22727272727275,-0.9999999999999997
2020-01-20,Brest,5.954545454545453,71.18181818181819,-0.9999999999999997
2020-01-20,Lemans,3.0,67.33333333333333,-1.0000000000000004
2020-01-20,Dijon,1.380952380952381,76.19047619047619,-1.0000000000000004
2020-01-21,Paris,0.9523809523809523,78.04761904761907,-1.0000000000000004
2020-01-21,Lyon,0.7619047619047619,75.42857142857142,-1.0000000000000004
2020-01-21,Toulouse,5.000000000000001,78.13636363636364,-0.9999999999999997
2020-01-21,Nice,9.590909090909092,51.36363636363636,-0.9999999999999997
2020-01-21,Strasbourg,0.8095238095238095,72.71428571428571,-1.0000000000000004
2020-01-21,Montpellier,7.428571428571431,64.66666666666667,-1.0000000000000004
2020-01-21,Bordeaux,5.1428571428571415,69.09523809523809,-1.0000000000000004
2020-01-21,Rennes,1.9047619047619049,84.00000000000003,-1.0000000000000004
2020-01-21,Reims,0.7142857142857142,82.33333333333333,-1.0000000000000004
2020-01-21,Brest,6.045454545454546,66.68181818181816,-0.9999999999999997
2020-01-21,Lemans,1.666666666666667,75.14285714285715,-1.0000000000000004
2020-01-21,Dijon,1.0952380952380951,76.95238095238093,-1.0000000000000004
2020-01-22,Paris,0.7727272727272726,80.36363636363636,-0.9999999999999997
2020-01-22,Lyon,1.0454545454545454,80.27272727272728,-0.9999999999999997
2020-01-22,Toulouse,8.545454545454543,79.9090909090909,-0.9999999999999997
2020-01-22,Nice,11.27272727272727,59.54545454545455,-0.9999999999999997
2020-01-22,Strasbourg,0.22727272727272724,75.04545454545455,-0.9999999999999997
2020-01-22,Montpellier,9.136363636363635,63.5,-0.9999999999999997
2020-01-22,Bordeaux,7.227272727272727,69.77272727272727,-0.9999999999999997
2020-01-22,Rennes,1.9047619047619044,69.76190476190477,-1.0000000000000004
2020-01-22,Reims,0.3181818181818182,80.0,-0.9999999999999997
2020-01-22,Brest,5.045454545454546,75.27272727272725,-0.9999999999999997
2020-01-22,Lemans,1.727272727272727,66.40909090909092,-0.9999999999999997
2020-01-22,Dijon,1.0952380952380953,78.66666666666669,-1.0000000000000004
2020-01-23,Paris,1.4999999999999996,74.86363636363636,-0.9999999999999997
2020-01-23,Lyon,1.6363636363636358,78.86363636363636,-0.9999999999999997
2020-01-23,Toulouse,10.409090909090907,81.13636363636364,-0.9999999999999997
2020-01-23,Nice,11.772727272727273,70.86363636363637,-0.9999999999999997
2020-01-23,Strasbourg,0.45454545454545453,66.0,-0.9999999999999997
2020-01-23,Montpellier,10.227272727272723,76.22727272727272,-0.9999999999999997
2020-01-23,Bordeaux,10.227272727272725,78.68181818181819,-0.9999999999999997
2020-01-23,Rennes,2.545454545454545,68.63636363636363,-0.9999999999999997
2020-01-23,Reims,1.0909090909090908,83.00000000000001,-0.9999999999999997
2020-01-23,Brest,5.227272727272728,69.95454545454545,-0.9999999999999997
2020-01-23,Lemans,1.9999999999999996,56.27272727272727,-0.9999999999999997
2020-01-23,Dijon,1.2272727272727273,70.72727272727272,-0.9999999999999997
2020-01-24,Paris,1.6363636363636362,71.36363636363635,-0.9999999999999997
2020-01-24,Lyon,3.863636363636363,82.68181818181817,-0.9999999999999997
2020-01-24,Toulouse,8.818181818181818,83.18181818181819,-0.9999999999999997
2020-01-24,Nice,10.590909090909092,76.0,-0.9999999999999997
2020-01-24,Strasbourg,1.7272727272727266,78.54545454545455,-0.9999999999999997
2020-01-24,Montpellier,10.095238095238097,87.95238095238096,-1.0000000000000004
2020-01-24,Bordeaux,7.681818181818181,87.22727272727275,-0.9999999999999997
2020-01-24,Rennes,3.095238095238095,79.66666666666664,-1.0000000000000004
2020-01-24,Reims,0.8636363636363634,75.99999999999999,-0.9999999999999997
2020-01-24,Brest,5.227272727272727,75.22727272727273,-0.9999999999999997
2020-01-24,Lemans,3.4090909090909083,79.95454545454544,-0.9999999999999997
2020-01-24,Dijon,2.4999999999999996,83.6818181818182,-0.9999999999999997
2020-01-25,Paris,2.181818181818181,88.22727272727275,-0.9999999999999997
2020-01-25,Lyon,4.181818181818182,82.5909090909091,-0.9999999999999997
2020-01-25,Toulouse,8.409090909090908,85.1818181818182,-0.9999999999999997
2020-01-25,Nice,10.363636363636365,78.36363636363636,-0.9999999999999997
2020-01-25,Strasbourg,2.1818181818181817,86.40909090909092,-0.9999999999999997
2020-01-25,Montpellier,10.181818181818182,88.49999999999999,-0.9999999999999997
2020-01-25,Bordeaux,7.227272727272727,90.27272727272728,-0.9999999999999997
2020-01-25,Rennes,5.818181818181819,92.40909090909088,-0.9999999999999997
2020-01-25,Reims,2.238095238095238,89.23809523809523,-1.0000000000000004
2020-01-25,Brest,7.499999999999997,86.90909090909089,-0.9999999999999997
2020-01-25,Lemans,5.045454545454546,92.45454545454544,-0.9999999999999997
2020-01-25,Dijon,2.3636363636363633,84.63636363636363,-0.9999999999999997
2020-01-26,Paris,5.045454545454547,87.04545454545455,-0.9999999999999997
2020-01-26,Lyon,5.909090909090909,87.81818181818184,-0.9999999999999997
2020-01-26,Toulouse,7.227272727272727,89.22727272727273,-0.9999999999999997
2020-01-26,Nice,9.954545454545455,85.4090909090909,-0.9999999999999997
2020-01-26,Strasbourg,3.6818181818181817,87.27272727272728,-0.9999999999999997
2020-01-26,Montpellier,10.136363636363633,88.72727272727272,-0.9999999999999997
2020-01-26,Bordeaux,8.727272727272725,92.45454545454544,-0.9999999999999997
2020-01-26,Rennes,7.727272727272727,91.81818181818184,-0.9999999999999997
2020-01-26,Reims,3.954545454545454,90.54545454545458,-0.9999999999999997
2020-01-26,Brest,8.590909090909088,87.04545454545453,-0.9999999999999997
2020-01-26,Lemans,7.181818181818181,88.81818181818181,-0.9999999999999997
2020-01-26,Dijon,4.3181818181818175,90.77272727272727,-0.9999999999999997
2020-01-27,Paris,7.954545454545452,85.45454545454544,-0.9999999999999997
2020-01-27,Lyon,6.227272727272727,83.90909090909092,-0.9999999999999997
2020-01-27,Toulouse,6.818181818181817,81.5,-0.9999999999999997
2020-01-27,Nice,10.136363636363637,74.99999999999999,-0.9999999999999997
2020-01-27,Strasbourg,5.727272727272727,88.40909090909092,-0.9999999999999997
2020-01-27,Montpellier,8.136363636363635,91.13636363636363,-0.9999999999999997
2020-01-27,Bordeaux,8.727272727272725,88.63636363636365,-0.9999999999999997
2020-01-27,Rennes,7.954545454545453,87.63636363636364,-0.9999999999999997
2020-01-27,Reims,7.045454545454546,92.04545454545456,-0.9999999999999997
2020-01-27,Brest,8.045454545454545,80.4090909090909,-0.9999999999999997
2020-01-27,Lemans,8.681818181818182,89.54545454545456,-0.9999999999999997
2020-01-27,Dijon,5.090909090909089,87.9090909090909,-0.9999999999999997
2020-01-28,Paris,5.7727272727272725,70.90909090909092,-0.9999999999999997
2020-01-28,Lyon,7.272727272727272,74.09090909090908,-0.9999999999999997
2020-01-28,Toulouse,9.09090909090909,75.36363636363639,-0.9999999999999997
2020-01-28,Nice,11.045454545454545,72.18181818181819,-0.9999999999999997
2020-01-28,Strasbourg,5.545454545454543,75.13636363636365,-0.9999999999999997
2020-01-28,Montpellier,10.238095238095237,75.33333333333334,-1.0000000000000004
2020-01-28,Bordeaux,9.772727272727268,76.09090909090908,-0.9999999999999997
2020-01-28,Rennes,6.238095238095236,69.71428571428572,-1.0000000000000004
2020-01-28,Reims,5.045454545454544,79.22727272727272,-0.9999999999999997
2020-01-28,Brest,6.7727272727272725,71.36363636363635,-0.9999999999999997
2020-01-28,Lemans,6.333333333333332,79.47619047619048,-1.0000000000000004
2020-01-28,Dijon,5.571428571428571,84.52380952380952,-1.0000000000000004
2020-01-29,Paris,5.636363636363637,81.09090909090908,-0.9999999999999997
2020-01-29,Lyon,5.636363636363637,86.81818181818181,-0.9999999999999997
2020-01-29,Toulouse,8.904761904761905,75.42857142857142,-1.0000000000000004
2020-01-29,Nice,11.04761904761905,63.857142857142854,-1.0000000000000004
2020-01-29,Strasbourg,4.238095238095238,79.09523809523809,-1.0000000000000004
2020-01-29,Montpellier,10.047619047619047,71.28571428571428,-1.0000000000000004
2020-01-29,Bordeaux,9.818181818181818,81.77272727272728,-0.9999999999999997
2020-01-29,Rennes,7.545454545454544,75.27272727272727,-0.9999999999999997
2020-01-29,Reims,4.90909090909091,80.45454545454545,-0.9999999999999997
2020-01-29,Brest,8.363636363636362,80.45454545454548,-0.9999999999999997
2020-01-29,Lemans,6.714285714285713,85.0,-1.0000000000000004
2020-01-29,Dijon,5.227272727272728,85.9090909090909,-0.9999999999999997
2020-01-30,Paris,7.999999999999998,92.00000000000003,-0.9999999999999997
2020-01-30,Lyon,4.863636363636365,76.86363636363637,-0.9999999999999997
2020-01-30,Toulouse,9.909090909090908,91.45454545454544,-0.9999999999999997
2020-01-30,Nice,10.545454545454547,63.95454545454546,-0.9999999999999997
2020-01-30,Strasbourg,6.2272727272727275,79.63636363636363,-0.9999999999999997
2020-01-30,Montpellier,8.90909090909091,86.18181818181819,-0.9999999999999997
2020-01-30,Bordeaux,11.636363636363631,90.68181818181819,-0.9999999999999997
2020-01-30,Rennes,10.909090909090907,91.00000000000004,-0.9999999999999997
2020-01-30,Reims,7.181818181818182,90.7727272727273,-0.9999999999999997
2020-01-30,Brest,11.136363636363635,94.77272727272727,-0.9999999999999997
2020-01-30,Lemans,9.636363636363631,93.3181818181818,-0.9999999999999997
2020-01-30,Dijon,5.59090909090909,92.04545454545453,-0.9999999999999997
2020-01-31,Paris,11.27272727272727,87.77272727272725,-0.9999999999999997
2020-01-31,Lyon,8.59090909090909,87.90909090909089,-0.9999999999999997
2020-01-31,Toulouse,11.272727272727272,90.36363636363635,-0.9999999999999997
2020-01-31,Nice,11.09090909090909,85.1818181818182,-0.9999999999999997
2020-01-31,Strasbourg,10.681818181818182,85.5,-0.9999999999999997
2020-01-31,Montpellier,11.909090909090912,85.9090909090909,-0.9999999999999997
2020-01-31,Bordeaux,12.454545454545453,92.22727272727269,-0.9999999999999997
2020-01-31,Rennes,11.272727272727268,89.00000000000003,-0.9999999999999997
2020-01-31,Reims,11.227272727272725,85.81818181818181,-0.9999999999999997
2020-01-31,Brest,10.59090909090909,92.68181818181816,-0.9999999999999997
2020-01-31,Lemans,11.590909090909086,93.5909090909091,-0.9999999999999997
2020-01-31,Dijon,9.636363636363635,91.7727272727273,-0.9999999999999997
2020-02-01,Paris,11.5,84.77272727272728,-0.9999999999999997
2020-02-01,Lyon,8.954545454545453,84.31818181818181,-0.9999999999999997
2020-02-01,Toulouse,10.909090909090908,89.22727272727272,-0.9999999999999997
2020-02-01,Nice,12.045454545454545,81.4090909090909,-0.9999999999999997
2020-02-01,Strasbourg,10.136363636363638,84.54545454545456,-0.9999999999999997
2020-02-01,Montpellier,11.476190476190474,82.66666666666666,-1.0000000000000004
2020-02-01,Bordeaux,12.476190476190474,89.85714285714283,-1.0000000000000004
2020-02-01,Rennes,11.36363636363636,88.40909090909092,-0.9999999999999997
2020-02-01,Reims,10.863636363636362,83.95454545454547,-0.9999999999999997
2020-02-01,Brest,10.142857142857142,90.04761904761904,-1.0000000000000004
2020-02-01,Lemans,11.77272727272727,87.95454545454547,-0.9999999999999997
2020-02-01,Dijon,9.619047619047619,89.2857142857143,-1.0000000000000004
2020-02-02,Paris,12.428571428571425,88.23809523809523,-1.0000000000000004
2020-02-02,Lyon,9.428571428571427,89.66666666666666,-1.0000000000000004
2020-02-02,Toulouse,12.681818181818182,80.86363636363636,-0.9999999999999997
2020-02-02,Nice,13.227272727272728,70.4090909090909,-0.9999999999999997
2020-02-02,Strasbourg,10.857142857142854,86.76190476190477,-1.0000000000000004
2020-02-02,Montpellier,13.904761904761902,80.52380952380953,-1.0000000000000004
2020-02-02,Bordeaux,13.727272727272728,87.68181818181822,-0.9999999999999997
2020-02-02,Rennes,12.571428571428568,90.85714285714288,-1.0000000000000004
2020-02-02,Reims,11.09090909090909,84.04545454545455,-0.9999999999999997
2020-02-02,Brest,11.363636363636363,93.36363636363635,-0.9999999999999997
2020-02-02,Lemans,12.809523809523808,90.71428571428572,-1.0000000000000004
2020-02-02,Dijon,11.095238095238091,91.3809523809524,-1.0000000000000004
2020-02-03,Paris,11.5,85.13636363636364,-0.9999999999999997
2020-02-03,Lyon,11.500000000000004,80.6818181818182,-0.9999999999999997
2020-02-03,Toulouse,12.590909090909092,78.95454545454547,-0.9999999999999997
2020-02-03,Nice,14.272727272727275,61.40909090909091,-0.9999999999999997
2020-02-03,Strasbourg,10.857142857142856,83.99999999999999,-1.0000000000000004
2020-02-03,Montpellier,14.90909090909091,71.31818181818181,-0.9999999999999997
2020-02-03,Bordeaux,13.238095238095235,72.28571428571428,-1.0000000000000004
2020-02-03,Rennes,11.227272727272725,89.68181818181817,-0.9999999999999997
2020-02-03,Reims,10.090909090909088,86.31818181818181,-0.9999999999999997
2020-02-03,Brest,9.238095238095239,90.38095238095238,-1.0000000000000004
2020-02-03,Lemans,12.227272727272727,89.72727272727272,-0.9999999999999997
2020-02-03,Dijon,11.954545454545453,86.0909090909091,-0.9999999999999997
2020-02-04,Paris,6.863636363636362,74.86363636363636,-0.9999999999999997
2020-02-04,Lyon,7.454545454545455,66.72727272727272,-0.9999999999999997
2020-02-04,Toulouse,10.272727272727268,64.90909090909092,-0.9999999999999997
2020-02-04,Nice,13.045454545454543,50.363636363636374,-0.9999999999999997
2020-02-04,Strasbourg,5.619047619047621,76.61904761904762,-1.0000000000000004
2020-02-04,Montpellier,11.727272727272725,62.68181818181817,-0.9999999999999997
2020-02-04,Bordeaux,9.727272727272725,71.81818181818181,-0.9999999999999997
2020-02-04,Rennes,7.090909090909092,64.90909090909092,-0.9999999999999997
2020-02-04,Reims,5.77272727272727,77.95454545454545,-0.9999999999999997
2020-02-04,Brest,7.863636363636364,63.72727272727272,-0.9999999999999997
2020-02-04,Lemans,7.181818181818182,80.86363636363636,-0.9999999999999997
2020-02-04,Dijon,6.681818181818182,79.68181818181817,-0.9999999999999997
2020-02-05,Paris,5.727272727272727,81.04545454545455,-0.9999999999999997
2020-02-05,Lyon,4.545454545454547,69.68181818181817,-0.9999999999999997
2020-02-05,Toulouse,5.681818181818182,67.63636363636364,-0.9999999999999997
2020-02-05,Nice,9.863636363636363,42.5,-0.9999999999999997
2020-02-05,Strasbourg,3.409090909090908,76.59090909090911,-0.9999999999999997
2020-02-05,Montpellier,8.761904761904763,58.38095238095239,-1.0000000000000004
2020-02-05,Bordeaux,5.909090909090909,76.6818181818182,-0.9999999999999997
2020-02-05,Rennes,5.818181818181818,77.5909090909091,-0.9999999999999997
2020-02-05,Reims,4.863636363636364,81.90909090909093,-0.9999999999999997
2020-02-05,Brest,6.8181818181818175,73.54545454545455,-0.9999999999999997
2020-02-05,Lemans,5.1818181818181825,86.18181818181817,-0.9999999999999997
2020-02-05,Dijon,4.454545454545454,83.2272727272727,-0.9999999999999997
2020-02-06,Paris,3.761904761904762,80.33333333333333,-1.0000000000000004
2020-02-06,Lyon,3.0476190476190474,69.28571428571428,-1.0000000000000004
2020-02-06,Toulouse,6.181818181818181,61.45454545454546,-0.9999999999999997
2020-02-06,Nice,9.045454545454545,51.68181818181818,-0.9999999999999997
2020-02-06,Strasbourg,2.0476190476190474,74.85714285714286,-1.0000000000000004
2020-02-06,Montpellier,8.523809523809522,69.33333333333333,-1.0000000000000004
2020-02-06,Bordeaux,5.904761904761903,67.57142857142857,-1.0000000000000004
2020-02-06,Rennes,4.666666666666666,56.33333333333333,-1.0000000000000004
2020-02-06,Reims,2.7272727272727266,82.49999999999999,-0.9999999999999997
2020-02-06,Brest,6.1428571428571415,54.47619047619048,-1.0000000000000004
2020-02-06,Lemans,4.380952380952381,78.0,-1.0000000000000004
2020-02-06,Dijon,2.714285714285714,69.85714285714286,-1.0000000000000004
2020-02-07,Paris,4.954545454545455,77.86363636363636,-0.9999999999999997
2020-02-07,Lyon,5.136363636363637,64.18181818181819,-0.9999999999999997
2020-02-07,Toulouse,8.363636363636363,81.09090909090912,-0.9999999999999997
2020-02-07,Nice,9.045454545454543,50.36363636363637,-0.9999999999999997
2020-02-07,Strasbourg,1.9545454545454544,85.5909090909091,-0.9999999999999997
2020-02-07,Montpellier,10.136363636363635,75.5,-0.9999999999999997
2020-02-07,Bordeaux,8.136363636363637,75.36363636363636,-0.9999999999999997
2020-02-07,Rennes,6.272727272727272,69.77272727272728,-0.9999999999999997
2020-02-07,Reims,3.8181818181818175,76.81818181818181,-0.9999999999999997
2020-02-07,Brest,8.333333333333334,76.85714285714288,-1.0000000000000004
2020-02-07,Lemans,5.681818181818182,87.22727272727273,-0.9999999999999997
2020-02-07,Dijon,3.3636363636363633,68.5,-0.9999999999999997
2020-02-08,Paris,7.545454545454543,84.04545454545458,-0.9999999999999997
2020-02-08,Lyon,6.454545454545454,75.50000000000001,-0.9999999999999997
2020-02-08,Toulouse,9.09090909090909,75.09090909090908,-0.9999999999999997
2020-02-08,Nice,9.45454545454545,60.86363636363637,-0.9999999999999997
2020-02-08,Strasbourg,3.8181818181818175,74.4090909090909,-0.9999999999999997
2020-02-08,Montpellier,10.227272727272727,81.5,-0.9999999999999997
2020-02-08,Bordeaux,8.363636363636363,84.81818181818181,-0.9999999999999997
2020-02-08,Rennes,8.590909090909092,76.27272727272728,-0.9999999999999997
2020-02-08,Reims,7.545454545454544,82.0,-0.9999999999999997
2020-02-08,Brest,8.954545454545451,74.90909090909092,-0.9999999999999997
2020-02-08,Lemans,7.363636363636362,91.31818181818184,-0.9999999999999997
2020-02-08,Dijon,5.3181818181818175,78.13636363636365,-0.9999999999999997
2020-02-09,Paris,9.40909090909091,80.81818181818183,-0.9999999999999997
2020-02-09,Lyon,7.904761904761907,75.95238095238096,-1.0000000000000004
2020-02-09,Toulouse,10.40909090909091,78.27272727272727,-0.9999999999999997
2020-02-09,Nice,9.857142857142856,71.09523809523809,-1.0000000000000004
2020-02-09,Strasbourg,7.999999999999998,63.77272727272728,-0.9999999999999997
2020-02-09,Montpellier,10.454545454545451,85.72727272727275,-0.9999999999999997
2020-02-09,Bordeaux,10.63636363636364,79.2727272727273,-0.9999999999999997
2020-02-09,Rennes,10.809523809523807,82.52380952380952,-1.0000000000000004
2020-02-09,Reims,9.545454545454543,83.63636363636364,-0.9999999999999997
2020-02-09,Brest,11.227272727272723,85.40909090909092,-0.9999999999999997
2020-02-09,Lemans,9.5,89.36363636363635,-0.9999999999999997
2020-02-09,Dijon,7.818181818181816,76.36363636363637,-0.9999999999999997
2020-02-10,Paris,9.545454545454541,68.36363636363636,-0.9999999999999997
2020-02-10,Lyon,11.681818181818182,73.90909090909089,-0.9999999999999997
2020-02-10,Toulouse,13.260869565217394,78.78260869565219,-0.9999999999999996
2020-02-10,Nice,13.434782608695652,69.56521739130434,-0.9999999999999996
2020-02-10,Strasbourg,9.95454545454545,61.22727272727273,-0.9999999999999997
2020-02-10,Montpellier,12.954545454545453,82.81818181818181,-0.9999999999999997
2020-02-10,Bordeaux,13.608695652173914,76.04347826086956,-0.9999999999999996
2020-02-10,Rennes,9.772727272727272,74.36363636363639,-0.9999999999999997
2020-02-10,Reims,8.478260869565217,76.30434782608695,-0.9999999999999996
2020-02-10,Brest,8.863636363636362,69.54545454545456,-0.9999999999999997
2020-02-10,Lemans,10.21739130434783,77.91304347826089,-0.9999999999999996
2020-02-10,Dijon,10.173913043478265,72.86956521739131,-0.9999999999999996
2020-02-11,Paris,6.1818181818181825,69.9090909090909,-0.9999999999999997
2020-02-11,Lyon,9.227272727272727,75.0,-0.9999999999999997
2020-02-11,Toulouse,11.318181818181817,85.54545454545455,-0.9999999999999997
2020-02-11,Nice,13.40909090909091,57.22727272727272,-0.9999999999999997
2020-02-11,Strasbourg,5.7272727272727275,66.68181818181817,-0.9999999999999997
2020-02-11,Montpellier,12.272727272727273,72.63636363636361,-0.9999999999999997
2020-02-11,Bordeaux,11.17391304347826,73.60869565217389,-0.9999999999999996
2020-02-11,Rennes,6.91304347826087,77.08695652173914,-0.9999999999999996
2020-02-11,Reims,5.090909090909091,76.36363636363637,-0.9999999999999997
2020-02-11,Brest,6.772727272727271,69.09090909090911,-0.9999999999999997
2020-02-11,Lemans,6.999999999999999,76.86363636363636,-0.9999999999999997
2020-02-11,Dijon,6.173913043478261,80.6086956521739,-0.9999999999999996
2020-02-12,Paris,5.954545454545455,74.04545454545455,-0.9999999999999997
2020-02-12,Lyon,5.9,73.75,-1.0000000000000002
2020-02-12,Toulouse,8.523809523809526,81.38095238095237,-1.0000000000000004
2020-02-12,Nice,11.350000000000001,47.29999999999998,-1.0000000000000002
2020-02-12,Strasbourg,4.476190476190477,70.85714285714285,-1.0000000000000004
2020-02-12,Montpellier,9.363636363636363,66.36363636363637,-0.9999999999999997
2020-02-12,Bordeaux,8.999999999999998,72.18181818181819,-0.9999999999999997
2020-02-12,Rennes,6.227272727272727,82.49999999999999,-0.9999999999999997
2020-02-12,Reims,4.772727272727273,81.04545454545452,-0.9999999999999997
2020-02-12,Brest,7.142857142857146,74.33333333333334,-1.0000000000000004
2020-02-12,Lemans,6.380952380952381,82.33333333333333,-1.0000000000000004
2020-02-12,Dijon,4.285714285714286,83.71428571428571,-1.0000000000000004
2020-02-13,Paris,7.952380952380954,77.28571428571428,-1.0000000000000004
2020-02-13,Lyon,6.6190476190476195,75.14285714285714,-1.0000000000000004
2020-02-13,Toulouse,9.954545454545457,80.77272727272725,-0.9999999999999997
2020-02-13,Nice,11.136363636363638,60.77272727272729,-0.9999999999999997
2020-02-13,Strasbourg,5.136363636363637,78.27272727272728,-0.9999999999999997
2020-02-13,Montpellier,9.190476190476188,78.38095238095238,-1.0000000000000004
2020-02-13,Bordeaux,10.714285714285712,77.57142857142857,-1.0000000000000004
2020-02-13,Rennes,9.499999999999998,81.0,-1.0000000000000002
2020-02-13,Reims,6.363636363636364,82.54545454545456,-0.9999999999999997
2020-02-13,Brest,8.86363636363636,77.18181818181819,-0.9999999999999997
2020-02-13,Lemans,8.636363636363633,85.04545454545453,-0.9999999999999997
2020-02-13,Dijon,5.000000000000001,81.68181818181817,-0.9999999999999997
2020-02-14,Paris,8.59090909090909,83.72727272727273,-0.9999999999999997
2020-02-14,Lyon,7.954545454545455,77.9090909090909,-0.9999999999999997
2020-02-14,Toulouse,9.909090909090908,81.99999999999997,-0.9999999999999997
2020-02-14,Nice,12.095238095238093,58.76190476190477,-1.0000000000000004
2020-02-14,Strasbourg,7.090909090909091,75.63636363636365,-0.9999999999999997
2020-02-14,Montpellier,10.636363636363638,68.31818181818181,-0.9999999999999997
2020-02-14,Bordeaux,10.181818181818182,76.81818181818183,-0.9999999999999997
2020-02-14,Rennes,9.5,87.4090909090909,-0.9999999999999997
2020-02-14,Reims,7.5,88.54545454545456,-0.9999999999999997
2020-02-14,Brest,9.409090909090908,86.31818181818184,-0.9999999999999997
2020-02-14,Lemans,9.409090909090908,85.99999999999999,-0.9999999999999997
2020-02-14,Dijon,6.863636363636363,81.45454545454545,-0.9999999999999997
2020-02-15,Paris,9.863636363636362,79.4090909090909,-0.9999999999999997
2020-02-15,Lyon,8.142857142857142,71.47619047619047,-1.0000000000000004
2020-02-15,Toulouse,9.272727272727272,73.72727272727272,-0.9999999999999997
2020-02-15,Nice,11.454545454545455,61.409090909090914,-0.9999999999999997
2020-02-15,Strasbourg,6.727272727272726,78.7727272727273,-0.9999999999999997
2020-02-15,Montpellier,9.285714285714286,71.61904761904762,-1.0000000000000004
2020-02-15,Bordeaux,10.428571428571427,76.71428571428571,-1.0000000000000004
2020-02-15,Rennes,11.636363636363637,84.1818181818182,-0.9999999999999997
2020-02-15,Reims,8.714285714285714,84.95238095238095,-1.0000000000000004
2020-02-15,Brest,10.954545454545451,88.4090909090909,-0.9999999999999997
2020-02-15,Lemans,10.863636363636369,83.00000000000004,-0.9999999999999997
2020-02-15,Dijon,6.227272727272727,79.40909090909093,-0.9999999999999997
2020-02-16,Paris,13.09090909090909,69.04545454545455,-0.9999999999999997
2020-02-16,Lyon,10.772727272727272,76.27272727272727,-0.9999999999999997
2020-02-16,Toulouse,11.545454545454547,73.68181818181819,-0.9999999999999997
2020-02-16,Nice,11.38095238095238,70.95238095238095,-1.0000000000000004
2020-02-16,Strasbourg,11.681818181818185,50.99999999999999,-0.9999999999999997
2020-02-16,Montpellier,11.045454545454543,88.27272727272727,-0.9999999999999997
2020-02-16,Bordeaux,13.272727272727275,68.0909090909091,-0.9999999999999997
2020-02-16,Rennes,12.095238095238093,83.19047619047619,-1.0000000000000004
2020-02-16,Reims,12.59090909090909,75.13636363636364,-0.9999999999999997
2020-02-16,Brest,10.272727272727268,81.31818181818183,-0.9999999999999997
2020-02-16,Lemans,13.095238095238091,77.90476190476191,-1.0000000000000004
2020-02-16,Dijon,9.772727272727273,70.0909090909091,-0.9999999999999997
2020-02-17,Paris,8.727272727272727,69.5909090909091,-0.9999999999999997
2020-02-17,Lyon,10.772727272727272,83.63636363636363,-0.9999999999999997
2020-02-17,Toulouse,10.27272727272727,82.13636363636361,-0.9999999999999997
2020-02-17,Nice,12.545454545454547,80.45454545454544,-0.9999999999999997
2020-02-17,Strasbourg,10.136363636363631,75.45454545454547,-0.9999999999999997
2020-02-17,Montpellier,12.33333333333333,87.4761904761905,-1.0000000000000004
2020-02-17,Bordeaux,10.863636363636362,76.9090909090909,-0.9999999999999997
2020-02-17,Rennes,7.666666666666665,66.76190476190476,-1.0000000000000004
2020-02-17,Reims,8.181818181818182,77.5909090909091,-0.9999999999999997
2020-02-17,Brest,7.272727272727273,67.0909090909091,-0.9999999999999997
2020-02-17,Lemans,8.61904761904762,77.6190476190476,-1.0000000000000004
2020-02-17,Dijon,8.380952380952381,84.52380952380952,-1.0000000000000004
2020-02-18,Paris,7.227272727272726,70.77272727272725,-0.9999999999999997
2020-02-18,Lyon,6.476190476190475,71.04761904761904,-1.0000000000000004
2020-02-18,Toulouse,8.136363636363637,78.68181818181819,-0.9999999999999997
2020-02-18,Nice,12.5,70.4090909090909,-0.9999999999999997
2020-02-18,Strasbourg,6.545454545454545,67.00000000000001,-0.9999999999999997
2020-02-18,Montpellier,10.142857142857142,65.14285714285715,-1.0000000000000004
2020-02-18,Bordeaux,8.954545454545451,75.45454545454544,-0.9999999999999997
2020-02-18,Rennes,7.272727272727272,68.77272727272727,-0.9999999999999997
2020-02-18,Reims,6.7272727272727275,79.54545454545455,-0.9999999999999997
2020-02-18,Brest,7.863636363636362,73.0909090909091,-0.9999999999999997
2020-02-18,Lemans,7.09090909090909,79.54545454545453,-0.9999999999999997
2020-02-18,Dijon,5.500000000000001,83.04545454545452,-0.9999999999999997
2020-02-19,Paris,7.136363636363634,78.18181818181819,-0.9999999999999997
2020-02-19,Lyon,5.863636363636363,85.2272727272727,-0.9999999999999997
2020-02-19,Toulouse,8.409090909090908,79.63636363636363,-0.9999999999999997
2020-02-19,Nice,11.31818181818182,57.31818181818181,-0.9999999999999997
2020-02-19,Strasbourg,5.454545454545454,70.68181818181817,-0.9999999999999997
2020-02-19,Montpellier,9.909090909090908,68.54545454545453,-0.9999999999999997
2020-02-19,Bordeaux,9.863636363636363,81.72727272727275,-0.9999999999999997
2020-02-19,Rennes,8.818181818181817,70.81818181818183,-0.9999999999999997
2020-02-19,Reims,6.227272727272726,73.45454545454544,-0.9999999999999997
2020-02-19,Brest,8.818181818181817,80.31818181818184,-0.9999999999999997
2020-02-19,Lemans,8.499999999999998,84.7727272727273,-0.9999999999999997
2020-02-19,Dijon,5.818181818181819,81.77272727272728,-0.9999999999999997
2020-02-20,Paris,8.095238095238095,74.0,-1.0000000000000004
2020-02-20,Lyon,7.4761904761904745,72.23809523809524,-1.0000000000000004
2020-02-20,Toulouse,8.727272727272727,69.95454545454545,-0.9999999999999997
2020-02-20,Nice,11.090909090909093,58.500000000000014,-0.9999999999999997
2020-02-20,Strasbourg,6.8181818181818175,67.45454545454545,-0.9999999999999997
2020-02-20,Montpellier,9.476190476190476,71.38095238095238,-1.0000000000000004
2020-02-20,Bordeaux,9.333333333333334,80.19047619047619,-1.0000000000000004
2020-02-20,Rennes,8.409090909090908,72.1818181818182,-0.9999999999999997
2020-02-20,Reims,7.545454545454545,74.72727272727275,-0.9999999999999997
2020-02-20,Brest,8.136363636363635,75.36363636363636,-0.9999999999999997
2020-02-20,Lemans,8.454545454545453,82.86363636363636,-0.9999999999999997
2020-02-20,Dijon,7.238095238095241,74.80952380952381,-1.0000000000000004
2020-02-21,Paris,6.045454545454545,60.90909090909091,-0.9999999999999997
2020-02-21,Lyon,7.181818181818181,67.31818181818181,-0.9999999999999997
2020-02-21,Toulouse,8.818181818181818,79.0909090909091,-0.9999999999999997
2020-02-21,Nice,11.272727272727273,61.18181818181818,-0.9999999999999997
2020-02-21,Strasbourg,5.772727272727274,70.0909090909091,-0.9999999999999997
2020-02-21,Montpellier,11.318181818181818,65.59090909090908,-0.9999999999999997
2020-02-21,Bordeaux,8.363636363636363,73.90909090909089,-0.9999999999999997
2020-02-21,Rennes,6.3181818181818175,67.77272727272727,-0.9999999999999997
2020-02-21,Reims,5.363636363636365,59.13636363636365,-0.9999999999999997
2020-02-21,Brest,7.9090909090909065,77.54545454545453,-0.9999999999999997
2020-02-21,Lemans,6.09090909090909,83.77272727272728,-0.9999999999999997
2020-02-21,Dijon,4.7727272727272725,66.27272727272727,-0.9999999999999997
2020-02-22,Paris,8.523809523809522,71.09523809523809,-1.0000000000000004
2020-02-22,Lyon,7.238095238095237,60.19047619047619,-1.0000000000000004
2020-02-22,Toulouse,8.142857142857144,68.57142857142856,-1.0000000000000004
2020-02-22,Nice,11.857142857142856,64.99999999999999,-1.0000000000000004
2020-02-22,Strasbourg,7.142857142857144,71.19047619047619,-1.0000000000000004
2020-02-22,Montpellier,9.952380952380953,58.095238095238095,-1.0000000000000004
2020-02-22,Bordeaux,8.476190476190476,71.28571428571429,-1.0000000000000004
2020-02-22,Rennes,9.38095238095238,81.38095238095238,-1.0000000000000004
2020-02-22,Reims,7.714285714285714,68.61904761904762,-1.0000000000000004
2020-02-22,Brest,9.571428571428571,88.28571428571429,-1.0000000000000004
2020-02-22,Lemans,8.428571428571429,87.33333333333333,-1.0000000000000004
2020-02-22,Dijon,5.523809523809523,60.095238095238095,-1.0000000000000004
2020-02-23,Paris,10.0,86.0,-1.0
2020-02-23,Lyon,6.0,73.0,-1.0
2020-02-23,Toulouse,5.5,76.0,-1.0
2020-02-23,Nice,10.0,73.0,-1.0
2020-02-23,Strasbourg,8.0,83.0,-1.0
2020-02-23,Montpellier,8.0,66.0,-1.0
2020-02-23,Bordeaux,6.5,87.0,-1.0
2020-02-23,Rennes,11.0,92.5,-1.0
2020-02-23,Reims,10.0,90.0,-1.0
2020-02-23,Brest,11.0,94.0,-1.0
2020-02-23,Lemans,10.0,94.5,-1.0
2020-02-23,Dijon,6.5,72.0,-1.0
2020-02-24,Paris,11.368421052631582,79.15789473684208,-0.9999999999999996
2020-02-24,Lyon,10.777777777777777,72.16666666666666,-1.0000000000000002
2020-02-24,Toulouse,9.052631578947368,59.684210526315766,-0.9999999999999996
2020-02-24,Nice,13.26315789473684,69.1578947368421,-0.9999999999999996
2020-02-24,Strasbourg,10.42105263157895,81.52631578947367,-0.9999999999999996
2020-02-24,Montpellier,13.611111111111112,61.44444444444444,-1.0000000000000002
2020-02-24,Bordeaux,9.578947368421053,77.36842105263158,-0.9999999999999996
2020-02-24,Rennes,11.000000000000005,85.42105263157895,-0.9999999999999996
2020-02-24,Reims,10.684210526315791,78.94736842105263,-0.9999999999999996
2020-02-24,Brest,9.833333333333332,87.83333333333334,-1.0000000000000002
2020-02-24,Lemans,11.0,85.3888888888889,-1.0000000000000002
2020-02-24,Dijon,9.88888888888889,82.55555555555554,-1.0000000000000002
2020-02-25,Paris,8.142857142857142,79.14285714285711,-1.0000000000000004
2020-02-25,Lyon,8.190476190476192,76.9047619047619,-1.0000000000000004
2020-02-25,Toulouse,8.77272727272727,75.90909090909092,-0.9999999999999997
2020-02-25,Nice,12.999999999999998,60.90476190476191,-1.0000000000000004
2020-02-25,Strasbourg,7.809523809523811,82.14285714285714,-1.0000000000000004
2020-02-25,Montpellier,12.0,66.05,-1.0000000000000002
2020-02-25,Bordeaux,10.476190476190476,77.66666666666667,-1.0000000000000004
2020-02-25,Rennes,8.095238095238095,72.33333333333334,-1.0000000000000004
2020-02-25,Reims,7.7272727272727275,78.45454545454547,-0.9999999999999997
2020-02-25,Brest,6.952380952380952,73.19047619047618,-1.0000000000000004
2020-02-25,Lemans,8.65,80.6,-1.0000000000000002
2020-02-25,Dijon,7.047619047619048,85.1904761904762,-1.0000000000000004
2020-02-26,Paris,4.499999999999999,74.31818181818183,-0.9999999999999997
2020-02-26,Lyon,5.40909090909091,59.00000000000001,-0.9999999999999997
2020-02-26,Toulouse,7.409090909090908,83.54545454545452,-0.9999999999999997
2020-02-26,Nice,9.954545454545451,50.99999999999999,-0.9999999999999997
2020-02-26,Strasbourg,4.181818181818181,70.5909090909091,-0.9999999999999997
2020-02-26,Montpellier,9.318181818181817,65.27272727272728,-0.9999999999999997
2020-02-26,Bordeaux,8.250000000000002,72.84999999999998,-1.0000000000000002
2020-02-26,Rennes,5.454545454545456,67.72727272727273,-0.9999999999999997
2020-02-26,Reims,3.6363636363636354,67.13636363636364,-0.9999999999999997
2020-02-26,Brest,6.0,68.27272727272728,-0.9999999999999997
2020-02-26,Lemans,5.318181818181818,77.54545454545455,-0.9999999999999997
2020-02-26,Dijon,3.545454545454544,81.68181818181817,-0.9999999999999997
2020-02-27,Paris,5.090909090909091,78.50000000000001,-0.9999999999999997
2020-02-27,Lyon,5.136363636363637,69.13636363636363,-0.9999999999999997
2020-02-27,Toulouse,8.727272727272728,86.13636363636365,-0.9999999999999997
2020-02-27,Nice,8.909090909090908,59.22727272727272,-0.9999999999999997
2020-02-27,Strasbourg,3.318181818181817,80.95454545454545,-0.9999999999999997
2020-02-27,Montpellier,9.863636363636363,78.59090909090908,-0.9999999999999997
2020-02-27,Bordeaux,10.181818181818182,87.04545454545456,-0.9999999999999997
2020-02-27,Rennes,7.818181818181817,82.9090909090909,-0.9999999999999997
2020-02-27,Reims,2.818181818181818,78.45454545454547,-0.9999999999999997
2020-02-27,Brest,7.863636363636364,78.31818181818181,-0.9999999999999997
2020-02-27,Lemans,7.136363636363636,84.13636363636364,-0.9999999999999997
2020-02-27,Dijon,3.636363636363636,87.86363636363636,-0.9999999999999997
2020-02-28,Paris,5.428571428571428,84.66666666666666,-1.0000000000000004
2020-02-28,Lyon,5.761904761904761,64.4285714285714,-1.0000000000000004
2020-02-28,Toulouse,9.727272727272728,86.54545454545453,-0.9999999999999997
2020-02-28,Nice,10.545454545454543,53.72727272727272,-0.9999999999999997
2020-02-28,Strasbourg,4.809523809523809,59.904761904761926,-1.0000000000000004
2020-02-28,Montpellier,9.809523809523808,67.66666666666666,-1.0000000000000004
2020-02-28,Bordeaux,10.380952380952381,83.85714285714288,-1.0000000000000004
2020-02-28,Rennes,8.428571428571427,89.80952380952381,-1.0000000000000004
2020-02-28,Reims,3.8095238095238093,68.04761904761904,-1.0000000000000004
2020-02-28,Brest,9.428571428571429,86.76190476190476,-1.0000000000000004
2020-02-28,Lemans,6.952380952380952,89.95238095238095,-1.0000000000000004
2020-02-28,Dijon,4.095238095238095,72.9047619047619,-1.0000000000000004
2020-02-29,Paris,8.285714285714288,76.1904761904762,-1.0000000000000004
2020-02-29,Lyon,10.0,73.72727272727272,-0.9999999999999997
2020-02-29,Toulouse,10.409090909090908,83.36363636363637,-0.9999999999999997
2020-02-29,Nice,10.272727272727272,71.31818181818183,-0.9999999999999997
2020-02-29,Strasbourg,8.818181818181818,71.49999999999999,-0.9999999999999997
2020-02-29,Montpellier,12.409090909090908,84.22727272727272,-0.9999999999999997
2020-02-29,Bordeaux,11.363636363636365,72.36363636363635,-0.9999999999999997
2020-02-29,Rennes,8.136363636363637,81.49999999999997,-0.9999999999999997
2020-02-29,Reims,7.681818181818182,80.31818181818181,-0.9999999999999997
2020-02-29,Brest,7.499999999999999,73.86363636363637,-0.9999999999999997
2020-02-29,Lemans,8.045454545454547,81.27272727272727,-0.9999999999999997
2020-02-29,Dijon,7.999999999999999,77.54545454545455,-0.9999999999999997
2020-03-01,Paris,6.181818181818182,79.86363636363637,-0.9999999999999997
2020-03-01,Lyon,9.636363636363635,77.99999999999999,-0.9999999999999997
2020-03-01,Toulouse,10.000000000000002,83.45454545454544,-0.9999999999999997
2020-03-01,Nice,11.40909090909091,78.22727272727275,-0.9999999999999997
2020-03-01,Strasbourg,8.59090909090909,68.90909090909092,-0.9999999999999997
2020-03-01,Montpellier,11.409090909090912,76.31818181818183,-0.9999999999999997
2020-03-01,Bordeaux,10.363636363636363,79.45454545454545,-0.9999999999999997
2020-03-01,Rennes,6.7272727272727275,84.6818181818182,-0.9999999999999997
2020-03-01,Reims,5.818181818181818,85.68181818181819,-0.9999999999999997
2020-03-01,Brest,6.999999999999999,72.27272727272727,-0.9999999999999997
2020-03-01,Lemans,6.409090909090909,88.40909090909092,-0.9999999999999997
2020-03-01,Dijon,6.863636363636362,76.0,-0.9999999999999997
2020-03-02,Paris,6.476190476190476,81.95238095238095,-1.0000000000000004
2020-03-02,Lyon,7.8571428571428585,84.09523809523807,-1.0000000000000004
2020-03-02,Toulouse,8.285714285714285,82.71428571428572,-1.0000000000000004
2020-03-02,Nice,10.857142857142856,80.80952380952378,-1.0000000000000004
2020-03-02,Strasbourg,6.095238095238094,84.95238095238096,-1.0000000000000004
2020-03-02,Montpellier,11.272727272727272,72.54545454545455,-0.9999999999999997
2020-03-02,Bordeaux,8.999999999999998,81.95454545454545,-0.9999999999999997
2020-03-02,Rennes,6.523809523809523,82.42857142857142,-1.0000000000000004
2020-03-02,Reims,5.380952380952381,89.90476190476191,-1.0000000000000004
2020-03-02,Brest,6.3809523809523805,70.09523809523812,-1.0000000000000004
2020-03-02,Lemans,7.047619047619048,82.52380952380952,-1.0000000000000004
2020-03-02,Dijon,5.857142857142857,83.9047619047619,-1.0000000000000004
2020-03-03,Paris,5.08695652173913,77.43478260869564,-0.9999999999999996
2020-03-03,Lyon,5.954545454545455,69.13636363636364,-0.9999999999999997
2020-03-03,Toulouse,6.761904761904762,85.66666666666667,-1.0000000000000004
2020-03-03,Nice,10.26086956521739,63.391304347826086,-0.9999999999999996
2020-03-03,Strasbourg,5.260869565217391,78.65217391304347,-0.9999999999999996
2020-03-03,Montpellier,8.571428571428573,72.71428571428574,-1.0000000000000004
2020-03-03,Bordeaux,7.636363636363636,86.04545454545456,-0.9999999999999997
2020-03-03,Rennes,5.545454545454546,81.81818181818181,-0.9999999999999997
2020-03-03,Reims,4.391304347826086,77.47826086956523,-0.9999999999999996
2020-03-03,Brest,6.478260869565218,70.95652173913042,-0.9999999999999996
2020-03-03,Lemans,5.318181818181818,84.00000000000001,-0.9999999999999997
2020-03-03,Dijon,4.086956521739131,77.52173913043478,-0.9999999999999996
2020-03-04,Paris,5.227272727272728,85.45454545454545,-0.9999999999999997
2020-03-04,Lyon,6.238095238095238,67.80952380952382,-1.0000000000000004
2020-03-04,Toulouse,7.999999999999998,91.3636363636364,-0.9999999999999997
2020-03-04,Nice,9.636363636363635,57.181818181818194,-0.9999999999999997
2020-03-04,Strasbourg,4.523809523809524,76.99999999999999,-1.0000000000000004
2020-03-04,Montpellier,9.391304347826088,67.3913043478261,-0.9999999999999996
2020-03-04,Bordeaux,10.0,93.91304347826089,-0.9999999999999996
2020-03-04,Rennes,8.181818181818182,90.54545454545455,-0.9999999999999997
2020-03-04,Reims,5.0,84.34782608695652,-0.9999999999999996
2020-03-04,Brest,8.772727272727272,86.5,-0.9999999999999997
2020-03-04,Lemans,6.681818181818181,93.31818181818178,-0.9999999999999997
2020-03-04,Dijon,4.304347826086956,77.99999999999999,-0.9999999999999996
2020-03-05,Paris,8.681818181818182,89.27272727272727,-0.9999999999999997
2020-03-05,Lyon,8.636363636363633,83.72727272727272,-0.9999999999999997
2020-03-05,Toulouse,10.090909090909088,83.86363636363636,-0.9999999999999997
2020-03-05,Nice,9.81818181818182,77.49999999999999,-0.9999999999999997
2020-03-05,Strasbourg,6.478260869565217,84.47826086956522,-0.9999999999999996
2020-03-05,Montpellier,11.227272727272728,83.77272727272727,-0.9999999999999997
2020-03-05,Bordeaux,11.391304347826084,80.82608695652175,-0.9999999999999996
2020-03-05,Rennes,8.954545454545453,88.90909090909092,-0.9999999999999997
2020-03-05,Reims,7.2272727272727275,90.09090909090911,-0.9999999999999997
2020-03-05,Brest,7.727272727272726,82.54545454545453,-0.9999999999999997
2020-03-05,Lemans,9.272727272727272,90.27272727272724,-0.9999999999999997
2020-03-05,Dijon,7.227272727272726,84.22727272727273,-0.9999999999999997
2020-03-06,Paris,6.636363636363637,78.04545454545455,-0.9999999999999997
2020-03-06,Lyon,6.999999999999999,80.81818181818181,-0.9999999999999997
2020-03-06,Toulouse,6.7272727272727275,81.63636363636364,-0.9999999999999997
2020-03-06,Nice,10.181818181818182,68.68181818181817,-0.9999999999999997
2020-03-06,Strasbourg,5.863636363636363,85.59090909090911,-0.9999999999999997
2020-03-06,Montpellier,9.363636363636362,66.63636363636363,-0.9999999999999997
2020-03-06,Bordeaux,8.363636363636365,74.36363636363636,-0.9999999999999997
2020-03-06,Rennes,6.142857142857142,82.85714285714286,-1.0000000000000004
2020-03-06,Reims,5.333333333333332,78.42857142857143,-1.0000000000000004
2020-03-06,Brest,6.636363636363638,69.04545454545453,-0.9999999999999997
2020-03-06,Lemans,6.76190476190476,84.66666666666666,-1.0000000000000004
2020-03-06,Dijon,5.454545454545455,70.0,-0.9999999999999997
2020-03-07,Paris,6.6521739130434785,78.2608695652174,-0.9999999999999996
2020-03-07,Lyon,6.26086956521739,73.00000000000001,-0.9999999999999996
2020-03-07,Toulouse,7.565217391304349,72.95652173913042,-0.9999999999999996
2020-03-07,Nice,10.909090909090908,55.40909090909091,-0.9999999999999997
2020-03-07,Strasbourg,4.565217391304349,77.17391304347827,-0.9999999999999996
2020-03-07,Montpellier,9.782608695652174,57.43478260869565,-0.9999999999999996
2020-03-07,Bordeaux,9.636363636363635,73.40909090909089,-0.9999999999999997
2020-03-07,Rennes,8.08695652173913,80.8695652173913,-0.9999999999999996
2020-03-07,Reims,4.956521739130435,74.95652173913044,-0.9999999999999996
2020-03-07,Brest,8.869565217391308,77.1304347826087,-0.9999999999999996
2020-03-07,Lemans,8.0,86.95454545454547,-0.9999999999999997
2020-03-07,Dijon,4.565217391304347,71.43478260869567,-0.9999999999999996
2020-03-08,Paris,8.363636363636362,83.86363636363636,-0.9999999999999997
2020-03-08,Lyon,7.1818181818181825,67.18181818181819,-0.9999999999999997
2020-03-08,Toulouse,9.40909090909091,83.04545454545455,-0.9999999999999997
2020-03-08,Nice,10.454545454545453,62.59090909090909,-0.9999999999999997
2020-03-08,Strasbourg,6.499999999999999,65.5,-0.9999999999999997
2020-03-08,Montpellier,10.136363636363638,65.36363636363636,-0.9999999999999997
2020-03-08,Bordeaux,9.272727272727272,84.5,-0.9999999999999997
2020-03-08,Rennes,9.545454545454543,80.27272727272731,-0.9999999999999997
2020-03-08,Reims,7.409090909090909,84.1818181818182,-0.9999999999999997
2020-03-08,Brest,8.954545454545451,77.86363636363635,-0.9999999999999997
2020-03-08,Lemans,9.136363636363633,89.13636363636364,-0.9999999999999997
2020-03-08,Dijon,6.454545454545453,71.68181818181819,-0.9999999999999997
2020-03-09,Paris,7.59090909090909,75.27272727272727,-0.9999999999999997
2020-03-09,Lyon,6.954545454545454,80.49999999999999,-0.9999999999999997
2020-03-09,Toulouse,8.999999999999998,84.90909090909089,-0.9999999999999997
2020-03-09,Nice,10.333333333333332,67.28571428571429,-1.0000000000000004
2020-03-09,Strasbourg,6.727272727272728,80.13636363636363,-0.9999999999999997
2020-03-09,Montpellier,10.863636363636363,60.499999999999986,-0.9999999999999997
2020-03-09,Bordeaux,9.409090909090905,76.27272727272727,-0.9999999999999997
2020-03-09,Rennes,8.000000000000002,78.85714285714286,-1.0000000000000004
2020-03-09,Reims,6.999999999999999,82.3181818181818,-0.9999999999999997
2020-03-09,Brest,8.636363636363635,79.00000000000003,-0.9999999999999997
2020-03-09,Lemans,7.909090909090907,82.68181818181819,-0.9999999999999997
2020-03-09,Dijon,6.181818181818181,82.68181818181819,-0.9999999999999997
2020-03-10,Paris,11.095238095238093,87.90476190476188,-1.0000000000000004
2020-03-10,Lyon,6.047619047619046,86.14285714285714,-1.0000000000000004
2020-03-10,Toulouse,10.761904761904761,78.76190476190476,-1.0000000000000004
2020-03-10,Nice,11.047619047619047,59.23809523809524,-1.0000000000000004
2020-03-10,Strasbourg,7.300000000000001,85.14999999999998,-1.0000000000000002
2020-03-10,Montpellier,11.714285714285712,67.23809523809524,-1.0000000000000004
2020-03-10,Bordeaux,11.523809523809524,87.04761904761907,-1.0000000000000004
2020-03-10,Rennes,11.999999999999996,87.85714285714288,-1.0000000000000004
2020-03-10,Reims,10.33333333333333,91.71428571428568,-1.0000000000000004
2020-03-10,Brest,10.999999999999998,91.8095238095238,-1.0000000000000004
2020-03-10,Lemans,11.476190476190474,93.0,-1.0000000000000004
2020-03-10,Dijon,6.904761904761906,90.85714285714288,-1.0000000000000004
2020-03-11,Paris,12.952380952380949,78.19047619047619,-1.0000000000000004
2020-03-11,Lyon,11.045454545454545,79.54545454545455,-0.9999999999999997
2020-03-11,Toulouse,10.90909090909091,84.63636363636364,-0.9999999999999997
2020-03-11,Nice,12.90909090909091,78.22727272727273,-0.9999999999999997
2020-03-11,Strasbourg,12.000000000000002,80.81818181818181,-0.9999999999999997
2020-03-11,Montpellier,14.5,72.86363636363636,-0.9999999999999997
2020-03-11,Bordeaux,12.5,81.77272727272727,-0.9999999999999997
2020-03-11,Rennes,12.136363636363635,86.86363636363633,-0.9999999999999997
2020-03-11,Reims,12.772727272727273,77.81818181818181,-0.9999999999999997
2020-03-11,Brest,11.0,91.95454545454547,-0.9999999999999997
2020-03-11,Lemans,12.590909090909092,86.13636363636364,-0.9999999999999997
2020-03-11,Dijon,11.045454545454547,85.54545454545455,-0.9999999999999997
2020-03-12,Paris,9.636363636363635,71.9090909090909,-0.9999999999999997
2020-03-12,Lyon,11.727272727272727,83.95454545454545,-0.9999999999999997
2020-03-12,Toulouse,11.57142857142857,86.61904761904762,-1.0000000000000004
2020-03-12,Nice,13.409090909090912,78.9090909090909,-0.9999999999999997
2020-03-12,Strasbourg,11.409090909090908,75.59090909090908,-0.9999999999999997
2020-03-12,Montpellier,13.681818181818182,77.72727272727273,-0.9999999999999997
2020-03-12,Bordeaux,10.681818181818182,82.77272727272728,-0.9999999999999997
2020-03-12,Rennes,9.272727272727273,63.9090909090909,-0.9999999999999997
2020-03-12,Reims,9.318181818181818,60.09090909090909,-0.9999999999999997
2020-03-12,Brest,7.818181818181819,61.81818181818181,-0.9999999999999997
2020-03-12,Lemans,10.0,80.68181818181817,-0.9999999999999997
2020-03-12,Dijon,11.0,77.72727272727273,-0.9999999999999997
2020-03-13,Paris,7.142857142857143,68.14285714285714,-1.0000000000000004
2020-03-13,Lyon,8.954545454545453,71.13636363636364,-0.9999999999999997
2020-03-13,Toulouse,9.523809523809524,64.57142857142858,-1.0000000000000004
2020-03-13,Nice,13.476190476190473,79.33333333333334,-1.0000000000000004
2020-03-13,Strasbourg,7.523809523809523,62.66666666666667,-1.0000000000000004
2020-03-13,Montpellier,13.57142857142857,69.90476190476191,-1.0000000000000004
2020-03-13,Bordeaux,8.333333333333334,70.28571428571428,-1.0000000000000004
2020-03-13,Rennes,6.999999999999999,64.22727272727272,-0.9999999999999997
2020-03-13,Reims,6.666666666666667,57.0,-1.0000000000000004
2020-03-13,Brest,7.571428571428573,67.1904761904762,-1.0000000000000004
2020-03-13,Lemans,7.047619047619047,77.33333333333331,-1.0000000000000004
2020-03-13,Dijon,6.952380952380953,64.23809523809524,-1.0000000000000004
2020-03-14,Paris,7.7727272727272725,77.54545454545453,-0.9999999999999997
2020-03-14,Lyon,6.7727272727272725,73.40909090909092,-0.9999999999999997
2020-03-14,Toulouse,7.7272727272727275,64.86363636363637,-0.9999999999999997
2020-03-14,Nice,12.272727272727272,80.81818181818181,-0.9999999999999997
2020-03-14,Strasbourg,6.090909090909091,63.590909090909086,-0.9999999999999997
2020-03-14,Montpellier,11.318181818181818,61.13636363636365,-0.9999999999999997
2020-03-14,Bordeaux,7.909090909090909,75.0,-0.9999999999999997
2020-03-14,Rennes,9.681818181818182,72.27272727272727,-0.9999999999999997
2020-03-14,Reims,6.727272727272727,70.9090909090909,-0.9999999999999997
2020-03-14,Brest,9.318181818181815,77.04545454545456,-0.9999999999999997
2020-03-14,Lemans,9.09090909090909,86.45454545454544,-0.9999999999999997
2020-03-14,Dijon,6.409090909090908,70.18181818181819,-0.9999999999999997
2020-03-15,Paris,9.318181818181818,77.81818181818183,-0.9999999999999997
2020-03-15,Lyon,8.727272727272725,75.04545454545453,-0.9999999999999997
2020-03-15,Toulouse,9.590909090909092,70.54545454545455,-0.9999999999999997
2020-03-15,Nice,11.909090909090908,70.86363636363636,-0.9999999999999997
2020-03-15,Strasbourg,7.954545454545453,59.45454545454546,-0.9999999999999997
2020-03-15,Montpellier,10.909090909090908,71.27272727272728,-0.9999999999999997
2020-03-15,Bordeaux,9.863636363636363,76.45454545454545,-0.9999999999999997
2020-03-15,Rennes,9.454545454545455,82.72727272727275,-0.9999999999999997
2020-03-15,Reims,9.409090909090908,80.63636363636363,-0.9999999999999997
2020-03-15,Brest,8.363636363636362,79.77272727272722,-0.9999999999999997
2020-03-15,Lemans,9.636363636363635,86.68181818181817,-0.9999999999999997
2020-03-15,Dijon,8.136363636363635,70.77272727272728,-0.9999999999999997
2020-03-16,Paris,8.909090909090907,85.09090909090911,-0.9999999999999997
2020-03-16,Lyon,10.318181818181817,66.86363636363636,-0.9999999999999997
2020-03-16,Toulouse,10.363636363636363,83.40909090909089,-0.9999999999999997
2020-03-16,Nice,11.954545454545453,65.95454545454547,-0.9999999999999997
2020-03-16,Strasbourg,10.727272727272725,64.18181818181817,-0.9999999999999997
2020-03-16,Montpellier,12.818181818181817,69.9090909090909,-0.9999999999999997
2020-03-16,Bordeaux,10.227272727272727,90.95454545454544,-0.9999999999999997
2020-03-16,Rennes,8.190476190476192,86.66666666666667,-1.0000000000000004
2020-03-16,Reims,9.590909090909093,86.36363636363639,-0.9999999999999997
2020-03-16,Brest,7.545454545454544,68.95454545454545,-0.9999999999999997
2020-03-16,Lemans,8.59090909090909,91.36363636363635,-0.9999999999999997
2020-03-16,Dijon,9.18181818181818,73.31818181818183,-0.9999999999999997
2020-03-17,Paris,9.857142857142858,80.04761904761905,-1.0000000000000004
2020-03-17,Lyon,10.999999999999998,69.27272727272727,-0.9999999999999997
2020-03-17,Toulouse,12.238095238095235,73.71428571428571,-1.0000000000000004
2020-03-17,Nice,12.40909090909091,68.68181818181817,-0.9999999999999997
2020-03-17,Strasbourg,11.0,75.3181818181818,-0.9999999999999997
2020-03-17,Montpellier,12.727272727272728,71.09090909090908,-0.9999999999999997
2020-03-17,Bordeaux,11.500000000000002,88.09090909090908,-0.9999999999999997
2020-03-17,Rennes,8.428571428571429,78.80952380952381,-1.0000000000000004
2020-03-17,Reims,9.681818181818182,83.95454545454544,-0.9999999999999997
2020-03-17,Brest,7.409090909090908,73.18181818181819,-0.9999999999999997
2020-03-17,Lemans,10.09090909090909,89.31818181818181,-0.9999999999999997
2020-03-17,Dijon,10.227272727272727,80.72727272727273,-0.9999999999999997
2020-03-18,Paris,11.619047619047617,76.04761904761904,-1.0000000000000004
2020-03-18,Lyon,11.318181818181817,80.86363636363636,-0.9999999999999997
2020-03-18,Toulouse,12.272727272727273,75.63636363636363,-0.9999999999999997
2020-03-18,Nice,12.590909090909095,64.54545454545456,-0.9999999999999997
2020-03-18,Strasbourg,11.363636363636363,79.95454545454547,-0.9999999999999997
2020-03-18,Montpellier,12.285714285714285,71.04761904761904,-1.0000000000000004
2020-03-18,Bordeaux,12.090909090909092,79.18181818181819,-0.9999999999999997
2020-03-18,Rennes,9.727272727272727,84.27272727272727,-0.9999999999999997
2020-03-18,Reims,11.095238095238095,82.04761904761904,-1.0000000000000004
2020-03-18,Brest,8.85,73.19999999999999,-1.0000000000000002
2020-03-18,Lemans,11.57142857142857,82.04761904761904,-1.0000000000000004
2020-03-18,Dijon,11.18181818181818,76.95454545454545,-0.9999999999999997
2020-03-19,Paris,12.999999999999998,69.19047619047619,-1.0000000000000004
2020-03-19,Lyon,12.818181818181817,71.95454545454547,-0.9999999999999997
2020-03-19,Toulouse,13.090909090909092,58.68181818181818,-0.9999999999999997
2020-03-19,Nice,13.476190476190473,65.47619047619048,-1.0000000000000004
2020-03-19,Strasbourg,11.954545454545457,70.63636363636365,-0.9999999999999997
2020-03-19,Montpellier,12.272727272727272,67.18181818181817,-0.9999999999999997
2020-03-19,Bordeaux,14.045454545454549,73.4090909090909,-0.9999999999999997
2020-03-19,Rennes,11.227272727272727,86.00000000000003,-0.9999999999999997
2020-03-19,Reims,12.090909090909092,76.22727272727275,-0.9999999999999997
2020-03-19,Brest,8.499999999999998,82.36363636363636,-0.9999999999999997
2020-03-19,Lemans,13.136363636363638,81.31818181818183,-0.9999999999999997
2020-03-19,Dijon,11.363636363636365,83.90909090909092,-0.9999999999999997
2020-03-20,Paris,11.681818181818182,74.00000000000001,-0.9999999999999997
2020-03-20,Lyon,12.727272727272728,64.63636363636363,-0.9999999999999997
2020-03-20,Toulouse,12.090909090909092,61.13636363636364,-0.9999999999999997
2020-03-20,Nice,12.590909090909092,72.5909090909091,-0.9999999999999997
2020-03-20,Strasbourg,12.09090909090909,70.72727272727272,-0.9999999999999997
2020-03-20,Montpellier,11.772727272727275,68.22727272727273,-0.9999999999999997
2020-03-20,Bordeaux,13.636363636363637,58.772727272727266,-0.9999999999999997
2020-03-20,Rennes,12.727272727272728,86.09090909090911,-0.9999999999999997
2020-03-20,Reims,10.363636363636363,80.0909090909091,-0.9999999999999997
2020-03-20,Brest,9.454545454545451,80.54545454545456,-0.9999999999999997
2020-03-20,Lemans,13.619047619047619,73.28571428571428,-1.0000000000000004
2020-03-20,Dijon,11.363636363636365,82.13636363636363,-0.9999999999999997
2020-03-21,Paris,8.142857142857144,77.1904761904762,-1.0000000000000004
2020-03-21,Lyon,11.904761904761903,75.95238095238093,-1.0000000000000004
2020-03-21,Toulouse,11.500000000000002,67.36363636363636,-0.9999999999999997
2020-03-21,Nice,12.181818181818183,74.77272727272728,-0.9999999999999997
2020-03-21,Strasbourg,6.952380952380952,86.71428571428571,-1.0000000000000004
2020-03-21,Montpellier,11.76190476190476,72.19047619047619,-1.0000000000000004
2020-03-21,Bordeaux,12.590909090909092,63.04545454545453,-0.9999999999999997
2020-03-21,Rennes,9.857142857142858,86.76190476190476,-1.0000000000000004
2020-03-21,Reims,6.863636363636363,78.13636363636364,-0.9999999999999997
2020-03-21,Brest,9.476190476190476,73.00000000000001,-1.0000000000000004
2020-03-21,Lemans,9.571428571428571,65.71428571428571,-1.0000000000000004
2020-03-21,Dijon,9.318181818181818,87.04545454545455,-0.9999999999999997
2020-03-22,Paris,7.476190476190476,60.57142857142856,-1.0000000000000004
2020-03-22,Lyon,10.318181818181818,82.63636363636363,-0.9999999999999997
2020-03-22,Toulouse,11.727272727272728,70.13636363636363,-0.9999999999999997
2020-03-22,Nice,12.619047619047617,71.6190476190476,-1.0000000000000004
2020-03-22,Strasbourg,5.333333333333334,65.00000000000001,-1.0000000000000004
2020-03-22,Montpellier,11.772727272727273,74.31818181818183,-0.9999999999999997
2020-03-22,Bordeaux,12.33333333333333,72.47619047619047,-1.0000000000000004
2020-03-22,Rennes,7.727272727272727,82.59090909090908,-0.9999999999999997
2020-03-22,Reims,5.863636363636363,49.18181818181818,-0.9999999999999997
2020-03-22,Brest,7.727272727272727,71.72727272727275,-0.9999999999999997
2020-03-22,Lemans,7.999999999999999,57.40909090909092,-0.9999999999999997
2020-03-22,Dijon,7.619047619047618,69.90476190476191,-1.0000000000000004
2020-03-23,Paris,6.272727272727272,47.31818181818181,-0.9999999999999997
2020-03-23,Lyon,9.318181818181818,76.31818181818183,-0.9999999999999997
2020-03-23,Toulouse,11.545454545454547,71.68181818181817,-0.9999999999999997
2020-03-23,Nice,10.045454545454541,73.0,-0.9999999999999997
2020-03-23,Strasbourg,3.4545454545454546,46.68181818181817,-0.9999999999999997
2020-03-23,Montpellier,11.666666666666668,76.09523809523809,-1.0000000000000004
2020-03-23,Bordeaux,12.454545454545455,76.18181818181817,-0.9999999999999997
2020-03-23,Rennes,9.5,79.2272727272727,-0.9999999999999997
2020-03-23,Reims,4.545454545454546,41.31818181818181,-0.9999999999999997
2020-03-23,Brest,8.727272727272727,81.54545454545455,-0.9999999999999997
2020-03-23,Lemans,8.272727272727273,38.86363636363635,-0.9999999999999997
2020-03-23,Dijon,5.272727272727273,53.636363636363626,-0.9999999999999997
2020-03-24,Paris,5.454545454545454,47.63636363636364,-0.9999999999999997
2020-03-24,Lyon,6.136363636363636,62.499999999999986,-0.9999999999999997
2020-03-24,Toulouse,10.363636363636365,66.13636363636364,-0.9999999999999997
2020-03-24,Nice,7.318181818181817,59.909090909090914,-0.9999999999999997
2020-03-24,Strasbourg,3.181818181818181,48.95454545454545,-0.9999999999999997
2020-03-24,Montpellier,8.999999999999998,69.63636363636364,-0.9999999999999997
2020-03-24,Bordeaux,12.045454545454547,71.54545454545455,-0.9999999999999997
2020-03-24,Rennes,9.181818181818182,70.81818181818183,-0.9999999999999997
2020-03-24,Reims,4.181818181818182,42.31818181818182,-0.9999999999999997
2020-03-24,Brest,10.000000000000002,83.90476190476188,-1.0000000000000004
2020-03-24,Lemans,7.090909090909091,39.545454545454554,-0.9999999999999997
2020-03-24,Dijon,3.8181818181818183,43.77272727272727,-0.9999999999999997
2020-03-25,Paris,5.454545454545454,47.68181818181819,-0.9999999999999997
2020-03-25,Lyon,5.727272727272727,72.63636363636364,-0.9999999999999997
2020-03-25,Toulouse,9.681818181818182,58.86363636363637,-0.9999999999999997
2020-03-25,Nice,6.909090909090908,61.31818181818183,-0.9999999999999997
2020-03-25,Strasbourg,3.227272727272727,48.4090909090909,-0.9999999999999997
2020-03-25,Montpellier,7.499999999999999,72.22727272727273,-0.9999999999999997
2020-03-25,Bordeaux,11.0,65.86363636363636,-0.9999999999999997
2020-03-25,Rennes,7.909090909090909,70.63636363636364,-0.9999999999999997
2020-03-25,Reims,4.181818181818182,44.50000000000001,-0.9999999999999997
2020-03-25,Brest,9.454545454545455,75.04545454545456,-0.9999999999999997
2020-03-25,Lemans,6.59090909090909,27.04545454545454,-0.9999999999999997
2020-03-25,Dijon,3.954545454545454,56.36363636363638,-0.9999999999999997
2020-03-26,Paris,5.809523809523808,52.09523809523809,-1.0000000000000004
2020-03-26,Lyon,5.666666666666667,71.76190476190476,-1.0000000000000004
2020-03-26,Toulouse,8.85714285714286,48.99999999999999,-1.0000000000000004
2020-03-26,Nice,7.285714285714285,58.95238095238095,-1.0000000000000004
2020-03-26,Strasbourg,4.095238095238096,62.04761904761905,-1.0000000000000004
2020-03-26,Montpellier,8.35,66.3,-1.0000000000000002
2020-03-26,Bordeaux,9.380952380952381,61.85714285714286,-1.0000000000000004
2020-03-26,Rennes,7.238095238095237,64.66666666666666,-1.0000000000000004
2020-03-26,Reims,4.300000000000001,51.8,-1.0000000000000002
2020-03-26,Brest,8.1,65.75,-1.0000000000000002
2020-03-26,Lemans,6.500000000000001,27.9,-1.0000000000000002
2020-03-26,Dijon,4.285714285714286,65.71428571428571,-1.0000000000000004
2020-03-27,Paris,7.181818181818182,66.13636363636363,-0.9999999999999997
2020-03-27,Lyon,6.3809523809523805,71.23809523809523,-1.0000000000000004
2020-03-27,Toulouse,7.857142857142857,71.57142857142858,-1.0000000000000004
2020-03-27,Nice,10.954545454545455,64.13636363636363,-0.9999999999999997
2020-03-27,Strasbourg,7.047619047619048,74.52380952380952,-1.0000000000000004
2020-03-27,Montpellier,10.136363636363638,63.22727272727271,-0.9999999999999997
2020-03-27,Bordeaux,8.272727272727272,64.77272727272728,-0.9999999999999997
2020-03-27,Rennes,6.909090909090908,73.5909090909091,-0.9999999999999997
2020-03-27,Reims,6.80952380952381,67.76190476190476,-1.0000000000000004
2020-03-27,Brest,7.523809523809523,70.04761904761905,-1.0000000000000004
2020-03-27,Lemans,7.18181818181818,38.45454545454547,-0.9999999999999997
2020-03-27,Dijon,6.142857142857142,75.0,-1.0000000000000004
2020-03-28,Paris,9.73913043478261,71.26086956521739,-0.9999999999999996
2020-03-28,Lyon,9.695652173913045,78.82608695652173,-0.9999999999999996
2020-03-28,Toulouse,10.217391304347828,71.91304347826086,-0.9999999999999996
2020-03-28,Nice,12.217391304347828,67.52173913043477,-0.9999999999999996
2020-03-28,Strasbourg,9.91304347826087,75.34782608695652,-0.9999999999999996
2020-03-28,Montpellier,12.043478260869565,67.26086956521739,-0.9999999999999996
2020-03-28,Bordeaux,9.82608695652174,71.17391304347827,-0.9999999999999996
2020-03-28,Rennes,8.347826086956522,82.78260869565219,-0.9999999999999996
2020-03-28,Reims,9.130434782608697,72.1304347826087,-0.9999999999999996
2020-03-28,Brest,7.521739130434781,78.82608695652173,-0.9999999999999996
2020-03-28,Lemans,9.826086956521738,57.95652173913042,-0.9999999999999996
2020-03-28,Dijon,9.08695652173913,81.08695652173911,-0.9999999999999996
2020-03-29,Paris,5.4,58.49999999999999,-1.0000000000000002
2020-03-29,Lyon,7.476190476190478,87.38095238095238,-1.0000000000000004
2020-03-29,Toulouse,9.476190476190478,84.33333333333331,-1.0000000000000004
2020-03-29,Nice,12.318181818181818,75.90909090909092,-0.9999999999999997
2020-03-29,Strasbourg,5.5,79.77272727272725,-0.9999999999999997
2020-03-29,Montpellier,12.38095238095238,67.9047619047619,-1.0000000000000004
2020-03-29,Bordeaux,7.809523809523809,74.42857142857144,-1.0000000000000004
2020-03-29,Rennes,6.1818181818181825,65.54545454545456,-0.9999999999999997
2020-03-29,Reims,4.333333333333334,58.61904761904761,-1.0000000000000004
2020-03-29,Brest,5.952380952380952,67.61904761904763,-1.0000000000000004
2020-03-29,Lemans,6.190476190476191,43.61904761904762,-1.0000000000000004
2020-03-29,Dijon,5.818181818181817,76.3181818181818,-0.9999999999999997
2020-03-30,Paris,4.173913043478261,51.260869565217384,-0.9999999999999996
2020-03-30,Lyon,6.521739130434782,72.04347826086956,-0.9999999999999996
2020-03-30,Toulouse,5.17391304347826,83.08695652173911,-0.9999999999999996
2020-03-30,Nice,12.260869565217394,83.69565217391303,-0.9999999999999996
2020-03-30,Strasbourg,3.260869565217392,63.869565217391305,-0.9999999999999996
2020-03-30,Montpellier,10.136363636363637,63.81818181818181,-0.9999999999999997
2020-03-30,Bordeaux,4.227272727272726,84.04545454545455,-0.9999999999999997
2020-03-30,Rennes,4.590909090909092,58.40909090909091,-0.9999999999999997
2020-03-30,Reims,3.3478260869565215,47.82608695652174,-0.9999999999999996
2020-03-30,Brest,5.181818181818181,68.8181818181818,-0.9999999999999997
2020-03-30,Lemans,4.545454545454547,28.045454545454547,-0.9999999999999997
2020-03-30,Dijon,4.173913043478261,61.2608695652174,-0.9999999999999996
2020-03-31,Paris,6.043478260869565,68.04347826086958,-0.9999999999999996
2020-03-31,Lyon,5.608695652173912,62.000000000000014,-0.9999999999999996
2020-03-31,Toulouse,8.409090909090908,78.63636363636363,-0.9999999999999997
2020-03-31,Nice,11.173913043478258,78.43478260869566,-0.9999999999999996
2020-03-31,Strasbourg,3.9090909090909087,61.68181818181819,-0.9999999999999997
2020-03-31,Montpellier,10.260869565217389,72.08695652173915,-0.9999999999999996
2020-03-31,Bordeaux,7.727272727272727,70.2272727272727,-0.9999999999999997
2020-03-31,Rennes,6.6521739130434785,73.13043478260869,-0.9999999999999996
2020-03-31,Reims,4.521739130434783,73.52173913043478,-0.9999999999999996
2020-03-31,Brest,6.681818181818182,70.77272727272728,-0.9999999999999997
2020-03-31,Lemans,6.565217391304349,49.65217391304348,-0.9999999999999996
2020-03-31,Dijon,4.826086956521738,53.913043478260875,-0.9999999999999996
2020-04-01,Paris,6.130434782608695,57.565217391304344,-0.9999999999999996
2020-04-01,Lyon,6.043478260869565,68.47826086956522,-0.9999999999999996
2020-04-01,Toulouse,10.65217391304348,76.82608695652173,-0.9999999999999996
2020-04-01,Nice,9.391304347826088,69.52173913043478,-0.9999999999999996
2020-04-01,Strasbourg,4.590909090909092,58.36363636363636,-0.9999999999999997
2020-04-01,Montpellier,10.136363636363633,72.68181818181819,-0.9999999999999997
2020-04-01,Bordeaux,11.045454545454547,71.0909090909091,-0.9999999999999997
2020-04-01,Rennes,6.863636363636364,73.54545454545455,-0.9999999999999997
2020-04-01,Reims,4.826086956521739,63.565217391304344,-0.9999999999999996
2020-04-01,Brest,6.409090909090909,70.5909090909091,-0.9999999999999997
2020-04-01,Lemans,6.818181818181819,40.0,-0.9999999999999997
2020-04-01,Dijon,4.772727272727273,64.68181818181817,-0.9999999999999997
2020-04-02,Paris,6.043478260869565,65.30434782608695,-0.9999999999999996
2020-04-02,Lyon,7.782608695652174,74.43478260869564,-0.9999999999999996
2020-04-02,Toulouse,10.130434782608695,79.91304347826085,-0.9999999999999996
2020-04-02,Nice,9.782608695652176,66.82608695652175,-0.9999999999999996
2020-04-02,Strasbourg,6.130434782608695,58.78260869565217,-0.9999999999999996
2020-04-02,Montpellier,10.260869565217392,68.60869565217392,-0.9999999999999996
2020-04-02,Bordeaux,10.695652173913045,69.43478260869564,-0.9999999999999996
2020-04-02,Rennes,6.347826086956522,77.6086956521739,-0.9999999999999996
2020-04-02,Reims,5.000000000000001,71.30434782608697,-0.9999999999999996
2020-04-02,Brest,7.043478260869566,73.30434782608695,-0.9999999999999996
2020-04-02,Lemans,6.478260869565218,62.04347826086958,-0.9999999999999996
2020-04-02,Dijon,6.17391304347826,68.3913043478261,-0.9999999999999996
2020-04-03,Paris,8.91304347826087,74.43478260869567,-0.9999999999999996
2020-04-03,Lyon,7.347826086956522,74.56521739130434,-0.9999999999999996
2020-04-03,Toulouse,10.130434782608697,76.52173913043478,-0.9999999999999996
2020-04-03,Nice,10.956521739130434,64.91304347826087,-0.9999999999999996
2020-04-03,Strasbourg,6.956521739130435,74.26086956521736,-0.9999999999999996
2020-04-03,Montpellier,11.43478260869565,62.95652173913043,-0.9999999999999996
2020-04-03,Bordeaux,9.434782608695652,68.7391304347826,-0.9999999999999996
2020-04-03,Rennes,8.82608695652174,82.69565217391305,-0.9999999999999996
2020-04-03,Reims,7.181818181818181,81.68181818181814,-0.9999999999999997
2020-04-03,Brest,7.73913043478261,75.82608695652175,-0.9999999999999996
2020-04-03,Lemans,8.666666666666666,80.90476190476191,-1.0000000000000004
2020-04-03,Dijon,6.454545454545454,73.7272727272727,-0.9999999999999997
2020-04-04,Paris,9.68181818181818,68.54545454545453,-0.9999999999999997
2020-04-04,Lyon,8.954545454545453,73.18181818181819,-0.9999999999999997
2020-04-04,Toulouse,10.863636363636365,66.95454545454545,-0.9999999999999997
2020-04-04,Nice,12.590909090909092,61.22727272727273,-0.9999999999999997
2020-04-04,Strasbourg,8.5,71.59090909090911,-0.9999999999999997
2020-04-04,Montpellier,11.652173913043478,63.47826086956521,-0.9999999999999996
2020-04-04,Bordeaux,11.590909090909092,65.45454545454545,-0.9999999999999997
2020-04-04,Rennes,10.363636363636365,82.18181818181817,-0.9999999999999997
2020-04-04,Reims,8.681818181818182,75.5,-0.9999999999999997
2020-04-04,Brest,9.40909090909091,77.81818181818184,-0.9999999999999997
2020-04-04,Lemans,10.136363636363637,79.59090909090908,-0.9999999999999997
2020-04-04,Dijon,8.454545454545455,76.45454545454544,-0.9999999999999997
2020-04-05,Paris,12.782608695652174,61.739130434782616,-0.9999999999999996
2020-04-05,Lyon,12.521739130434783,61.21739130434782,-0.9999999999999996
2020-04-05,Toulouse,13.521739130434783,56.826086956521735,-0.9999999999999996
2020-04-05,Nice,13.73913043478261,62.69565217391305,-0.9999999999999996
2020-04-05,Strasbourg,10.695652173913043,66.60869565217392,-0.9999999999999996
2020-04-05,Montpellier,11.956521739130434,64.47826086956522,-0.9999999999999996
2020-04-05,Bordeaux,14.608695652173914,58.60869565217392,-0.9999999999999996
2020-04-05,Rennes,13.391304347826086,78.34782608695649,-0.9999999999999996
2020-04-05,Reims,11.56521739130435,74.00000000000003,-0.9999999999999996
2020-04-05,Brest,12.304347826086959,83.34782608695653,-0.9999999999999996
2020-04-05,Lemans,13.304347826086957,73.47826086956522,-0.9999999999999996
2020-04-05,Dijon,11.608695652173912,68.30434782608695,-0.9999999999999996
2020-04-06,Paris,12.043478260869565,69.47826086956522,-0.9999999999999996
2020-04-06,Lyon,13.217391304347826,59.43478260869565,-0.9999999999999996
2020-04-06,Toulouse,14.0,59.69565217391305,-0.9999999999999996
2020-04-06,Nice,14.347826086956522,59.91304347826086,-0.9999999999999996
2020-04-06,Strasbourg,12.5,65.77272727272728,-0.9999999999999997
2020-04-06,Montpellier,12.272727272727273,65.77272727272728,-0.9999999999999997
2020-04-06,Bordeaux,13.363636363636362,70.86363636363636,-0.9999999999999997
2020-04-06,Rennes,13.454545454545455,79.22727272727275,-0.9999999999999997
2020-04-06,Reims,12.478260869565219,73.86956521739131,-0.9999999999999996
2020-04-06,Brest,10.913043478260871,80.13043478260869,-0.9999999999999996
2020-04-06,Lemans,12.727272727272727,78.31818181818181,-0.9999999999999997
2020-04-06,Dijon,12.260869565217392,65.34782608695652,-0.9999999999999996
2020-04-07,Paris,14.304347826086957,75.78260869565216,-0.9999999999999996
2020-04-07,Lyon,13.260869565217392,62.52173913043478,-0.9999999999999996
2020-04-07,Toulouse,14.17391304347826,64.65217391304347,-0.9999999999999996
2020-04-07,Nice,15.26086956521739,57.43478260869565,-0.9999999999999996
2020-04-07,Strasbourg,13.913043478260871,63.782608695652165,-0.9999999999999996
2020-04-07,Montpellier,12.913043478260871,61.782608695652165,-0.9999999999999996
2020-04-07,Bordeaux,14.782608695652176,66.1304347826087,-0.9999999999999996
2020-04-07,Rennes,13.391304347826088,88.34782608695652,-0.9999999999999996
2020-04-07,Reims,13.608695652173912,79.91304347826087,-0.9999999999999996
2020-04-07,Brest,10.260869565217389,82.69565217391303,-0.9999999999999996
2020-04-07,Lemans,14.26086956521739,82.86956521739128,-0.9999999999999996
2020-04-07,Dijon,12.608695652173912,71.30434782608695,-0.9999999999999996
2020-04-08,Paris,15.227272727272728,64.27272727272727,-0.9999999999999997
2020-04-08,Lyon,14.136363636363637,58.363636363636374,-0.9999999999999997
2020-04-08,Toulouse,14.521739130434781,69.56521739130436,-0.9999999999999996
2020-04-08,Nice,14.904761904761903,54.285714285714285,-1.0000000000000004
2020-04-08,Strasbourg,13.772727272727272,63.9090909090909,-0.9999999999999997
2020-04-08,Montpellier,12.636363636363637,58.95454545454546,-0.9999999999999997
2020-04-08,Bordeaux,14.818181818181818,74.13636363636364,-0.9999999999999997
2020-04-08,Rennes,15.045454545454545,80.22727272727273,-0.9999999999999997
2020-04-08,Reims,14.5,68.95454545454547,-0.9999999999999997
2020-04-08,Brest,11.500000000000002,88.27272727272727,-0.9999999999999997
2020-04-08,Lemans,15.272727272727275,75.49999999999999,-0.9999999999999997
2020-04-08,Dijon,13.454545454545457,69.04545454545453,-0.9999999999999997
2020-04-09,Paris,16.47826086956522,59.56521739130435,-0.9999999999999996
2020-04-09,Lyon,14.136363636363637,60.4090909090909,-0.9999999999999997
2020-04-09,Toulouse,14.90909090909091,62.68181818181818,-0.9999999999999997
2020-04-09,Nice,14.913043478260871,48.30434782608694,-0.9999999999999996
2020-04-09,Strasbourg,15.478260869565217,58.04347826086957,-0.9999999999999996
2020-04-09,Montpellier,13.000000000000002,52.045454545454554,-0.9999999999999997
2020-04-09,Bordeaux,16.08695652173913,67.08695652173914,-0.9999999999999996
2020-04-09,Rennes,15.695652173913043,80.82608695652173,-0.9999999999999996
2020-04-09,Reims,15.60869565217391,66.21739130434783,-0.9999999999999996
2020-04-09,Brest,12.454545454545453,82.13636363636364,-0.9999999999999997
2020-04-09,Lemans,16.26086956521739,72.47826086956523,-0.9999999999999996
2020-04-09,Dijon,14.0,69.2272727272727,-0.9999999999999997
2020-04-10,Paris,17.545454545454543,54.63636363636362,-0.9999999999999997
2020-04-10,Lyon,14.913043478260871,65.69565217391305,-0.9999999999999996
2020-04-10,Toulouse,15.608695652173916,56.52173913043479,-0.9999999999999996
2020-04-10,Nice,15.000000000000002,48.99999999999999,-0.9999999999999997
2020-04-10,Strasbourg,15.380952380952381,63.09523809523809,-1.0000000000000004
2020-04-10,Montpellier,13.34782608695652,53.869565217391305,-0.9999999999999996
2020-04-10,Bordeaux,16.39130434782609,54.217391304347835,-0.9999999999999996
2020-04-10,Rennes,17.045454545454543,74.40909090909092,-0.9999999999999997
2020-04-10,Reims,15.590909090909092,67.40909090909092,-0.9999999999999997
2020-04-10,Brest,14.347826086956525,66.04347826086956,-0.9999999999999996
2020-04-10,Lemans,16.857142857142858,66.76190476190477,-1.0000000000000004
2020-04-10,Dijon,14.869565217391305,68.30434782608695,-0.9999999999999996
2020-04-11,Paris,17.52173913043478,55.652173913043484,-0.9999999999999996
2020-04-11,Lyon,15.17391304347826,59.04347826086958,-0.9999999999999996
2020-04-11,Toulouse,14.956521739130435,65.43478260869566,-0.9999999999999996
2020-04-11,Nice,15.60869565217391,45.65217391304347,-0.9999999999999996
2020-04-11,Strasbourg,15.217391304347826,65.73913043478261,-0.9999999999999996
2020-04-11,Montpellier,12.869565217391305,60.08695652173913,-0.9999999999999996
2020-04-11,Bordeaux,15.695652173913047,60.34782608695652,-0.9999999999999996
2020-04-11,Rennes,16.17391304347826,72.21739130434783,-0.9999999999999996
2020-04-11,Reims,15.826086956521738,67.21739130434783,-0.9999999999999996
2020-04-11,Brest,13.636363636363635,78.22727272727275,-0.9999999999999997
2020-04-11,Lemans,16.782608695652172,65.1304347826087,-0.9999999999999996
2020-04-11,Dijon,14.565217391304344,70.08695652173913,-0.9999999999999996
2020-04-12,Paris,17.81818181818182,55.31818181818182,-0.9999999999999997
2020-04-12,Lyon,14.727272727272727,58.18181818181819,-0.9999999999999997
2020-04-12,Toulouse,14.863636363636365,75.77272727272727,-0.9999999999999997
2020-04-12,Nice,14.863636363636365,47.27272727272727,-0.9999999999999997
2020-04-12,Strasbourg,15.954545454545453,64.72727272727273,-0.9999999999999997
2020-04-12,Montpellier,13.17391304347826,67.1304347826087,-0.9999999999999996
2020-04-12,Bordeaux,14.434782608695652,72.04347826086956,-0.9999999999999996
2020-04-12,Rennes,15.999999999999998,76.68181818181819,-0.9999999999999997
2020-04-12,Reims,15.772727272727272,70.4090909090909,-0.9999999999999997
2020-04-12,Brest,11.565217391304348,80.52173913043477,-0.9999999999999996
2020-04-12,Lemans,16.727272727272727,70.27272727272727,-0.9999999999999997
2020-04-12,Dijon,14.521739130434783,70.3913043478261,-0.9999999999999996
2020-04-13,Paris,13.636363636363635,61.45454545454545,-0.9999999999999997
2020-04-13,Lyon,14.782608695652176,58.8695652173913,-0.9999999999999996
2020-04-13,Toulouse,13.333333333333329,79.42857142857143,-1.0000000000000004
2020-04-13,Nice,14.590909090909093,54.45454545454547,-0.9999999999999997
2020-04-13,Strasbourg,12.818181818181818,68.18181818181819,-0.9999999999999997
2020-04-13,Montpellier,12.5,75.27272727272728,-0.9999999999999997
2020-04-13,Bordeaux,15.59090909090909,68.45454545454545,-0.9999999999999997
2020-04-13,Rennes,13.954545454545453,84.18181818181819,-0.9999999999999997
2020-04-13,Reims,10.869565217391306,66.65217391304346,-0.9999999999999996
2020-04-13,Brest,10.68181818181818,76.36363636363637,-0.9999999999999997
2020-04-13,Lemans,14.727272727272727,69.95454545454544,-0.9999999999999997
2020-04-13,Dijon,13.727272727272728,67.45454545454545,-0.9999999999999997
2020-04-14,Paris,8.636363636363635,44.13636363636363,-0.9999999999999997
2020-04-14,Lyon,12.40909090909091,63.36363636363637,-0.9999999999999997
2020-04-14,Toulouse,14.863636363636363,71.13636363636363,-0.9999999999999997
2020-04-14,Nice,15.272727272727272,65.45454545454545,-0.9999999999999997
2020-04-14,Strasbourg,6.954545454545453,60.63636363636363,-0.9999999999999997
2020-04-14,Montpellier,14.571428571428571,60.47619047619049,-1.0000000000000004
2020-04-14,Bordeaux,14.90909090909091,64.13636363636364,-0.9999999999999997
2020-04-14,Rennes,9.863636363636363,70.22727272727272,-0.9999999999999997
2020-04-14,Reims,6.3181818181818175,48.04545454545455,-0.9999999999999997
2020-04-14,Brest,8.40909090909091,57.681818181818194,-0.9999999999999997
2020-04-14,Lemans,9.318181818181818,37.31818181818182,-0.9999999999999997
2020-04-14,Dijon,8.954545454545455,59.36363636363636,-0.9999999999999997
2020-04-15,Paris,11.136363636363637,40.95454545454546,-0.9999999999999997
2020-04-15,Lyon,12.818181818181818,63.90909090909091,-0.9999999999999997
2020-04-15,Toulouse,15.181818181818182,64.86363636363637,-0.9999999999999997
2020-04-15,Nice,14.590909090909093,63.545454545454554,-0.9999999999999997
2020-04-15,Strasbourg,9.227272727272727,55.590909090909086,-0.9999999999999997
2020-04-15,Montpellier,13.500000000000002,66.4090909090909,-0.9999999999999997
2020-04-15,Bordeaux,16.0,55.13636363636363,-0.9999999999999997
2020-04-15,Rennes,11.954545454545455,74.8181818181818,-0.9999999999999997
2020-04-15,Reims,9.045454545454545,42.5,-0.9999999999999997
2020-04-15,Brest,10.909090909090912,46.45454545454546,-0.9999999999999997
2020-04-15,Lemans,11.81818181818182,37.409090909090914,-0.9999999999999997
2020-04-15,Dijon,10.454545454545453,64.36363636363636,-0.9999999999999997
2020-04-16,Paris,15.227272727272727,66.13636363636364,-0.9999999999999997
2020-04-16,Lyon,15.65217391304348,60.391304347826086,-0.9999999999999996
2020-04-16,Toulouse,15.913043478260871,70.78260869565217,-0.9999999999999996
2020-04-16,Nice,14.681818181818185,63.49999999999999,-0.9999999999999997
2020-04-16,Strasbourg,14.190476190476188,62.428571428571416,-1.0000000000000004
2020-04-16,Montpellier,13.869565217391306,72.95652173913044,-0.9999999999999996
2020-04-16,Bordeaux,17.18181818181818,67.0,-0.9999999999999997
2020-04-16,Rennes,15.499999999999998,81.63636363636364,-0.9999999999999997
2020-04-16,Reims,13.272727272727272,61.45454545454546,-0.9999999999999997
2020-04-16,Brest,13.09090909090909,69.45454545454545,-0.9999999999999997
2020-04-16,Lemans,15.476190476190473,64.52380952380952,-1.0000000000000004
2020-04-16,Dijon,14.363636363636365,69.13636363636363,-0.9999999999999997
2020-04-17,Paris,16.72727272727273,73.95454545454547,-0.9999999999999997
2020-04-17,Lyon,15.954545454545453,62.00000000000001,-0.9999999999999997
2020-04-17,Toulouse,16.227272727272727,73.77272727272725,-0.9999999999999997
2020-04-17,Nice,15.391304347826086,70.56521739130436,-0.9999999999999996
2020-04-17,Strasbourg,16.60869565217391,66.34782608695653,-0.9999999999999996
2020-04-17,Montpellier,13.782608695652176,80.0,-0.9999999999999996
2020-04-17,Bordeaux,16.954545454545453,77.27272727272727,-0.9999999999999997
2020-04-17,Rennes,15.428571428571429,85.33333333333333,-1.0000000000000004
2020-04-17,Reims,15.227272727272728,76.36363636363636,-0.9999999999999997
2020-04-17,Brest,12.727272727272727,87.68181818181816,-0.9999999999999997
2020-04-17,Lemans,16.086956521739133,77.3478260869565,-0.9999999999999996
2020-04-17,Dijon,15.545454545454545,67.95454545454545,-0.9999999999999997
2020-04-18,Paris,16.136363636363637,74.4090909090909,-0.9999999999999997
2020-04-18,Lyon,16.954545454545457,73.99999999999999,-0.9999999999999997
2020-04-18,Toulouse,16.72727272727273,78.90909090909092,-0.9999999999999997
2020-04-18,Nice,15.727272727272727,74.27272727272727,-0.9999999999999997
2020-04-18,Strasbourg,16.227272727272727,75.27272727272728,-0.9999999999999997
2020-04-18,Montpellier,14.545454545454547,83.0,-0.9999999999999997
2020-04-18,Bordeaux,16.27272727272727,79.13636363636365,-0.9999999999999997
2020-04-18,Rennes,13.954545454545453,79.45454545454548,-0.9999999999999997
2020-04-18,Reims,14.904761904761902,80.14285714285714,-1.0000000000000004
2020-04-18,Brest,11.772727272727273,88.09090909090912,-0.9999999999999997
2020-04-18,Lemans,15.363636363636363,74.77272727272727,-0.9999999999999997
2020-04-18,Dijon,15.181818181818183,81.4090909090909,-0.9999999999999997
2020-04-19,Paris,14.65217391304348,76.69565217391306,-0.9999999999999996
2020-04-19,Lyon,15.913043478260867,84.6521739130435,-0.9999999999999996
2020-04-19,Toulouse,15.173913043478262,84.26086956521739,-0.9999999999999996
2020-04-19,Nice,15.26086956521739,85.0869565217391,-0.9999999999999996
2020-04-19,Strasbourg,15.086956521739127,77.13043478260869,-0.9999999999999996
2020-04-19,Montpellier,14.0,90.69565217391306,-0.9999999999999996
2020-04-19,Bordeaux,15.391304347826086,85.04347826086955,-0.9999999999999996
2020-04-19,Rennes,13.304347826086957,81.13043478260869,-0.9999999999999996
2020-04-19,Reims,13.521739130434783,75.39130434782606,-0.9999999999999996
2020-04-19,Brest,11.086956521739133,86.13043478260872,-0.9999999999999996
2020-04-19,Lemans,14.695652173913043,72.43478260869564,-0.9999999999999996
2020-04-19,Dijon,16.17391304347826,82.52173913043477,-0.9999999999999996
2020-04-20,Paris,15.523809523809522,52.33333333333333,-1.0000000000000004
2020-04-20,Lyon,16.27272727272727,87.1818181818182,-0.9999999999999997
2020-04-20,Toulouse,14.090909090909093,87.86363636363636,-0.9999999999999997
2020-04-20,Nice,15.772727272727272,83.1818181818182,-0.9999999999999997
2020-04-20,Strasbourg,14.380952380952381,67.66666666666666,-1.0000000000000004
2020-04-20,Montpellier,14.59090909090909,91.59090909090907,-0.9999999999999997
2020-04-20,Bordeaux,14.681818181818185,92.31818181818181,-0.9999999999999997
2020-04-20,Rennes,13.363636363636365,82.72727272727272,-0.9999999999999997
2020-04-20,Reims,13.318181818181818,42.54545454545456,-0.9999999999999997
2020-04-20,Brest,10.409090909090908,88.77272727272731,-0.9999999999999997
2020-04-20,Lemans,15.454545454545455,63.90909090909091,-0.9999999999999997
2020-04-20,Dijon,15.999999999999998,79.90909090909088,-0.9999999999999997
2020-04-21,Paris,15.818181818181815,37.27272727272727,-0.9999999999999997
2020-04-21,Lyon,16.954545454545457,81.09090909090911,-0.9999999999999997
2020-04-21,Toulouse,13.818181818181822,90.49999999999999,-0.9999999999999997
2020-04-21,Nice,15.190476190476188,73.57142857142858,-1.0000000000000004
2020-04-21,Strasbourg,15.272727272727273,61.54545454545456,-0.9999999999999997
2020-04-21,Montpellier,14.636363636363637,88.45454545454544,-0.9999999999999997
2020-04-21,Bordeaux,13.636363636363637,95.36363636363635,-0.9999999999999997
2020-04-21,Rennes,16.09090909090909,62.31818181818183,-0.9999999999999997
2020-04-21,Reims,14.272727272727272,34.0,-0.9999999999999997
2020-04-21,Brest,12.40909090909091,85.9090909090909,-0.9999999999999997
2020-04-21,Lemans,16.09090909090909,44.45454545454545,-0.9999999999999997
2020-04-21,Dijon,16.0,75.90909090909089,-0.9999999999999997
2020-04-22,Paris,16.0,38.99999999999999,-0.9999999999999997
2020-04-22,Lyon,16.5,81.81818181818181,-0.9999999999999997
2020-04-22,Toulouse,14.27272727272727,83.72727272727272,-0.9999999999999997
2020-04-22,Nice,15.590909090909092,59.13636363636365,-0.9999999999999997
2020-04-22,Strasbourg,15.136363636363637,61.04545454545455,-0.9999999999999997
2020-04-22,Montpellier,14.5,88.0909090909091,-0.9999999999999997
2020-04-22,Bordeaux,14.545454545454547,89.54545454545453,-0.9999999999999997
2020-04-22,Rennes,15.909090909090908,58.90909090909091,-0.9999999999999997
2020-04-22,Reims,14.000000000000002,34.72727272727273,-0.9999999999999997
2020-04-22,Brest,12.545454545454547,84.7272727272727,-0.9999999999999997
2020-04-22,Lemans,16.318181818181817,46.68181818181818,-0.9999999999999997
2020-04-22,Dijon,15.761904761904763,76.28571428571428,-1.0000000000000004
