监测点编码,监测点名称,城市,经度,纬度,省份
1001A,万寿西宫,北京,116.366,39.8673,北京
1002A,定陵,北京,116.17,40.2865,北京
1003A,东四,北京,116.434,39.9522,北京
1004A,天坛,北京,116.434,39.8745,北京
1005A,农展馆,北京,116.473,39.9716,北京
1006A,官园,北京,116.361,39.9425,北京
1007A,海淀区万柳,北京,116.315,39.9934,北京
1008A,顺义新城,北京,116.72,40.1438,北京
1009A,怀柔镇,北京,116.644,40.3937,北京
1010A,昌平镇,北京,116.23,40.1952,北京
1011A,奥体中心,北京,116.407,40.0031,北京
1012A,古城,北京,116.225,39.9279,北京
1013A,市监测中心(停运150702),天津,117.151,39.097,天津
1014A,南口路(停运161122),天津,117.193,39.173,天津
1015A,勤俭道,天津,117.145,39.1654,天津
1016A,南京路(停运160601),天津,117.184,39.1205,天津
1017A,大直沽八号路,天津,117.237,39.1082,天津
1018A,前进道,天津,117.202,39.0927,天津
1019A,淮河道,天津,117.1837,39.2133,天津
1020A,天山路(停运150702),天津,117.269,39.1337,天津
1021A,跃进路,天津,117.307,39.0877,天津
1022A,梅江小区(停运150702),天津,117.221,39.06,天津
1023A,第四大街,天津,117.707,39.0343,天津
1024A,永明路,天津,117.457,38.8394,天津
1025A,航天路(停运170426),天津,117.401,39.124,天津
1026A,汉北路,天津,117.764,39.1587,天津
1027A,团泊洼(对照点),天津,117.157,38.9194,天津
1028A,化工学校,石家庄,,,河北
1029A,职工医院,石家庄,114.4548,38.0513,河北
1030A,高新区,石家庄,114.6046,38.0398,河北
1031A,西北水源,石家庄,114.5019,38.1398,河北
1032A,西南高教,石家庄,114.4586111,38.00583333,河北
1033A,世纪公园,石家庄,114.5330556,38.01777778,河北
1034A,人民会堂,石家庄,114.5214,38.0524,河北
1035A,封龙山,石家庄,114.3541,37.9097,河北
1036A,供销社,唐山,118.1662,39.6308,河北
1037A,雷达站,唐山,118.1440,39.6430,河北
1038A,物资局,唐山,118.1853,39.6407,河北
1039A,陶瓷公司,唐山,118.2185,39.6679,河北
1040A,十二中,唐山,118.1838,39.65782,河北
1041A,小山,唐山,118.1997,39.6295,河北
1042A,北戴河环保局,秦皇岛,119.5259,39.8283,河北
1043A,第一关,秦皇岛,119.7624,40.0181,河北
1044A,监测站,秦皇岛,119.6023,39.9567,河北
1045A,市政府,秦皇岛,119.6070,39.9358,河北
1046A,建设大厦,秦皇岛,119.5369,39.9419,河北
1047A,环保局,邯郸,114.5129,36.61763,河北
1048A,东污水处理厂,邯郸,114.5426,36.6164,河北
1049A,矿院,邯郸,114.5035,36.5776,河北
1050A,丛台公园,邯郸,114.4965,36.61981,河北
1051A,游泳馆,保定,115.4930,38.8632,河北
1052A,华电二区,保定,115.5223,38.8957,河北
1053A,接待中心,保定,115.4713,38.9108,河北
1054A,地表水厂,保定,115.4612,38.8416,河北
1055A,胶片厂,保定,115.4420,38.8756,河北
1056A,监测站,保定,115.5214,38.8707,河北
1057A,人民公园,张家口,114.8985,40.8367,河北
1058A,探机厂,张家口,114.892,40.79481,河北
1059A,五金库,张家口,114.8814,40.8115,河北
1060A,世纪豪园,张家口,114.9032,40.7688,河北
1061A,北泵房,张家口,114.9040,40.8725,河北
1062A,铁路,承德,117.9664,40.9161,河北
1063A,中国银行,承德,117.9525,40.9843,河北
1064A,开发区,承德,117.9630,40.9359,河北
1065A,文化中心,承德,117.8184,40.9733,河北
1066A,离宫,承德,117.9384,41.0112,河北
1067A,药材公司,廊坊,116.6838,39.5178,河北
1068A,开发区,廊坊,116.7729,39.5747,河北
1069A,环境监测监理中心,廊坊,116.7150,39.5571,河北
1070A,北华航天学院,廊坊,116.7464,39.5343,河北
1071A,沧县城建局,沧州,116.8854,38.2991,河北
1072A,电视转播站,沧州,116.8584,38.3254,河北
1073A,市环保局,沧州,116.8709,38.3228,河北
1074A,电机北厂,衡水,115.6951,37.7575,河北
1075A,市监测站,衡水,115.6426,37.7379,河北
1076A,市环保局(181124停用),衡水,115.6906,37.7390,河北
1077A,达活泉,邢台,114.4821,37.0967,河北
1078A,邢师高专,邢台,114.5261,37.0533,河北
1079A,路桥公司,邢台,114.5331,37.0964,河北
1080A,市环保局,邢台,114.4854,37.0620,河北
1081A,尖草坪,太原,112.522,37.8873,山西
1082A,涧河(已停用),太原,112.573,37.9103,山西
1083A,上兰(对照点),太原,112.434,38.0108,山西
1084A,晋源,太原,112.469,37.7124,山西
1085A,小店,太原,112.5583,37.7394,山西
1086A,桃园,太原,112.5369,37.8692,山西
1087A,坞城,太原,112.57,37.8195,山西
1088A,南寨,太原,112.549,37.9854,山西
1089A,金胜,太原,112.4783,37.7778,山西
1090A,呼市一监,呼和浩特,111.651,40.7579,内蒙古
1091A,小召,呼和浩特,111.658,40.8033,内蒙古
1092A,兴松小区,呼和浩特,111.659,40.8452,内蒙古
1093A,糖厂,呼和浩特,111.608,40.8144,内蒙古
1094A,如意水处理厂,呼和浩特,111.751,40.8369,内蒙古
1095A,二十九中,呼和浩特,111.7277,40.8062,内蒙古
1096A,工大金川校区,呼和浩特,111.551,40.7866,内蒙古
1097A,化肥厂生活区,呼和浩特,111.717,40.7612,内蒙古
1098A,森林路,沈阳,123.6836,41.9339,辽宁
1099A,浑南东路,沈阳,123.535,41.7561,辽宁
1100A,新秀街,沈阳,123.439,41.7089,辽宁
1101A,沧海路,沈阳,123.284,41.7694,辽宁
1102A,东陵路,沈阳,123.542,41.8336,辽宁
1103A,陵东街,沈阳,123.428,41.8472,辽宁
1104A,文化路,沈阳,123.41,41.765,辽宁
1105A,小河沿,沈阳,123.478,41.7775,辽宁
1106A,太原街,沈阳,123.3997,41.7972,辽宁
1107A,南十东路,沈阳,123.3606,41.7806,辽宁
1108A,京沈街,沈阳,123.3783,41.9228,辽宁
1109A,甘井子,大连,121.61194444,38.973888889,辽宁
1110A,周水子,大连,121.565,38.951111111,辽宁
1111A,星海三站,大连,121.56388889,38.885,辽宁
1112A,青泥洼桥,大连,121.63305556,38.911944444,辽宁
1113A,傅家庄,大连,121.625,38.863888889,辽宁
1114A,七贤岭,大连,121.51805556,38.856111111,辽宁
1115A,旅顺,大连,121.25888889,38.808055556,辽宁
1116A,金州,大连,121.7481,39.1311,辽宁
1117A,开发区,大连,121.7769,39.0511,辽宁
1118A,双D港,大连,121.9769,39.0631,辽宁
1119A,食品厂,长春,125.323,43.9167,吉林
1120A,客车厂,长春,125.287,43.91,吉林
1121A,邮电学院,长春,125.2786,43.8400,吉林
1122A,劳动公园,长春,125.3649,43.8748,吉林
1123A,园林处,长春,125.325,43.8694,吉林
1124A,净月潭,长春,125.454,43.7878,吉林
1125A,甩湾子,长春,125.633,43.55,吉林
1126A,经开区环卫处,长春,125.417,43.8667,吉林
1127A,高新区管委会,长春,125.25,43.8167,吉林
1128A,岱山公园,长春,125.217,43.85,吉林
1129A,岭北(对照点),哈尔滨,126.542,45.755,黑龙江
1130A,松北商大,哈尔滨,126.561,45.8167,黑龙江
1131A,阿城会宁,哈尔滨,126.979,45.5422,黑龙江
1132A,南岗学府路,哈尔滨,126.599,45.7222,黑龙江
1133A,太平宏伟公园,哈尔滨,126.689,45.7733,黑龙江
1134A,道外承德广场,哈尔滨,126.635,45.7667,黑龙江
1135A,香坊红旗大街,哈尔滨,126.685,45.7319,黑龙江
1136A,动力和平路,哈尔滨,126.646,45.7258,黑龙江
1137A,道里建国路,哈尔滨,126.593,45.7478,黑龙江
1138A,平房东轻厂,哈尔滨,126.615,45.61,黑龙江
1139A,呼兰师专,哈尔滨,126.6106,45.9819,黑龙江
1140A,省农科院,哈尔滨,126.6206,45.6842,黑龙江
1141A,普陀,上海,121.4,31.238,上海
1142A,十五厂,上海,121.478,31.2036,上海
1143A,虹口,上海,121.467,31.3008,上海
1144A,徐汇上师大,上海,121.412,31.1654,上海
1145A,杨浦四漂,上海,121.536,31.2659,上海
1146A,青浦淀山湖,上海,120.978,31.0935,上海
1147A,静安监测站,上海,121.425,31.2261,上海
1148A,浦东川沙,上海,121.703,31.1907,上海
1149A,浦东新区监测站,上海,121.533,31.2284,上海
1150A,浦东张江,上海,121.577,31.2071,上海
1151A,迈皋桥,南京,118.803,32.1083,江苏
1152A,草场门,南京,118.749,32.0572,江苏
1153A,山西路,南京,118.7780,32.0723,江苏
1154A,中华门,南京,118.777,32.0144,江苏
1155A,瑞金路,南京,118.803,32.0314,江苏
1156A,玄武湖,南京,118.795,32.0775,江苏
1157A,浦口,南京,118.626,32.0878,江苏
1158A,奥体中心,南京,118.737,32.0092,江苏
1159A,仙林大学城,南京,118.907,32.105,江苏
1160A,上方山,苏州,120.561,31.2472,江苏
1161A,南门,苏州,120.628,31.2864,江苏
1162A,彩香,苏州,120.591,31.3019,江苏
1163A,轧钢厂,苏州,120.596,31.3264,江苏
1164A,吴中区,苏州,120.613,31.2703,江苏
1165A,苏州新区,苏州,120.543,31.2994,江苏
1166A,苏州工业园区,苏州,120.669,31.3097,江苏
1167A,相城区,苏州,120.641,31.3708,江苏
1168A,南郊,南通,120.913,31.96,江苏
1169A,虹桥,南通,120.86,32.0005,江苏
1170A,城中,南通,120.87,32.02,江苏
1171A,星湖花园,南通,120.94,31.93,江苏
1172A,紫琅学院,南通,120.81,32.0417,江苏
1173A,市环境监测站,连云港,119.176,34.5885,江苏
1174A,洪门派出所,连云港,119.141,34.5896,江苏
1175A,墟沟核电专家村,连云港,119.368,34.7507,江苏
1176A,开发区恒瑞医药公司,连云港,119.348,34.6984,江苏
1177A,黄河新村,徐州,117.167,34.2761,江苏
1178A,淮塔,徐州,117.192,34.2417,江苏
1179A,铜山兽医院,徐州,117.192,34.3083,江苏
1180A,新城区,徐州,117.256,34.2153,江苏
1181A,桃园路,徐州,117.244,34.2911,江苏
1182A,农科院,徐州,117.2933,34.2778,江苏
1183A,铜山区环保局,徐州,117.166,34.1806,江苏
1184A,城东财政所(停运180626),扬州,119.46,32.3878,江苏
1185A,市监测站（181220停用）,扬州,119.404,32.41,江苏
1186A,邗江监测站,扬州,119.389,32.3761,江苏
1187A,第四医院(停运161107),扬州,119.439,32.4033,江苏
1188A,雪浪,无锡,120.269,31.4867,江苏
1189A,黄巷,无锡,120.275,31.6219,江苏
1190A,曹张,无锡,120.294,31.56,江苏
1191A,漆塘,无锡,120.242,31.5031,江苏
1192A,东亭,无锡,120.354,31.5848,江苏
1193A,旺庄,无锡,120.354,31.5475,江苏
1194A,荣巷,无锡,120.245,31.5631,江苏
1195A,堰桥,无锡,120.288,31.6842,江苏
1196A,市监测站,常州,119.996,31.7586,江苏
1197A,城建学校(停运161026),常州,119.933,31.7786,江苏
1198A,常工院(停运161026),常州,119.962,31.8089,江苏
1199A,潞城(停运161026),常州,120.0393,31.7638,江苏
1200A,武进监测站,常州,119.935,31.7039,江苏
1201A,安家,常州,119.9167,31.9017,江苏
1202A,环境监测站,镇江,,,江苏
1203A,新区办事处,镇江,119.68,32.1883,江苏
1204A,职教中心,镇江,119.491,32.215,江苏
1205A,丹徒区监测站,镇江,119.43,32.1319,江苏
1206A,公园路,泰州,119.9,32.4867,江苏
1207A,莲花,泰州,119.9219,32.4611,江苏
1208A,高港区政府,泰州,119.882,32.303,江苏
1209A,留学生创业园,泰州,119.888,32.4639,江苏
1210A,钵池山,淮安,119.036,33.5981,江苏
1211A,北京南路,淮安,119.007,33.575,江苏
1212A,市监测站,淮安,118.989,33.6067,江苏
1213A,楚州区监测站,淮安,119.135,33.5039,江苏
1214A,淮阴区监测站,淮安,119.0186,33.6297,江苏
1215A,盐城电厂,盐城,120.118,33.4022,江苏
1216A,市监测站,盐城,120.156,33.3942,江苏
1217A,文峰中学,盐城,120.129,33.3719,江苏
1218A,开发区管委会,盐城,120.225,33.3947,江苏
1219A,市监测站(停运161107),宿迁,118.2658,33.9600,江苏
1220A,宿迁学院,宿迁,118.293,33.9528,江苏
1221A,宿迁中学,宿迁,118.2442,33.9592,江苏
1222A,宿豫区环保局(181206停用),宿迁,118.3214,33.9506,江苏
1223A,滨江,杭州,120.211,30.21,浙江
1224A,西溪,杭州,120.063,30.2747,浙江
1225A,千岛湖,杭州,119.026,29.635,浙江
1226A,下沙,杭州,120.348,30.3058,浙江
1227A,卧龙桥,杭州,120.127,30.2456,浙江
1228A,浙江农大,杭州,120.19,30.2692,浙江
1229A,朝晖五区,杭州,120.157,30.2897,浙江
1230A,和睦小学,杭州,120.12,30.3119,浙江
1231A,临平镇,杭州,120.301,30.4183,浙江
1232A,城厢镇,杭州,120.27,30.1819,浙江
1233A,云栖,杭州,120.088,30.1808,浙江
1234A,区环保大楼,宁波,121.836,29.9108,浙江
1235A,万里学院,宁波,121.56,29.8208,浙江
1236A,龙赛医院,宁波,121.713,29.9572,浙江
1237A,三江中学,宁波,121.554,29.8906,浙江
1238A,市政管理站,宁波,,,浙江
1239A,钱湖水厂,宁波,121.633,29.7736,浙江
1240A,太古小学,宁波,121.586,29.8633,浙江
1241A,市环境监测中心,宁波,121.524,29.8506,浙江
1242A,瓯海,温州,120.634,28.0089,浙江
1243A,南浦,温州,120.677,27.9939,浙江
1244A,龙湾,温州,120.76,27.9747,浙江
1245A,市站,温州,120.671,28.0167,浙江
1246A,袍江站,绍兴,120.598,30.0911,浙江
1247A,城东开发委,绍兴,120.605,29.9919,浙江
1248A,市环保站,绍兴,120.576,30.007,浙江
1249A,城北水厂,湖州,120.1,30.8867,浙江
1250A,城西水厂,湖州,120.07,30.8244,浙江
1251A,吉山新村,湖州,120.093,30.8617,浙江
1252A,清河小学,嘉兴,120.744,30.7946,浙江
1253A,嘉兴学院,嘉兴,120.726,30.7478,浙江
1254A,监测站,嘉兴,,,浙江
1255A,黄岩环保大楼,台州,121.273,28.6459,浙江
1256A,台州环保大楼,台州,121.419,28.6542,浙江
1257A,路桥田洋王,台州,121.377,28.5773,浙江
1258A,定海檀枫,舟山,122.122,30.0203,浙江
1259A,普陀东港,舟山,122.3094,29.9558,浙江
1260A,临城新区,舟山,122.19,29.9944,浙江
1261A,四中,金华,119.649,29.1131,浙江
1262A,十五中,金华,119.647,29.077,浙江
1263A,监测站,金华,119.686,29.1029,浙江
1264A,环保大楼,衢州,118.871,28.9404,浙江
1265A,实验学校,衢州,118.871,28.9664,浙江
1266A,衢州学院,衢州,118.855,28.9745,浙江
1267A,监测站大楼,丽水,119.914,28.4514,浙江
1268A,莲都小学,丽水,119.93,28.4586,浙江
1269A,余庄前,丽水,119.879,28.4231,浙江
1270A,明珠广场,合肥,117.196,31.7848,安徽
1271A,三里街,合肥,117.307,31.8766,安徽
1272A,琥珀山庄,合肥,117.259,31.8706,安徽
1273A,董铺水库,合肥,117.16,31.9051,安徽
1274A,长江中路,合肥,117.25,31.8572,安徽
1275A,庐阳区,合肥,117.266,31.9438,安徽
1276A,瑶海区,合肥,117.336,31.8585,安徽
1277A,包河区,合肥,117.302,31.7956,安徽
1278A,滨湖新区,合肥,117.278,31.7386,安徽
1279A,高新区,合肥,117.124,31.8516,安徽
1280A,鼓山,福州,119.389,26.0542,福建
1281A,快安,福州,119.414,26.0258,福建
1282A,师大,福州,119.303,26.0392,福建
1283A,五四北路,福州,119.299,26.1092,福建
1284A,杨桥西路,福州,119.268,26.0797,福建
1285A,紫阳,福州,119.315,26.0753,福建
1286A,溪东,厦门,118.15694444,24.818055556,福建
1287A,洪文,厦门,118.15138889,24.476666667,福建
1288A,鼓浪屿,厦门,118.06361111,24.445833333,福建
1290A,省外办,南昌,115.893,28.6844,江西
1291A,省林业公司,南昌,115.8886,28.6839,江西
1292A,林科所,南昌,115.813,28.7442,江西
1293A,京东镇政府,南昌,115.973,28.6969,江西
1294A,建工学校,南昌,115.852,28.6869,江西
1295A,象湖,南昌,115.892,28.6425,江西
1296A,武术学校,南昌,115.742,28.7994,江西
1297A,石化,南昌,115.912,28.6131,江西
1298A,省站,南昌,115.931,28.6844,江西
1299A,科干所,济南,116.988,36.6114,山东
1300A,农科所,济南,116.93,36.67,山东
1301A,开发区,济南,117.114,36.6739,山东
1302A,济南化工厂,济南,116.989,36.6872,山东
1303A,省种子仓库,济南,117.0684,36.6868,山东
1304A,机床二厂,济南,116.943,36.6489,山东
1305A,市监测站,济南,117.049,36.6622,山东
1306A,长清党校,济南,116.734,36.5336,山东
1307A,仰口,青岛,120.6659,36.2403,山东
1308A,李沧区子站,青岛,120.3905,36.1851,山东
1309A,市北区子站,青岛,120.3471,36.0699,山东
1310A,市南区东部子站,青岛,120.4134,36.0654,山东
1311A,四方区子站,青岛,120.3664,36.1032,山东
1312A,市南区西部子站,青岛,120.2992,36.0543,山东
1313A,崂山区子站,青岛,120.4587,36.0851,山东
1314A,黄岛区子站,青岛,120.1964,36.3083,山东
1315A,城阳区子站,青岛,120.4001,36.2403,山东
1316A,烟厂,郑州,113.6844,34.7622,河南
1317A,郑纺机,郑州,113.641,34.7745,河南
1318A,银行学校,郑州,113.675,34.8019,河南
1319A,供水公司,郑州,113.5640,34.8020,河南
1320A,经开区管委,郑州,113.727,34.7187,河南
1321A,四十七中,郑州,113.7340,34.7190,河南
1322A,市监测站,郑州,113.5991,34.7496,河南
1323A,河医大,郑州,113.6356,34.7538,河南
1324A,岗李水库(对照点),郑州,113.6113,34.9162,河南
1325A,东湖梨园,武汉,114.3672,30.5719,湖北
1326A,汉阳月湖,武汉,114.2511,30.5514,湖北
1327A,汉口花桥,武汉,114.2836,30.6197,湖北
1328A,武昌紫阳,武汉,114.3006,30.5494,湖北
1329A,青山钢花,武汉,114.4272,30.6103,湖北
1330A,沌口新区,武汉,114.1525,30.4753,湖北
1331A,汉口江滩,武汉,114.3008,30.5947,湖北
1332A,东湖高新,武汉,114.3894,30.4822,湖北
1333A,吴家山,武汉,114.2131,30.6414,湖北
1334A,沉湖七壕,武汉,113.8531,30.2997,湖北
1335A,经开区环保局,长沙,113.0833,28.2325,湖南
1336A,高开区环保局,长沙,112.8872,28.2189,湖南
1337A,马坡岭,长沙,113.0792,28.2053,湖南
1338A,湖南师范大学,长沙,112.9394,28.1900,湖南
1339A,雨花区环保局,长沙,112.9956,28.1442,湖南
1340A,伍家岭,长沙,112.9792,28.2597,湖南
1341A,火车新站,长沙,113.0014,28.1944,湖南
1342A,天心区环保局,长沙,112.9844,28.1178,湖南
1343A,湖南中医药大学,长沙,112.8908,28.1308,湖南
1344A,沙坪,长沙,112.9958,28.3586,湖南
1345A,广雅中学,广州,113.235,23.1422,广东
1346A,市五中,广州,113.261,23.105,广东
1347A,天河职幼,广州,,,广东
1348A,广东商学院,广州,113.348,23.0916,广东
1349A,市八十六中,广州,113.433,23.105,广东
1350A,番禺中学,广州,113.352,22.9477,广东
1351A,花都师范,广州,113.215,23.3917,广东
1352A,市监测站,广州,113.26,23.1331,广东
1353A,九龙镇镇龙,广州,113.568,23.2783,广东
1354A,麓湖,广州,113.281,23.1569,广东
1355A,帽峰山森林公园,广州,113.589,23.5538,广东
1356A,通心岭子站,深圳,114.1063,22.5545,广东
1357A,洪湖,深圳,114.117,22.5625,广东
1358A,华侨城,深圳,113.987,22.5417,广东
1359A,南海子站,深圳,113.9181,22.5171,广东
1360A,盐田,深圳,114.263,22.5908,广东
1361A,龙岗,深圳,114.24,22.7267,广东
1362A,西乡,深圳,113.891,22.5794,广东
1363A,南澳,深圳,114.494,22.5422,广东
1364A,葵涌,深圳,114.41,22.6342,广东
1365A,梅沙,深圳,114.297,22.5978,广东
1366A,观澜,深圳,114.085,22.75,广东
1367A,吉大,珠海,113.574,22.2611,广东
1368A,前山,珠海,113.495,22.2294,广东
1369A,唐家,珠海,113.628,22.4251,广东
1370A,斗门,珠海,113.299,22.2281,广东
1371A,湾梁,佛山,113.134,23.0048,广东
1372A,华材职中,佛山,113.105,23.0395,广东
1373A,南海气象局,佛山,113.144,23.0467,广东
1374A,顺德苏岗,佛山,113.292,22.8054,广东
1375A,容桂街道办,佛山,113.257,22.7629,广东
1376A,高明孔堂,佛山,112.844,22.8693,广东
1377A,三水监测站,佛山,112.885,23.1572,广东
1378A,三水云东海,佛山,112.863,23.1886,广东
1379A,华柏园,中山,113.3769,22.5211,广东
1380A,张溪,中山,113.3881,22.5497,广东
1381A,紫马岭,中山,113.4075,22.5111,广东
1382A,长江旅游区,中山,113.4411,22.4853,广东
1383A,北街,江门,113.104,22.6069,广东
1384A,西区,江门,113.074,22.5811,广东
1385A,圭峰西,江门,113.0219,22.5311,广东
1386A,东湖(对照点),江门,113.0819,22.5931,广东
1387A,东城主山,东莞,113.7819444,23.05361111,广东
1388A,南城元岭,东莞,113.7461111,23.02777778,广东
1389A,莞城梨川,东莞,113.7480556,23.06,广东
1390A,东城石井,东莞,113.7944444,23.01277778,广东
1391A,南城西平,东莞,113.7383333,22.96583333,广东
1392A,河南岸金山湖子站,惠州,114.4183,23.0528,广东
1393A,下埔横江三路子站,惠州,114.4053,23.0800,广东
1394A,江北云山西路子站,惠州,114.4103,23.1142,广东
1395A,惠阳区承修路船湖子站,惠州,114.3244,22.8172,广东
1396A,大亚湾管委会子站,惠州,114.5317,22.7422,广东
1397A,睦岗子站,肇庆,112.427,23.0706,广东
1398A,城中子站,肇庆,112.471,23.0528,广东
1399A,坑口子站,肇庆,112.565,23.1617,广东
1400A,七星岩子站,肇庆,112.4722,23.0786,广东
1401A,振宁花园,南宁,108.301,22.7875,广西
1402A,北湖,南宁,108.316,22.8561,广西
1403A,市监测站,南宁,108.321,22.8225,广西
1404A,大自然花园,南宁,108.383,22.805,广西
1405A,仙葫,南宁,108.439,22.7906,广西
1406A,区农职院,南宁,108.239,22.8464,广西
1407A,英华嘉园,南宁,108.328,22.735,广西
1408A,沙井镇街道办,南宁,108.244,22.7833,广西
1409A,东寨港,海口,110.576,19.9507,海南
1410A,海南大学,海口,110.3232,20.0574,海南
1411A,秀英海南医院,海口,110.283,20.0053,海南
1412A,海南师范大学,海口,110.338,19.9969,海南
1413A,龙华路环保局宿舍,海口,110.33,20.0356,海南
1414A,缙云山（对照点）,重庆,106.379,29.8272,重庆
1415A,高家花园(停运161118),重庆,106.46,29.5736,重庆
1416A,天生,重庆,106.424,29.8264,重庆
1417A,两路,重庆,106.626,29.7228,重庆
1418A,虎溪,重庆,106.296,29.5983,重庆
1419A,南坪,重庆,106.54,29.5186,重庆
1420A,唐家沱,重庆,106.65,29.6219,重庆
1421A,茶园,重庆,106.634,29.4892,重庆
1422A,白市驿,重庆,106.364,29.4822,重庆
1423A,解放碑(停运170928),重庆,106.571,29.5642,重庆
1424A,杨家坪(停运161118),重庆,106.512,29.5164,重庆
1425A,空港,重庆,106.617,29.7125,重庆
1426A,新山村,重庆,106.468,29.4892,重庆
1427A,礼嘉,重庆,106.562,29.6453,重庆
1428A,蔡家,重庆,106.452,29.709,重庆
1429A,鱼新街,重庆,106.513,29.389,重庆
1430A,南泉(停运161119),重庆,106.591,29.4272,重庆
1431A,金泉两河,成都,103.97275,30.72358333,四川
1432A,十里店,成都,104.176,30.6872,四川
1433A,三瓦窑,成都,104.079,30.5706,四川
1434A,沙河铺,成都,104.1113889,30.63,四川
1435A,梁家巷,成都,104.074,30.685,四川
1436A,草堂寺（已停运）,成都,104.026,30.6544,四川
1437A,君平街,成都,104.054,30.6578,四川
1438A,灵岩寺,成都,103.613,31.0283,四川
1439A,马鞍山,贵阳,106.6856,26.6029,贵州
1440A,市环保站,贵阳,106.6971,26.5689,贵州
1441A,鉴湖路,贵阳,106.6243,26.6266,贵州
1442A,燕子冲,贵阳,106.7487,26.6343,贵州
1443A,碧云窝,贵阳,106.6554,26.4364,贵州
1444A,中院村,贵阳,106.6948,26.5155,贵州
1445A,红边门,贵阳,106.7105,26.6009,贵州
1446A,新华路,贵阳,106.7164,26.5697,贵州
1447A,太慈桥,贵阳,106.6867,26.5495,贵州
1449A,关上（180930停用）,昆明,102.743,25.0124,云南
1450A,呈贡新区,昆明,102.821,24.8885,云南
1451A,西山森林公园(对照点),昆明,102.625,24.9624,云南
1452A,龙泉镇,昆明,102.728,25.0836,云南
1453A,东风东路,昆明,102.722,25.0405,云南
1454A,金鼎山,昆明,102.681,25.067,云南
1455A,碧鸡广场,昆明,102.638,25.0359,云南
1456A,八廓街,拉萨,91.1319,29.6514,西藏
1457A,市环保局,拉萨,91.1221,29.6747,西藏
1458A,区监测站,拉萨,91.0874,29.6475,西藏
1459A,西藏大学,拉萨,91.1774,29.6541,西藏
1460A,区辐射站,拉萨,90.9798,29.6588,西藏
1461A,拉萨火车站,拉萨,91.0834,29.6292,西藏
1462A,高压开关厂,西安,108.882,34.2749,陕西
1463A,兴庆小区,西安,108.993,34.2629,陕西
1464A,纺织城,西安,109.06,34.2572,陕西
1465A,小寨,西安,108.94,34.2324,陕西
1466A,市人民体育场,西安,108.954,34.2713,陕西
1467A,高新西区,西安,108.883,34.2303,陕西
1468A,经开区,西安,108.935,34.3474,陕西
1469A,长安区,西安,108.906,34.1546,陕西
1470A,阎良区,西安,109.2,34.6575,陕西
1471A,临潼区,西安,109.2186,34.3731,陕西
1472A,草滩,西安,108.8690,34.3780,陕西
1473A,曲江文化产业集团,西安,108.985,34.1978,陕西
1474A,广运潭,西安,109.043,34.3274,陕西
1475A,职工医院（20181115停运）,兰州,103.7222,36.0812,甘肃
1476A,兰炼宾馆,兰州,103.631,36.1031,甘肃
1477A,榆中兰大校区(对照点),兰州,104.148,35.940,甘肃
1478A,生物制品所,兰州,103.841,36.0725,甘肃
1479A,铁路设计院,兰州,103.831,36.0464,甘肃
1480A,市环境监测站,西宁,101.748,36.6428,青海
1481A,省医药仓库,西宁,101.749,36.6922,青海
1482A,四陆医院,西宁,101.834,36.5819,青海
1483A,第五水厂,西宁,101.524,36.6867,青海
1484A,贺兰山马莲口,银川,105.9512,38.6016,宁夏
1485A,银湖巷,银川,106.2682,38.4744,宁夏
1486A,宁安大街,银川,106.217,38.4536,宁夏
1487A,宁化生活区,银川,106.0715,38.4858,宁夏
1488A,贺兰山东路,银川,106.2328,38.4975,宁夏
1489A,学院路,银川,106.1358,38.5036,宁夏
1490A,监测站,乌鲁木齐,87.5801,43.8303,新疆
1491A,收费所,乌鲁木齐,87.6046,43.768,新疆
1492A,新疆农科院农场,乌鲁木齐,87.4754,43.9469,新疆
1493A,铁路局,乌鲁木齐,87.5525,43.8711,新疆
1494A,三十一中学,乌鲁木齐,87.6432,43.831,新疆
1495A,七十四中学,乌鲁木齐,87.4171,43.8729,新疆
1496A,米东区环保局,乌鲁木齐,87.6444,43.962,新疆
1508A,板塘,湘潭,112.9433,27.8614,湖南
1511A,市监测站,湘潭,112.9118,27.8403,湖南
1512A,江麓,湘潭,112.8937,27.8728,湖南
1513A,岳塘,湘潭,112.9227,27.8159,湖南
1514A,科大,湘潭,112.9074,27.9119,湖南
1515A,天台山庄,株洲,113.135,27.8244,湖南
1518A,株冶医院,株洲,113.095,27.8867,湖南
1519A,市四中,株洲,113.167,27.8667,湖南
1520A,火车站,株洲,113.143,27.8381,湖南
1524A,市监测站,株洲,113.1300,27.8528,湖南
1552A,桐木岭,贵阳,106.805,26.3003,贵州
1559A,大京风景区,株洲,113.251,27.8336,湖南
1562A,昭山,湘潭,113.0048,27.9153,湖南
1564A,韶山,湘潭,112.4876,27.9164,湖南
1585A,市环境监测站,包头,109.8756,40.6532,内蒙古
1586A,包百大楼,包头,109.8104,40.6575,内蒙古
1587A,东河城环局,包头,110.0067,40.5905,内蒙古
1588A,青山宾馆,包头,109.8538,40.6821,内蒙古
1589A,惠龙物流,包头,109.8654,40.6288,内蒙古
1590A,东河鸿龙湾,包头,110.0377,40.5546,内蒙古
1591A,综合楼,鄂尔多斯,110.0023,39.8129,内蒙古
1592A,巴音孟克林场办事处,鄂尔多斯,109.9486,39.8261,内蒙古
1593A,康泽苑,鄂尔多斯,109.7736,39.5986,内蒙古
1594A,华泰汽车城,鄂尔多斯,109.8119,39.5989,内蒙古
1595A,奥林花园,鄂尔多斯,109.9734,39.7884,内蒙古
1596A,学府南路,营口,122.2414,40.6592,辽宁
1597A,大庆路,营口,122.2703,40.7094,辽宁
1598A,镜湖西路,营口,122.2150,40.6511,辽宁
1599A,西炮台,营口,122.1658,40.6789,辽宁
1600A,江湾东路,丹东,124.3303,40.0625,辽宁
1601A,临江后街,丹东,124.4256,40.1503,辽宁
1602A,元宝山,丹东,124.3933,40.1461,辽宁
1603A,民主桥,丹东,124.3678,40.1194,辽宁
1604A,开发区,盘锦,122.0247,41.1556,辽宁
1605A,兴隆台,盘锦,122.0539,41.0903,辽宁
1606A,新生街道,盘锦,121.8350,41.1042,辽宁
1607A,龙港区,葫芦岛,120.9092,40.7136,辽宁
1608A,化工街,葫芦岛,120.8392,40.7514,辽宁
1609A,新区,葫芦岛,120.8478,40.7150,辽宁
1610A,东城区,葫芦岛,120.8631,40.7736,辽宁
1611A,涂山街,泉州,118.5819,24.9117,福建
1612A,津头埔,泉州,118.5972,24.8978,福建
1613A,万安,泉州,118.6663,24.9424,福建
1614A,清源山,泉州,118.6108,24.9617,福建
1615A,植物油厂,济南,117.6850,36.2050,山东
1616A,技术学院,济南,117.6789,36.2289,山东
1617A,日升国际,济南,117.7150,36.2081,山东
1618A,沂河小区,临沂,118.3418,35.0573,山东
1619A,鲁南制药厂,临沂,118.2950,35.0583,山东
1620A,新光毛纺厂,临沂,118.2764,34.9817,山东
1621A,河东保险公司,临沂,118.4023,35.0896,山东
1622A,儿童乐园,德州,116.3061,37.4664,山东
1623A,黑马集团,德州,116.2729,37.4504,山东
1624A,监理站,德州,116.3189,37.4489,山东
1625A,区政府,聊城,115.9848,36.4372,山东
1626A,二轻机（已停运）,聊城,115.9968,36.4568,山东
1627A,党校(20190222停运),聊城,115.9835,36.4796,山东
1628A,市环保局,滨州,118.0062,37.3803,山东
1629A,第二水厂,滨州,118.0018,37.3617,山东
1630A,北中新校,滨州,117.9776,37.3930,山东
1631A,人民公园,淄博,118.0482,36.8088,山东
1632A,东风化工厂,淄博,118.0448,36.8380,山东
1633A,双山,淄博,117.8477,36.4970,山东
1634A,气象站,淄博,117.9544,36.6377,山东
1635A,莆田园,淄博,118.3092,36.8198,山东
1636A,三金集团,淄博,117.8512,36.8041,山东
1637A,市中区政府,枣庄,117.5564,34.8640,山东
1638A,薛城环保局,枣庄,117.2852,34.7837,山东
1639A,峄城区政府,枣庄,117.5852,34.7745,山东
1640A,台儿庄区环保局,枣庄,117.7320,34.5667,山东
1641A,山亭区环保局,枣庄,117.4518,35.0992,山东
1642A,开发区,烟台,121.2514,37.5639,山东
1643A,轴承厂,烟台,121.3719,37.5433,山东
1644A,西郊化工站,烟台,121.3181,37.5436,山东
1645A,莱山环保局,烟台,121.4478,37.4822,山东
1646A,福山环保局,烟台,121.2611,37.4967,山东
1647A,牟平环保局(停运170519),烟台,121.5953,37.3872,山东
1648A,仲裁委,潍坊,119.1200,36.7019,山东
1649A,刘家园,潍坊,119.0919,36.7306,山东
1650A,环保局,潍坊,119.1425,36.7008,山东
1651A,共达公司,潍坊,119.1614,36.6572,山东
1652A,寒亭监测站,潍坊,119.1939,36.7731,山东
1653A,火炬城,济宁,116.6305,35.4280,山东
1654A,监测站,济宁,116.5856,35.4144,山东
1655A,电化厂,济宁,116.5546,35.4039,山东
1656A,监测站,泰安,117.1436,36.1942,山东
1657A,人口学校,泰安,117.0881,36.1942,山东
1658A,电力学校,泰安,117.1081,36.1758,山东
1659A,监测站,日照,119.4641,35.4178,山东
1660A,市政府广场,日照,119.5198,35.4234,山东
1661A,港务局,日照,119.5400,35.3962,山东
1662A,华夏技校,威海,122.1206,37.4294,山东
1663A,山大分校,威海,122.0508,37.5325,山东
1664A,市监测站,威海,122.1067,37.5072,山东
1665A,西城阳光环保公司,东营,118.5019,37.4658,山东
1666A,市环保局,东营,118.6672,37.4314,山东
1667A,耿井村,东营,118.5857,37.4442,山东
1668A,广南水库,东营,118.8192,37.3781,山东
1669A,市八中,韶关,113.586606,24.769519,广东
1670A,碧湖山庄,韶关,113.5593889,24.81119444,广东
1671A,园林处,韶关,113.598061,24.795928,广东
1672A,韶关学院,韶关,113.6734722,24.77908333,广东
1673A,曲江监测站,韶关,113.5970833,24.68636111,广东
1674A,金平子站,汕头,116.6794,23.3667,广东
1675A,龙湖子站,汕头,116.7244,23.3633,广东
1676A,濠江子站,汕头,116.7258,23.2775,广东
1677A,澄海子站,汕头,116.7519,23.4714,广东
1678A,潮阳子站,汕头,116.6092,23.2539,广东
1679A,潮南子站,汕头,116.4019,23.2536,广东
1680A,湛江影剧院,湛江,110.3539,21.2706,广东
1681A,市环境监测站,湛江,110.3928,21.2228,广东
1682A,环保局宿舍,湛江,110.4019,21.1997,广东
1683A,霞山游泳场,湛江,110.4111,21.2028,广东
1684A,麻章区环保局,湛江,110.3316,21.2679,广东
1685A,坡头区环保局,湛江,110.4558,21.2567,广东
1686A,市环保局茂港分局,茂名,111.0286,21.4689,广东
1687A,茂石化七小,茂名,110.9294,21.6533,广东
1688A,健康路,茂名,110.9067,21.6669,广东
1689A,高岭,茂名,110.8592,21.6828,广东
1690A,嘉应大学,梅州,116.1278,24.3289,广东
1691A,梅县新城,梅州,116.0797,24.2719,广东
1692A,环境监控中心,梅州,116.1248,24.2654,广东
1693A,市环保局,汕尾,115.3653,22.775,广东
1694A,市政府,汕尾,115.3706,22.7898,广东
1695A,新城中学,汕尾,115.3622,22.7925,广东
1696A,源西,河源,114.6778,23.7569,广东
1697A,东埔,河源,114.6944,23.7586,广东
1698A,老城,河源,114.6892,23.7233,广东
1699A,鸳鸯湖,阳江,111.9786,21.8586,广东
1700A,南恩路,阳江,111.9508,21.8536,广东
1701A,马南垌,阳江,111.9494,21.8650,广东
1702A,环保大楼,清远,113.0425,23.6936,广东
1703A,凤城街办,清远,113.0208,23.7106,广东
1704A,高新区,清远,113.0622,23.6272,广东
1705A,西园路,潮州,116.6339,23.6714,广东
1706A,档案局,潮州,116.6447,23.6706,广东
1707A,市政公司,潮州,116.6175,23.6531,广东
1708A,新兴,揭阳,116.3697,23.5353,广东
1709A,西马,揭阳,116.3242,23.5486,广东
1710A,东兴,揭阳,116.3594,23.5739,广东
1711A,渔湖,揭阳,116.4094,23.5292,广东
1712A,新市府,云浮,112.0392,22.9169,广东
1713A,市监测站,云浮,112.0369,22.9394,广东
1714A,牧羊,云浮,112.0539,22.9539,广东
1715A,东风水库,玉溪,102.5778,24.3694,云南
1716A,市监测站,玉溪,102.5433,24.3603,云南
1717A,大营街镇,玉溪,102.4964,24.3411,云南
1718A,市气象局,菏泽,115.42277,35.248889,山东
1719A,市政协,菏泽,115.474722,35.2375,山东
1720A,菏泽学院,菏泽,115.455,35.27,山东
1721A,果树场(对照点),大同,113.3819,40.1097,山西
1722A,红旗广场(停运160601),大同,113.2858,40.0958,山西
1723A,云冈宾馆,大同,113.2994,40.0758,山西
1724A,大同大学,大同,113.3444,40.0917,山西
1725A,安家小村,大同,113.2661,40.1269,山西
1726A,教育学院,大同,113.2711,40.0844,山西
1727A,清华站,长治,113.1097,36.1542,山西
1728A,监测站,长治,113.0972,36.1939,山西
1729A,澳瑞特,长治,113.1466,36.1961,山西
1730A,审计局,长治,113.0886,36.2126,山西
1731A,长治八中,长治,113.0844444,36.1855,山西
1732A,市监测站(停运161122),临汾,111.5125,36.0978,山西
1733A,临钢医院,临汾,111.5531,36.0783,山西
1734A,技工学校,临汾,111.5028,36.0714,山西
1735A,工商学校,临汾,111.5169,36.0822,山西
1736A,市委,临汾,111.5025,36.0875,山西
1737A,尧庙镇,临汾,111.4917,36.0417,山西
1738A,市中心,阳泉,113.5753,37.8564,山西
1739A,赛鱼,阳泉,113.4922,37.8792,山西
1740A,南庄,阳泉,113.5922,37.8561,山西
1741A,白羊墅,阳泉,113.6292,37.8531,山西
1742A,平坦,阳泉,113.5689,37.8694,山西
1743A,大阳泉,阳泉,113.5158,37.8500,山西
1744A,松山一中,赤峰,118.9233,42.2814,内蒙古
1745A,哈达街,赤峰,118.9572,42.2725,内蒙古
1746A,天义路,赤峰,118.8789,42.2556,内蒙古
1747A,松山路,赤峰,119.2719,42.0317,内蒙古
1748A,深沟寺,鞍山,123.0440,41.1196,辽宁
1749A,太阳城,鞍山,123.0110,41.0931,辽宁
1750A,太平,鞍山,123.0485,41.1442,辽宁
1751A,铁西三道街,鞍山,122.9642,41.0971,辽宁
1752A,铁西工业园区,鞍山,122.9481,41.0833,辽宁
1753A,明达新区,鞍山,123.0156,41.0831,辽宁
1754A,千山,鞍山,123.1289,41.0228,辽宁
1755A,望花区,抚顺,123.8100,41.8469,辽宁
1756A,顺城区,抚顺,123.9169,41.8828,辽宁
1757A,东洲区,抚顺,124.0383,41.8625,辽宁
1758A,新抚区,抚顺,123.9000,41.8594,辽宁
1759A,大伙房水库,抚顺,124.0878,41.8864,辽宁
1760A,沈抚新城,抚顺,123.7117,41.8417,辽宁
1761A,大峪,本溪,123.8436,41.3283,辽宁
1762A,溪湖,本溪,123.7528,41.3369,辽宁
1763A,彩屯,本溪,123.7308,41.3047,辽宁
1764A,东明,本溪,123.7669,41.2864,辽宁
1765A,新立屯,本溪,123.7989,41.2692,辽宁
1766A,威宁,本溪,123.8142,41.3472,辽宁
1767A,南山,锦州,121.0986,41.0781,辽宁
1768A,开发区,锦州,121.0450,40.8333,辽宁
1769A,百股街道,锦州,121.2008,41.1219,辽宁
1770A,天安街道,锦州,121.1178,41.1222,辽宁
1771A,北湖公园,锦州,121.1303,41.1386,辽宁
1772A,哈达湾,吉林,126.5550,43.8875,吉林
1773A,东局子,吉林,126.5844,43.8358,吉林
1774A,电力学院,吉林,126.4978,43.8228,吉林
1775A,江北,吉林,126.5786,43.8947,吉林
1776A,江南公园,吉林,126.5500,43.8256,吉林
1777A,农科院,吉林,,,吉林
1778A,丰满,吉林,126.6772,43.7256,吉林
1779A,安居小区,齐齐哈尔,123.9305,47.3636,黑龙江
1780A,中心广场,齐齐哈尔,123.9305,47.3386,黑龙江
1781A,农牧车辆厂,齐齐哈尔,123.9483,47.3227,黑龙江
1782A,富区环保局(停运191231),齐齐哈尔,123.6261,47.2030,黑龙江
1783A,市环境监测站,齐齐哈尔,123.9450,47.2988,黑龙江
1784A,环保大楼　,牡丹江,129.6100,44.5610,黑龙江
1785A,文化广场　,牡丹江,129.6115,44.5782,黑龙江
1786A,第一医院,牡丹江,129.5902,44.5952,黑龙江
1787A,机车工厂,牡丹江,129.6459,44.6104,黑龙江
1788A,第一中学,牡丹江,129.6386,44.5462,黑龙江
1789A,大同区,大庆,124.8354,46.0347,黑龙江
1790A,龙凤区,大庆,125.1120,46.5280,黑龙江
1791A,红岗区,大庆,124.8847,46.3991,黑龙江
1792A,萨尔图区,大庆,125.1386,46.5776,黑龙江
1793A,让胡路区,大庆,124.8648,46.6219,黑龙江
1794A,监测站,芜湖,118.3528,31.3508,安徽
1795A,科创中心,芜湖,118.3700,31.4189,安徽
1796A,四水厂,芜湖,118.3667,31.3139,安徽
1797A,济民医院(对照点),芜湖,118.4022,31.3839,安徽
1798A,湖东路四小,马鞍山,118.5058,31.6861,安徽
1799A,天平服装,马鞍山,118.4828,31.6411,安徽
1800A,慈湖二小,马鞍山,118.5106,31.7506,安徽
1801A,马钢动力厂,马鞍山,118.4800,31.6928,安徽
1802A,市教育基地,马鞍山,118.6439,31.7133,安徽
1803A,十里,九江,115.9872,29.6816,江西
1804A,茅山头,九江,115.9581,29.7048,江西
1805A,西园,九江,115.9880,29.7292,江西
1806A,五七二七厂,九江,116.0174,29.6535,江西
1807A,水科所（20181128停用）,九江,116.0628,29.6926,江西
1808A,综合工业园,九江,115.9114,29.6039,江西
1809A,石化总厂,九江,116.0726,29.7534,江西
1810A,庐山气象台(对照点),九江,115.9936,29.5867,江西
1811A,中信二小,洛阳,112.3628,34.6692,河南
1812A,市委党校,洛阳,112.3939,34.6511,河南
1813A,市监测站,洛阳,112.4333,34.6700,河南
1814A,豫西宾馆,洛阳,112.4664,34.6869,河南
1815A,河南林校,洛阳,112.4831,34.6869,河南
1816A,开发区管委会,洛阳,112.3844,34.6231,河南
1817A,市委新办公区,洛阳,112.4275,34.6258,河南
1818A,棉研所,安阳,114.483,36.061,河南
1819A,红庙街,安阳,114.3200,36.086,河南
1820A,银杏小区,安阳,114.358,36.087,河南
1821A,环保局,安阳,114.3931,36.0883,河南
1822A,铁佛寺,安阳,114.2860,36.1100,河南
1823A,河大一附院(停运180109),开封,114.3406,34.8022,河南
1824A,肿瘤医院,开封,114.3389,34.7781,河南
1825A,妇幼保健院(20190322停运),开封,114.3733,34.7975,河南
1826A,世纪星幼儿园,开封,114.2886,34.7967,河南
1827A,市监测站,焦作,113.261,35.235,河南
1828A,市环保局,焦作,113.227,35.213,河南
1829A,高新区政府,焦作,113.2464,35.1764,河南
1830A,影视城(对照点),焦作,113.1992,35.2590,河南
1831A,高压开关厂(20190304停运),平顶山,113.3064,33.7214,河南
1832A,新华旅馆,平顶山,113.322,33.721,河南
1833A,规划设计院,平顶山,113.292,33.739,河南
1834A,平顶山工学院,平顶山,113.182,33.737,河南
1835A,市政府,三门峡,111.1928,34.7772,河南
1836A,开发区,三门峡,111.1580,34.7940,河南
1837A,二  印,三门峡,111.1858,34.7917,河南
1838A,风景区,三门峡,111.1489,34.7997,河南
1839A,四零三,宜昌,111.3009,30.7157,湖北
1840A,白龙岗,宜昌,111.2992,30.6980,湖北
1841A,伍家岗,宜昌,111.3549,30.6463,湖北
1842A,点军区,宜昌,111.2680,30.6960,湖北
1843A,夷陵区,宜昌,111.3296,30.7819,湖北
1844A,市图书馆,荆州,112.2551,30.3175,湖北
1845A,市委党校,荆州,112.2068,30.3515,湖北
1846A,科融环保（181220停用）,荆州,112.2887,30.3055,湖北
1847A,南湖风景区,岳阳,113.1094,29.3578,湖南
1848A,城陵矶,岳阳,113.1493,29.4251,湖南
1849A,开发区,岳阳,113.1772,29.3678,湖南
1850A,云溪区,岳阳,113.2621,29.4758,湖南
1851A,君山区,岳阳,112.9943,29.4402,湖南
1852A,金凤水库,岳阳,113.2117,29.3550,湖南
1853A,市监测站,常德,111.7044,29.0244,湖南
1854A,市二中,常德,111.6975,28.9703,湖南
1855A,鼎城区环保局,常德,111.6753,29.0239,湖南
1856A,市技术监督局,常德,111.6794,29.0381,湖南
1857A,白鹤山,常德,111.7158,29.1456,湖南
1858A,永定新区,张家界,110.4800,29.1389,湖南
1859A,电业局,张家界,110.4697,29.1242,湖南
1860A,未央路,张家界,110.5594,29.3547,湖南
1861A,袁家界,张家界,110.4417,29.3150,湖南
1862A,电子科大尧山校区,桂林,110.4144,25.3167,广西
1863A,监测站,桂林,110.2819,25.2697,广西
1864A,龙隐路小学,桂林,110.3089,25.2708,广西
1865A,八中,桂林,110.2869,25.2178,广西
1866A,牛尾岭水库,北海,109.2256,21.5958,广西
1867A,海滩公园,北海,109.1436,21.4086,广西
1868A,新市环保局,北海,109.0981,21.4661,广西
1869A,北海工业园,北海,109.1778,21.5233,广西
1870A,柳东小学,柳州,109.4883,24.3898,广西
1871A,环保监测站,柳州,109.4108,24.3304,广西
1872A,河西水厂,柳州,109.3886,24.3406,广西
1873A,市四中,柳州,109.4221,24.2990,广西
1874A,市九中,柳州,109.3957,24.3663,广西
1875A,古亭山,柳州,109.4839,24.3158,广西
1876A,河东子站,三亚,109.5078,18.2489,海南
1877A,河西子站,三亚,109.4964,18.2681,海南
1878A,富乐山,绵阳,104.7778,31.4747,四川
1879A,市人大,绵阳,104.7536,31.4539,四川
1880A,高新区自来水公司,绵阳,104.6717,31.4656,四川
1881A,三水厂,绵阳,104.7283,31.5072,四川
1882A,石马中学,宜宾,104.5969,28.8194,四川
1883A,市委,宜宾,104.6225,28.76611,四川
1884A,宜宾四中,宜宾,104.6061,28.7867,四川
1885A,市政府,宜宾,104.6417,28.76389,四川
1886A,黄金嘴,宜宾,104.5761,28.71583,四川
1887A,沙坪中学,宜宾,104.6789,28.7989,四川
1888A,弄弄坪,攀枝花,101.68912,26.57098,四川
1889A,河门口,攀枝花,101.5769,26.5928,四川
1890A,炳草岗,攀枝花,101.7169,26.5850,四川
1891A,仁和,攀枝花,101.7453,26.5017,四川
1893A,九狮山,泸州,105.4306,28.9583,四川
1894A,小市上码头,泸州,105.4436,28.9026,四川
1895A,兰田宪桥,泸州,105.4322,28.8558,四川
1896A,市环监站,泸州,105.4322,28.8833,四川
1897A,大塘山,自贡,104.7547,29.3628,四川
1898A,盐马路,自贡,104.7214,29.3586,四川
1899A,檀木林街,自贡,104.7747,29.3564,四川
1900A,春华路,自贡,104.7692,29.3411,四川
1901A,东山公园,德阳,104.4219,31.1208,四川
1902A,西小区,德阳,104.3883,31.1333,四川
1903A,市检察院,德阳,104.4053,31.1167,四川
1904A,耐火材料厂,德阳,104.3539,31.1108,四川
1905A,西山风景区,南充,106.0560,30.8064,四川
1906A,南充市委,南充,106.0789,30.8023,四川
1907A,南充炼油厂,南充,106.1031,30.8217,四川
1908A,高坪区监测站,南充,106.1064,30.7856,四川
1909A,嘉陵区环保局,南充,106.0642,30.7636,四川
1910A,市环境监测站,南充,106.1087,30.8388,四川
1911A,丁字口,遵义,106.9222,27.6869,贵州
1912A,凤凰山,遵义,106.9242,27.7019,贵州
1913A,忠庄,遵义,106.8906,27.6486,贵州
1914A,舟水桥,遵义,106.9231,27.6506,贵州
1915A,干田坝,遵义,106.9178,27.7200,贵州
1916A,环境监测站,曲靖,103.7897,25.5035,云南
1917A,烟厂办公区,曲靖,103.8000,25.5364,云南
1918A,气象站(对照点),咸阳,108.7197,34.3956,陕西
1919A,中华小区,咸阳,108.6761,34.3181,陕西
1920A,师范学院,咸阳,108.7233,34.3617,陕西
1921A,中医学院,咸阳,108.7369,34.3164,陕西
1922A,党校,铜川,109.0656,35.0994,陕西
1923A,王益区政府,铜川,109.0697,35.0697,陕西
1924A,新区管委会,铜川,108.9344,34.9058,陕西
1925A,新区兰芝公司,铜川,108.9589,34.8731,陕西
1926A,枣园,延安,109.4131,36.6275,陕西
1927A,延大医附院,延安,109.4761,36.6028,陕西
1928A,市监测站,延安,109.4824,36.5767,陕西
1929A,百米大道,延安,109.5056,36.6106,陕西
1930A,庙沟村,宝鸡,107.1586,34.3708,陕西
1931A,竹园沟,宝鸡,107.0708,34.3017,陕西
1932A,三陆医院,宝鸡,107.1906,34.3672,陕西
1933A,监测站,宝鸡,107.1431,34.3547,陕西
1934A,技工学校,宝鸡,107.1186,34.3739,陕西
1935A,陈仓环保局,宝鸡,107.3906,34.3528,陕西
1936A,文理学院,宝鸡,107.2058,34.3497,陕西
1937A,三迪小学,宝鸡,107.2386,34.3622,陕西
1938A,农科所,渭南,109.5293,34.5101,陕西
1939A,日报社,渭南,109.5049,34.5004,陕西
1940A,体育馆,渭南,109.4636,34.4930,陕西
1941A,高新一小,渭南,109.4266,34.5021,陕西
1942A,市科委(停运180727),金昌,102.1878,38.5247,甘肃
1943A,新川苑,金昌,102.1725,38.5339,甘肃
1944A,公司二招,金昌,102.1708,38.5061,甘肃
1945A,气象局,嘉峪关,98.2908,39.7711,甘肃
1946A,酒钢耐材公司,嘉峪关,,,甘肃
1947A,沙湖旅游区,石嘴山,106.3394,38.8170,宁夏
1948A,大武口黄河东街,石嘴山,106.3717,39.0153,宁夏
1949A,惠农南大街,石嘴山,106.7704,39.2282,宁夏
1950A,红果子镇惠新街,石嘴山,106.7096,39.1292,宁夏
1951A,长征新村,克拉玛依,84.8861,45.6033,新疆
1952A,南林小区,克拉玛依,84.8897,45.5828,新疆
1953A,白碱滩区,克拉玛依,85.1186,45.6886,新疆
1954A,独山子区,克拉玛依,84.8983,44.3336,新疆
1955A,乌尔禾区商贸楼,克拉玛依,85.6931,46.0872,新疆
1956A,孔雀公园,库尔勒,86.1461,41.7511,新疆
1957A,棉纺厂,库尔勒,86.2022,41.7192,新疆
1958A,经济开发区,库尔勒,86.2381,41.7128,新疆
1959A,监测站,寿光,118.746,36.881,山东
1960A,世纪学校,寿光,118.780,36.864,山东
1961A,环境监测站,章丘,117.541,36.710,山东
1962A,明水开发区,章丘,117.541,36.710,山东
1963A,环保局子站,即墨,120.610,36.440,山东
1964A,开发区子站,即墨,120.470,36.390,山东
1965A,JN子站,胶南,120.005,35.878,山东
1966A,2号子站,胶南,120.039,35.872,山东
1967A,胶州环保局,胶州,120.008,36.283,山东
1968A,胶州一中,胶州,120.014,36.253,山东
1969A,环保局子站,莱西,120.537,36.865,山东
1970A,人民广场子站,莱西,120.515,36.885,山东
1971A,1号,平度,119.952,36.792,山东
1972A,2号,平度,119.976,36.799,山东
1973A,蓬莱环保局,蓬莱,120.747,37.825,山东
1974A,蓬莱博物馆,蓬莱,120.773,37.809,山东
1975A,招远环保局,招远,120.399,37.374,山东
1976A,招远教育局,招远,120.394,37.364,山东
1977A,莱州环保局,莱州,119.941,37.177,山东
1978A,莱州外经委,莱州,119.959,37.180,山东
1979A,荣成市环保局办公楼,荣成,122.471,37.154,山东
1980A,山东成山轮胎公司,荣成,122.410,37.161,山东
1981A,文登市环保局,文登,122.038,37.197,山东
1982A,文登市丝绸公司,文登,122.019,37.187,山东
1983A,乳山市环保局,乳山,121.531,36.913,山东
1984A,乳山市气象局,乳山,121.544,36.907,山东
1985A,吴江市环保局,吴江,120.636,31.155,江苏
1986A,教师进修学校,吴江,120.635,31.170,江苏
1987A,吴江开发区,吴江,120.658,31.172,江苏
1988A,昆山实验小学,昆山,120.953,31.388,江苏
1989A,震川中学,昆山,120.999,31.381,江苏
1990A,海虞子站,常熟,120.758,31.670,江苏
1991A,兴福子站,常熟,120.721,31.671,江苏
1992A,菱塘子站,常熟,120.734,31.656,江苏
1993A,张家港市监测站,张家港,120.526,31.874,江苏
1994A,城北小学,张家港,120.550,31.882,江苏
1995A,太仓市监测站,太仓,121.115,31.453,江苏
1996A,科教新城实小,太仓,121.140,31.422,江苏
1997A,消防指挥中心,句容,119.146,31.955,江苏
1998A,房家坝,句容,119.180,31.955,江苏
1999A,虹桥邮政,江阴,120.268,31.920,江苏
2000A,五星公园,江阴,120.237,31.909,江苏
2001A,第二实验小学,江阴,120.302,31.920,江苏
2002A,宜兴市环保局,宜兴,119.818,31.354,江苏
2003A,宜园,宜兴,119.794,31.371,江苏
2004A,金坛市环境监测站,金坛,119.579,31.751,江苏
2005A,金坛市自来水公司,金坛,119.579,31.737,江苏
2006A,溧阳市东门子站,溧阳,119.460,31.400,江苏
2007A,燕山子站,溧阳,119.438,31.317,江苏
2008A,海门市监测站,海门,121.173,31.896,江苏
2009A,社会福利院,海门,121.1518,31.89708,江苏
2010A,市政府,临安,119.7183,30.2366,浙江
2011A,四中,临安,119.6942,30.2311,浙江
2012A,监测站,富阳,119.954,30.054,浙江
2013A,富春二小,富阳,119.946,30.049,浙江
2014A,江东,义乌,120.091,29.305,浙江
2015A,北苑,义乌,120.040,29.334,浙江
2016A,图书馆,诸暨,120.251,29.719,浙江
2017A,富林印务,诸暨,120.209,29.732,浙江
2018A,抱龙山庄,瓦房店,121.989,39.625,辽宁
2019A,东山公园,瓦房店,122.011,39.617,辽宁
2031A,云田中学,株洲,113.1817,27.9958,湖南
2054A,平桥分局,信阳,114.1044,32.1078,河南
2064A,南湾水厂,信阳,114.0122,32.1403,河南
2065A,市酿酒公司,信阳,114.0681,32.1342,河南
2066A,审计局,信阳,114.0614,32.1383,河南
2067A,市环境监测站,周口,114.6613,33.6128,河南
2068A,周口师范,周口,114.6758,33.6347,河南
2069A,市运管处,周口,114.6546,33.5979,河南
2070A,川汇区环保局,周口,114.6369,33.6406,河南
2073A,蓝田(停运160601),漳州,117.7206,24.5086,福建
2074A,漳州三中(20190503停运),漳州,117.6569,24.5157,福建
2075A,九湖(对照点),漳州,117.6336,24.4674,福建
2160A,自来水公司,晋城,112.85,35.5051,山西
2161A,白云商贸,晋城,112.835,35.4934,山西
2162A,市环保局,晋城,112.8564,35.4883,山西
2163A,技术学院,晋城,112.8664,35.4894,山西
2164A,泽州一中,晋城,112.8252,35.4813,山西
2165A,白马寺,晋城,112.8453,35.546,山西
2166A,平朔,朔州,112.44,39.3514,山西
2167A,朔唯,朔州,112.4549,39.3606,山西
2168A,区政府,朔州,112.4254,39.3179,山西
2169A,市环保局,朔州,112.4078,39.3265,山西
2170A,市二中,朔州,112.4279,39.3673,山西
2171A,锦纶小区,晋中,112.7549,37.7019,山西
2172A,榆次液压件厂,晋中,,,山西
2173A,南都小区,晋中,112.7306,37.7111,山西
2174A,榆次区政府,晋中,112.7105,37.7087,山西
2175A,运城中学,运城,110.9956,35.0147,山西
2176A,禹都开发区,运城,111.0233,35.0611,山西
2177A,运城学院,运城,,,山西
2178A,地区技校,运城,110.9678,35.0308,山西
2179A,空港新区,运城,111.0414,35.1147,山西
2180A,机引(20190313停运),忻州,112.7356,38.4186,山西
2181A,开发区,忻州,112.7383,38.4519,山西
2182A,会展中心,忻州,112.7003,38.4928,山西
2183A,环保局,吕梁,111.1406,37.5211,山西
2184A,豆制品厂,吕梁,,,山西
2185A,自来水公司,吕梁,111.1297,37.5136,山西
2186A,聚英学校,乌海,106.8219,39.6719,内蒙古
2187A,市林业局,乌海,106.8089,39.6969,内蒙古
2188A,中海勃湾学校,乌海,106.7931,39.6572,内蒙古
2189A,通辽宾馆,通辽,122.2603,43.6267,内蒙古
2190A,胶建铝业,通辽,122.3039,43.6156,内蒙古
2191A,艺术职业学校,通辽,122.2532,43.6801,内蒙古
2192A,区环保局,呼伦贝尔,119.7594,49.2261,内蒙古
2193A,市艺校,呼伦贝尔,119.7283,49.2014,内蒙古
2194A,秋林养殖基地,巴彦淖尔,107.5936,40.916,内蒙古
2195A,附中,巴彦淖尔,107.4211,40.7608,内蒙古
2196A,市环保大楼,巴彦淖尔,107.3715,40.7378,内蒙古
2197A,集宁新区,乌兰察布,113.1306,40.9923,内蒙古
2198A,集宁旧区西,乌兰察布,113.0974,41.038,内蒙古
2199A,盟监测站,兴安盟,122.062,46.0872,内蒙古
2200A,胜华新制药厂,兴安盟,122.0506,46.0703,内蒙古
2201A,科右前旗环保局,兴安盟,121.9462,46.0756,内蒙古
2202A,市环保监测站,锡林郭勒盟,116.1042,43.9317,内蒙古
2203A,市政府,锡林郭勒盟,116.0781,43.9311,内蒙古
2204A,体育场,阿拉善盟,105.6775,38.8343,内蒙古
2205A,盟环保楼,阿拉善盟,105.6975,38.843,内蒙古
2206A,环保局新楼,阿拉善盟,105.724,38.8516,内蒙古
2207A,工业园区,阜新,121.6178,41.9967,辽宁
2208A,长青街,阜新,121.6561,42.0186,辽宁
2209A,农业园区,阜新,121.6972,42.0503,辽宁
2210A,东苑,阜新,121.6722,42.0228,辽宁
2211A,玉龙新城,阜新,121.6592,42.0486,辽宁
2212A,宏伟区,辽阳,123.2,41.1953,辽宁
2213A,新华园,辽阳,123.15,41.2553,辽宁
2214A,滨河路,辽阳,123.1761,41.2736,辽宁
2215A,铁西工业园,辽阳,123.1417,41.2894,辽宁
2216A,汇工街西,铁岭,123.8139,42.3022,辽宁
2217A,水上乐园,铁岭,123.8469,42.2920,辽宁
2218A,银州路东段,铁岭,123.8489,42.2864,辽宁
2219A,金沙江路北,铁岭,123.7153,42.2217,辽宁
2220A,西梁,朝阳,120.4439,41.5931,辽宁
2221A,河畔小区,朝阳,120.4486,41.5672,辽宁
2222A,八里堡,朝阳,120.4247,41.5647,辽宁
2223A,农业园区,朝阳,120.3939,41.615,辽宁
2224A,监测站,四平,124.3419,43.1747,吉林
2225A,一商场,四平,124.3711,43.1594,吉林
2226A,境园,四平,124.3897,43.1847,吉林
2227A,环保局,辽源,125.1358,42.8947,吉林
2228A,污水处理厂(20190903停用),辽源,125.1567,42.8953,吉林
2229A,光明,通化,125.9361,41.7156,吉林
2230A,铁路,通化,125.9486,41.7381,吉林
2231A,喜丰,白山,126.4047,41.9206,吉林
2232A,环保局,白山,126.4078,41.9419,吉林
2233A,江南,松原,124.8292,45.0878,吉林
2234A,江北,松原,124.8528,45.1642,吉林
2235A,洮北区环保局,白城,122.8444,45.6289,吉林
2236A,市环保局,白城,122.8211,45.6175,吉林
2237A,妇幼医院,延边州,129.4892,42.8939,吉林
2238A,延边医院,延边州,129.5042,42.9061,吉林
2239A,朝阳川镇医院,延边州,129.3675,42.8775,吉林
2240A,环保局　,鸡西,130.962,45.2924,黑龙江
2241A,自来水公司　,鸡西,130.9817,45.305,黑龙江
2242A,白酒厂　,鸡西,131.0103,45.2948,黑龙江
2243A,气象局　,鸡西,130.9298,45.2978,黑龙江
2244A,哈啤分公司,鹤岗,130.2659,47.3349,黑龙江
2245A,斯达机电,鹤岗,130.261,47.2753,黑龙江
2246A,东山纸板厂,鹤岗,130.3172,47.3489,黑龙江
2247A,五号水库,鹤岗,130.1097,47.3382,黑龙江
2248A,双合村,双鸭山,131.1638,46.6572,黑龙江
2249A,南小市,双鸭山,131.1651,46.619,黑龙江
2250A,环保局,双鸭山,131.1516,46.6462,黑龙江
2251A,苗圃,双鸭山,131.1572,46.5888,黑龙江
2252A,中心医院,伊春,128.8736,47.7222,黑龙江
2253A,林管局,伊春,128.9094,47.7317,黑龙江
2254A,汤旺河国家公园,伊春,129.4942,48.4658,黑龙江
2255A,佳纺,佳木斯,130.2719,46.8025,黑龙江
2256A,发电厂,佳木斯,130.3961,46.8267,黑龙江
2257A,环保局,佳木斯,130.3258,46.7975,黑龙江
2258A,十一中,佳木斯,130.3648,46.8032,黑龙江
2259A,四丰,佳木斯,130.3794,46.7588,黑龙江
2260A,环保局,七台河,131.0032,45.7677,黑龙江
2261A,新建　,七台河,130.8625,45.8194,黑龙江
2262A,葫头沟,七台河,130.9467,45.8309,黑龙江
2263A,交通局　,黑河,127.4961,50.2486,黑龙江
2264A,党校,黑河,127.5044,50.2391,黑龙江
2265A,地震局　,黑河,127.4143,50.2538,黑龙江
2266A,人和东街,绥化,126.9934,46.6384,黑龙江
2267A,党政办公中心,绥化,126.9636,46.6527,黑龙江
2268A,环保局(停运191231),大兴安岭地区,124.1186,50.4269,黑龙江
2269A,公安局,大兴安岭地区,124.1303,50.4217,黑龙江
2270A,工人疗养院,蚌埠,117.3961,32.939,安徽
2271A,百货大楼,蚌埠,117.3575,32.9444,安徽
2272A,二水厂,蚌埠,117.3086,32.935,安徽
2273A,蚌埠学院,蚌埠,117.4186,32.8913,安徽
2274A,淮上区政府,蚌埠,117.3536,32.9673,安徽
2275A,高新区,蚌埠,117.3065,32.8985,安徽
2276A,大通区政府（已停运）,淮南,117.0417,32.6611,安徽
2277A,潘集区政府,淮南,116.8028,32.7639,安徽
2278A,师范学院,淮南,117.0083,32.645,安徽
2279A,谢家集区政府,淮南,116.8556,32.6028,安徽
2280A,八公山区政府,淮南,116.8306,32.6319,安徽
2281A,焦岗湖风景区管理处,淮南,116.7039,32.625,安徽
2282A,监测站,淮北,116.8008,33.975,安徽
2283A,烈山区政府,淮北,116.8067,33.8997,安徽
2284A,职业技术学院,淮北,116.7844,33.9461,安徽
2285A,市第四中学,铜陵,117.8178,30.9414,安徽
2286A,市公路局,铜陵,117.8078,30.9222,安徽
2287A,市新民污水厂,铜陵,117.7806,30.9414,安徽
2288A,市第九中学,铜陵,117.7442,30.8811,安徽
2289A,车站新区,铜陵,117.8561,30.9219,安徽
2290A,市职教基地,铜陵,117.8472,30.9697,安徽
2291A,环科院,安庆,117.0549,30.5103,安徽
2292A,马山宾馆,安庆,117.0331,30.5120,安徽
2293A,联富花园(停运180816),安庆,117.0486,30.5489,安徽
2294A,安庆大学(191227更为评价点),安庆,116.9896,30.6145,安徽
2295A,延安路89号,黄山,118.3057,29.7128,安徽
2296A,黄山东路89号,黄山,118.3236,29.7207,安徽
2297A,黄山区政府5号楼,黄山,118.1371,30.2756,安徽
2298A,老年大学,滁州,118.3094,32.3153,安徽
2299A,人大宾馆,滁州,118.3244,32.2786,安徽
2300A,监测站(20190308停运),滁州,118.3158,32.3061,安徽
2301A,市监测站,阜阳,115.8275,32.8928,安徽
2302A,市委党校,阜阳,,,安徽
2303A,开发区,阜阳,115.8556,32.8603,安徽
2304A,监测楼(181204停用),宿州,116.9765,33.6481,安徽
2305A,一中,宿州,116.9677,33.6284,安徽
2306A,火车站,宿州,116.989,33.63063889,安徽
2307A,监测大楼,六安,116.508,31.7371,安徽
2308A,皖西学院,六安,116.478,31.7618,安徽
2309A,朝阳厂,六安,116.5068,31.7797,安徽
2310A,开发区,六安,116.5661,31.7712,安徽
2311A,污水处理厂,亳州,115.8067,33.8399,安徽
2312A,三国揽胜宫,亳州,115.7831,33.8561,安徽
2313A,环保大楼(停运160506),池州,117.4808,30.6414,安徽
2314A,池州学院,池州,117.4697,30.6617,安徽
2315A,平天湖(对照点),池州,117.4974,30.6539,安徽
2316A,鳌峰子站,宣城,118.7581,30.9447,安徽
2317A,敬亭山子站,宣城,118.7386,30.9742,安徽
2318A,开发区子站,宣城,118.7175,30.9431,安徽
2319A,荔城区仓后路,莆田,119.0156,25.442,福建
2320A,莆田市监测站,莆田,119.0018,25.4552,福建
2321A,涵江区六中,莆田,119.1117,25.4556,福建
2322A,秀屿区政府,莆田,119.1015,25.3214,福建
2323A,东圳水库,莆田,118.981,25.4792,福建
2324A,三钢,三明,117.6211,26.2625,福建
2325A,三明二中,三明,117.6353,26.2708,福建
2326A,三元区政府,三明,117.6028,26.2378,福建
2327A,洋溪,三明,117.7275,26.3108,福建
2331A,茫荡山,南平,118.0966,26.6761,福建
2332A,南平市监测站,南平,118.1694,26.6383,福建
2333A,南平铝业有限公司,南平,118.1819,26.6514,福建
2334A,南平七中,南平,118.1756,26.6272,福建
2335A,龙岩师专,龙岩,117.0181,25.1174,福建
2336A,龙岩市监测站,龙岩,117.0216,25.1035,福建
2337A,闽西职业技术学院,龙岩,117.0256,25.0661,福建
2338A,龙岩学院,龙岩,117.0151,25.0311,福建
2339A,金涵水库(对照点),宁德,119.5001,26.6946,福建
2340A,蕉城区农机局(20190319停运),宁德,119.5202,26.6607,福建
2341A,宁德市监测站,宁德,119.5392,26.6611,福建
2342A,王岗中学,景德镇,117.3097,29.3864,江西
2343A,老干部活动中心,景德镇,117.2111,29.2958,江西
2344A,兽医站,景德镇,117.1983,29.2786,江西
2345A,台达陶瓷,景德镇,117.1558,29.2647,江西
2346A,陶研所,景德镇,117.2461,29.2956,江西
2347A,武功山气象站(对照点),萍乡,114.0944,27.4948,江西
2348A,中医院,萍乡,113.8381,27.6428,江西
2349A,市政府车库,萍乡,113.8447,27.6231,江西
2350A,市环保局,萍乡,113.8686,27.6442,江西
2351A,安源区政府,萍乡,113.865,27.6178,江西
2352A,北岗(对照点),新余,115.0586,27.7758,江西
2353A,飞宇,新余,114.9831,27.8344,江西
2354A,第二水厂,新余,114.9289,27.8328,江西
2355A,市气象局,新余,114.9314,27.8036,江西
2356A,新钢氧气厂(20190301停用),新余,114.9119,27.8042,江西
2357A,龙虎山,鹰潭,116.9622,28.095,江西
2358A,新监测站,鹰潭,117.0564,28.2642,江西
2359A,财苑宾馆,鹰潭,117.0281,28.2403,江西
2360A,体育馆,鹰潭,117.0222,28.2264,江西
2361A,三川水表,鹰潭,116.9983,28.2169,江西
2362A,通天岩,赣州,114.9064,25.9118,江西
2363A,地委,赣州,114.9367,25.8664,江西
2364A,气象台,赣州,114.9461,25.8481,江西
2365A,市图书馆,赣州,114.9322,25.8333,江西
2366A,华坚鞋城,赣州,114.8905,25.8471,江西
2367A,红声器材厂,吉安,114.9817,27.0658,江西
2368A,市森林工业局,吉安,114.9739,27.11,江西
2369A,市环境监测站,吉安,114.99,27.1311,江西
2370A,青原区法院,吉安,115.0075,27.0983,江西
2371A,槟榔水业(对照点),宜春,114.3442,27.8036,江西
2372A,市中国银行（181229停用）,宜春,114.3806,27.8014,江西
2373A,市石油公司,宜春,114.3953,27.7842,江西
2374A,市气象局,宜春,114.3703,27.7914,江西
2375A,市广电局,宜春,114.4011,27.8072,江西
2376A,桐源党溪,抚州,116.2239,28.0797,江西
2377A,市站,抚州,116.3553,27.9883,江西
2378A,血防站,抚州,116.3598,27.9639,江西
2379A,采茶剧团,抚州,116.3574,28.0005,江西
2380A,医学分院,抚州,116.385,27.9647,江西
2381A,百草园,上饶,118.0058,28.4569,江西
2382A,市监测站,上饶,117.973,28.4459,江西
2383A,凤凰光学,上饶,117.9511,28.4622,江西
2384A,开发区管委会,上饶,117.9033,28.4303,江西
2385A,市监测站,鹤壁,114.17,35.9019,河南
2386A,市交警支队,鹤壁,114.2956,35.7511,河南
2387A,迎宾馆,鹤壁,114.2878,35.7306,河南
2388A,科技学院,新乡,113.926,35.279,河南
2389A,环保西院,新乡,113.836,35.31,河南
2390A,开发区,新乡,113.884,35.272,河南
2391A,环保东院,新乡,113.883,35.303,河南
2392A,环保局,濮阳,115.031,35.763,河南
2393A,紭天威,濮阳,114.9906,35.767,河南
2394A,油田运输公司,濮阳,115.0628,35.7672,河南
2395A,油田物探公司,濮阳,115.0772,35.767,河南
2396A,监测站,许昌,113.8331,34.0117,河南
2397A,环保局,许昌,113.8208,34.0314,河南
2398A,开发区,许昌,113.7906,33.9953,河南
2399A,三五一五工厂,漯河,114.056,33.567,河南
2400A,漯河大学,漯河,114.005,33.568,河南
2401A,水利局,漯河,114.014,33.581,河南
2402A,广电局,漯河,114.0322,33.5653,河南
2403A,环保局,南阳,112.5192,32.9917,河南
2404A,瓦房庄,南阳,112.5224,33.0122,河南
2405A,汉画馆,南阳,112.5003,32.9735,河南
2406A,气象站,南阳,112.5573,33.027,河南
2407A,理工学院,南阳,112.5481,32.9689,河南
2408A,环境监测站,商丘,115.6697,34.4286,河南
2409A,粮食局,商丘,115.6558,34.429,河南
2410A,睢阳区环保局,商丘,115.6386,34.407,河南
2411A,第三人民医院(20190220停运),商丘,115.6578,34.402,河南
2420A,市一纸厂　,驻马店,114.018,32.965,河南
2421A,市彩印厂　,驻马店,114.0131,33.0069,河南
2422A,天方二分厂　,驻马店,113.996,32.996,河南
2423A,沈家营,黄石,115.0625,30.2352,湖北
2424A,陈家湾,黄石,115.0767,30.2028,湖北
2425A,新下陆,黄石,114.9551,30.1765,湖北
2426A,铁山,黄石,114.8949,30.2043,湖北
2427A,团城山,黄石,115.0264,30.2099,湖北
2428A,武当山,十堰,111.0419,32.395,湖北
2429A,滨河新村,十堰,110.78,32.6494,湖北
2430A,刘家沟,十堰,110.7258,32.6389,湖北
2431A,铁二处,十堰,110.8839,32.5714,湖北
2432A,襄城运动路,襄阳,112.155,32.0197,湖北
2433A,樊城新华路,襄阳,112.1392,32.0564,湖北
2434A,高新管委会,襄阳,112.1825,32.1142,湖北
2435A,襄州航空路,襄阳,112.2106,32.0903,湖北
2436A,市政府,鄂州,114.8878,30.3944,湖北
2437A,赵家坝,鄂州,114.8989,30.3714,湖北
2438A,凡口开发区,鄂州,114.8131,30.4133,湖北
2439A,竹园小学,荆门,112.2014,31.0483,湖北
2440A,掇刀,荆门,112.1969,30.9892,湖北
2441A,石化一小,荆门,112.2211,31.0386,湖北
2442A,市政府,荆门,112.1931,31.0375,湖北
2443A,文化路,孝感,113.9153,30.9285,湖北
2444A,东城区,孝感,113.942,30.9075,湖北
2445A,大洲岛,黄冈,114.8857,30.4522,湖北
2446A,职工中心,黄冈,114.9028,30.4742,湖北
2447A,森林公园(对照点),咸宁,114.3290,29.8175,湖北
2448A,市发改委,咸宁,114.3231,29.8211,湖北
2449A,咸安区政府,咸宁,114.2894,29.8539,湖北
2450A,长江产业园,咸宁,114.3372,29.8686,湖北
2451A,市委党校,随州,113.3583,31.7275,湖北
2452A,市林业局,随州,113.3833,31.6908,湖北
2453A,市立交桥水厂,随州,113.3983,31.7308,湖北
2454A,湖北民院,恩施州,109.5039,30.2989,湖北
2455A,州电力总公司,恩施州,109.4689,30.2819,湖北
2456A,原169医院,衡阳,112.5328,26.9089,湖南
2457A,衡阳化工总厂,衡阳,112.6194,26.9258,湖南
2458A,珠晖区环保局,衡阳,112.6211,26.8956,湖南
2459A,市委党校,衡阳,112.6197,26.8733,湖南
2460A,市监测站,衡阳,112.6006,26.8919,湖南
2461A,真空机电公司,衡阳,112.5664,26.9056,湖南
2462A,市水土所,邵阳,111.5239,27.3033,湖南
2463A,市一中,邵阳,111.4733,27.2317,湖南
2464A,市化工厂,邵阳,111.4908,27.2582,湖南
2465A,市罐头厂,邵阳,111.4503,27.2537,湖南
2466A,市环保局,邵阳,111.4328,27.2272,湖南
2467A,甘溪港,益阳,112.4067,28.6428,湖南
2468A,市环保局,益阳,112.3458,28.5808,湖南
2469A,市特殊教育学校,益阳,112.3439,28.56,湖南
2470A,资阳区政务中心,益阳,112.3347,28.6047,湖南
2471A,赫山环保分局,益阳,112.3744,28.5819,湖南
2472A,马头岭,郴州,113.0073,25.9061,湖南
2473A,市职中,郴州,113.0116,25.8226,湖南
2474A,兴隆步行街,郴州,113.0119,25.8179,湖南
2475A,市审计局,郴州,113.0383,25.8071,湖南
2476A,市环保局,郴州,113.0348,25.7759,湖南
2477A,零陵南津渡,永州,111.6217,26.2081,湖南
2478A,市环境监测站,永州,111.6156,26.4214,湖南
2479A,零陵区环保局,永州,111.6236,26.2331,湖南
2480A,永州市环保局,永州,111.5992,26.4364,湖南
2481A,冷水滩区环保局,永州,111.5989,26.4519,湖南
2482A,林科所,怀化,109.9333,27.5733,湖南
2483A,河西地税局,怀化,109.9453,27.5444,湖南
2484A,市四医院,怀化,109.9792,27.5342,湖南
2485A,监测楼,怀化,109.9972,27.5578,湖南
2486A,市委党校,怀化,110.0394,27.583,湖南
2487A,电视发射台,娄底,111.9975,27.725,湖南
2488A,市监测站,娄底,111.9975,27.725,湖南
2489A,市委党校,娄底,112.0194,27.7314,湖南
2490A,涟钢,娄底,111.9561,27.7569,湖南
2491A,市政府,娄底,111.9892,27.7044,湖南
2492A,跃进水库,湘西州,109.6414,28.2558,湖南
2493A,州政府,湘西州,109.7325,28.3169,湖南
2494A,吉首市计生局,湘西州,109.6958,28.2675,湖南
2495A,市环保,梧州,111.2897,23.4792,广西
2496A,云盖小学,梧州,111.3178,23.475,广西
2497A,龙圩,梧州,111.2353,23.415,广西
2498A,龙新,梧州,111.26,23.4794,广西
2499A,沙万,防城港,108.3411,21.6158,广西
2500A,防城镇政府,防城港,108.3511,21.7631,广西
2501A,大海花园,防城港,108.3506,21.6414,广西
2502A,市环保站,钦州,108.6236,21.9667,广西
2503A,市农科院,钦州,108.6553,21.9508,广西
2504A,港区一小,钦州,108.5989,21.7431,广西
2505A,德智高中,贵港,109.5681,23.1478,广西
2506A,江南子站　,贵港,109.6042,23.0672,广西
2507A,贵城子站,贵港,109.6014,23.0944,广西
2508A,荷城子站,贵港,109.5683,23.1036,广西
2509A,寒山水库,玉林,110.1106,22.7019,广西
2510A,市监测站,玉林,110.1675,22.6411,广西
2511A,南江一中,玉林,110.1433,22.6164,广西
2512A,市监测站,百色,106.6103,23.9011,广西
2513A,市中心血站,百色,106.6527,23.8844,广西
2514A,环保小区,贺州,111.5269,24.4175,广西
2515A,政协大楼,贺州,111.5622,24.4072,广西
2516A,东仁乐园,河池,108.2134,24.7121,广西
2517A,市环保站,河池,108.054,24.6928,广西
2518A,市疾控中心,河池,108.1009,24.6967,广西
2519A,来宾二中,来宾,109.2131,23.7208,广西
2520A,来冶招待所,来宾,109.2317,23.7369,广西
2521A,市环保局江州分局,崇左,107.3476,22.4137,广西
2522A,城南新区,崇左,107.3701,22.3708,广西
2523A,黑石坡,广元,105.8945,32.4535,四川
2524A,老城,广元,105.8242,32.4429,四川
2525A,南坝,广元,105.8153,32.4246,四川
2526A,监测站,广元,105.8624,32.4285,四川
2527A,石溪浩,遂宁,105.7519,30.5797,四川
2528A,市监测站,遂宁,105.68,30.6133,四川
2529A,行政中心,遂宁,105.8161,30.6347,四川
2530A,美宁食品公司,遂宁,105.5956,30.475,四川
2531A,市监测站,内江,105.0331,29.5953,四川
2532A,东兴区政府,内江,105.0717,29.5947,四川
2533A,内江二中,内江,105.0653,29.5817,四川
2534A,内江日报社,内江,105.0406,29.5822,四川
2535A,花湖湾,乐山,103.7705,29.5467,四川
2536A,牛耳桥,乐山,103.7627,29.5844,四川
2537A,市第三水厂,乐山,103.7506,29.6007,四川
2538A,市监测站,乐山,103.757,29.5634,四川
2539A,蟆颐观,眉山,103.8986,30.0506,四川
2540A,气象局,眉山,103.8416,30.0874,四川
2541A,旭光小区,眉山,103.8495,30.0691,四川
2542A,市监测站,眉山,103.8341,30.062,四川
2543A,小平旧居,广安,106.631,30.518,四川
2544A,市委,广安,106.6303,30.4576,四川
2545A,友谊中学,广安,106.6271,30.4663,四川
2546A,人工湖,广安,106.6406,30.4844,四川
2547A,广电花园,广安,106.6388,30.4551,四川
2548A,达州职业技术学院,达州,107.5272,31.2797,四川
2549A,市环境监测站,达州,107.525,31.215,四川
2550A,凤凰小区,达州,107.4967,31.2108,四川
2551A,达县机关宾馆,达州,107.5069,31.1956,四川
2552A,市政中心,达州,107.4611,31.2058,四川
2553A,大兴526台,雅安,103.009,30.0125,四川
2554A,建安厂,雅安,103.0013,29.9899,四川
2555A,市政府,雅安,103.0109,29.9834,四川
2556A,川农大,雅安,103.0001,29.9816,四川
2557A,南龛公园,巴中,106.7583,31.8475,四川
2558A,市环保局,巴中,106.7389,31.8711,四川
2559A,巴中中学,巴中,106.7594,31.8531,四川
2560A,市六中,巴中,106.7608,31.8456,四川
2561A,莲花山,资阳,104.6617,30.1366,四川
2562A,资阳中学,资阳,104.6356,30.1506,四川
2563A,四三一厂,资阳,104.6289,30.1377,四川
2564A,师范校,资阳,104.6469,30.1142,四川
2565A,区法院,资阳,104.6294,30.1259,四川
2566A,州农科所,阿坝州,102.1755,31.9286,四川
2567A,州监测站,阿坝州,102.2218,31.9025,四川
2568A,马师校,阿坝州,102.2402,31.8934,四川
2569A,将军桥,甘孜州,101.9628,30.0506,四川
2570A,水桥子,甘孜州,101.9603,30.0475,四川
2571A,青龙寺,凉山州,102.3419,27.8094,四川
2572A,邛海宾馆,凉山州,102.2714,27.8408,四川
2573A,西昌市政府,凉山州,102.2625,27.8978,四川
2574A,凉山州政府,凉山州,102.2689,27.8847,四川
2575A,长安,凉山州,102.2311,27.8953,四川
2576A,窑上,六盘水,104.8,26.5892,贵州
2577A,黄土坡,六盘水,104.83,26.5917,贵州
2578A,水钢,六盘水,104.89,26.5939,贵州
2579A,民中,六盘水,104.8475,26.5894,贵州
2580A,双水,六盘水,104.9544,26.5506,贵州
2581A,虹机厂子校,安顺,105.9556,26.2611,贵州
2582A,市一中,安顺,105.9278,26.255,贵州
2583A,铁路子校,安顺,105.9394,26.2358,贵州
2584A,龙岩子校,安顺,105.8853,26.2392,贵州
2585A,铜仁卫校,铜仁,109.1916,27.7297,贵州
2586A,铜仁七中,铜仁,109.1794,27.7231,贵州
2587A,八中,毕节,105.2864,27.3125,贵州
2588A,师专,毕节,105.31,27.2944,贵州
2589A,场坝街,黔西南州,104.9022,25.0925,贵州
2590A,坪东大道,黔西南州,104.8811,25.0992,贵州
2591A,市环境监测站,黔东南州,107.9783,26.5747,贵州
2592A,马坡井小学,黔东南州,,,贵州
2593A,小围寨,黔南州,107.5228,26.2403,贵州
2594A,市环境监测站,保山,99.1678,25.1081,云南
2595A,市环保局,保山,99.1711,25.1328,云南
2596A,监测站,昭通,103.7032,27.3392,云南
2597A,环保局,昭通,103.7225,27.3361,云南
2598A,西南郊,丽江,100.2143,26.8576,云南
2599A,丽江古城,丽江,100.2497,26.8802,云南
2600A,市中心,丽江,100.2203,26.8906,云南
2601A,市环保局,普洱,100.98,22.7633,云南
2602A,普洱第二中学,普洱,100.9817,22.8322,云南
2603A,市环保局,临沧,100.0869,23.8822,云南
2604A,市气象局,临沧,100.0782,23.8982,云南
2605A,州环境监测站,楚雄州,101.5482,25.0441,云南
2606A,市经济开发区,楚雄州,101.538,25.0492,云南
2607A,雨过铺,红河州,103.3113,23.4626,云南
2608A,污水处理厂,红河州,103.3772,23.3993,云南
2609A,监测站,红河州,103.386,23.4168,云南
2610A,州水务局,文山州,104.2533,23.3594,云南
2611A,市便民服务中心,文山州,104.2319,23.3892,云南
2612A,景洪市江南,西双版纳州,100.7939,22.0019,云南
2613A,景洪市江北,西双版纳州,100.8017,22.0225,云南
2614A,大理市环境监测站,大理州,100.1542,25.7054,云南
2615A,大理古城,大理州,100.2171,25.5811,云南
2616A,德宏州监测站,德宏州,98.5842,24.428,云南
2617A,芒市建设局,德宏州,98.578,24.441,云南
2618A,州监测站,怒江州,98.8601,25.8567,云南
2619A,泸水一中,怒江州,98.8546,25.8417,云南
2620A,古城（20180930停运）,迪庆州,99.7064,27.8136,云南
2621A,迪庆州站,迪庆州,99.7056,27.8317,云南
2622A,昌都监测站,昌都,97.1804,31.1278,西藏
2623A,昌都地区昌都坝,昌都,97.1809,31.1254,西藏
2624A,山南监测站,山南,91.7608,29.2313,西藏
2625A,山南人民医院,山南,91.7706,29.261,西藏
2626A,日喀则监测站,日喀则,88.8876,29.2718,西藏
2627A,日喀则鸿达公司,日喀则,88.8931,29.2365,西藏
2628A,那曲监测站,那曲地区,92.0657,31.4846,西藏
2629A,那曲嘉兴医院,那曲地区,92.0505,31.4733,西藏
2630A,阿里监测站,阿里地区,80.1161,32.5,西藏
2631A,阿里地委,阿里地区,80.0895,32.5039,西藏
2632A,林芝监测站,林芝,94.3681,29.6376,西藏
2633A,林芝人民医院,林芝,94.3616,29.6632,西藏
2634A,汉川机床厂子校,汉中,106.9893,33.1842,陕西
2635A,市监测站,汉中,107.0154,33.0706,陕西
2636A,鑫源开发区,汉中,107.0089,33.1138,陕西
2637A,南郑大河坎水厂,汉中,107.007,33.0323,陕西
2638A,红石峡森林公园(对照点),榆林,109.7414,38.3344,陕西
2639A,世纪广场,榆林,109.7456,38.2911,陕西
2640A,实验中学,榆林,109.7289,38.2839,陕西
2641A,环保监测大楼,榆林,109.7336,38.2478,陕西
2642A,香溪洞,安康,109.0311,32.6778,陕西
2643A,安康市监测站,安康,109.0281,32.6939,陕西
2644A,汉滨区检察院,安康,109.0072,32.6975,陕西
2645A,监测站,商洛,109.9154,33.8715,陕西
2646A,东龙山气象局,商洛,109.966,33.8509,陕西
2647A,豫源饭店,白银,104.1731,36.5458,甘肃
2648A,动力公司,白银,104.1731,36.5481,甘肃
2649A,仙人崖,天水,106.005,34.3469,甘肃
2650A,进步巷,天水,105.7281,34.5814,甘肃
2651A,文化馆,天水,105.8614,34.5653,甘肃
2652A,监测站,武威,102.6219,37.9311,甘肃
2653A,雷台(190211停运),武威,102.6469,37.9358,甘肃
2654A,监测站,张掖,100.4686,38.9467,甘肃
2655A,科委,张掖,100.4497,38.9389,甘肃
2656A,监测站,平凉,106.6692,35.5461,甘肃
2657A,博物馆,平凉,106.7039,35.5294,甘肃
2658A,仓门街子站,酒泉,98.509,39.746,甘肃
2659A,富康家世界子站,酒泉,98.5023,39.7294,甘肃
2660A,区环保局,庆阳,107.6831,35.7289,甘肃
2661A,粮贸总公司,庆阳,107.6406,35.5236,甘肃
2662A,市环保局,庆阳,107.6364,35.7067,甘肃
2663A,监测站（原粮食局）,定西,104.6228,35.5714,甘肃
2664A,南峰招待所（原起重机厂）,定西,104.6169,35.5975,甘肃
2665A,汉王镇固水子,陇南,105.0822,33.3261,甘肃
2666A,市林业局,陇南,,,甘肃
2667A,环保局,临夏州,103.2139,35.6039,甘肃
2668A,州委党校,临夏州,103.2064,35.5997,甘肃
2669A,监测站,甘南州,102.905,35.0003,西藏
2670A,平安县,海东地区,102.1086,36.4997,青海
2671A,海晏县西海镇,海北州,100.9048,36.9639,青海
2672A,同仁县隆务镇,黄南州,102.0199,35.5102,青海
2673A,共和县恰卜恰镇,海南州,100.6188,36.2866,青海
2674A,玛沁县大武镇,果洛州,100.2561,34.4714,青海
2675A,玉树县结古镇,玉树州,97,33.0014,青海
2676A,德令哈市,海西州,97.3731,37.3753,青海
2677A,教育园区,吴忠,106.1532,37.9648,宁夏
2678A,高级中学,吴忠,106.2025,37.9844,宁夏
2679A,新区二泵站,吴忠,106.196,37.9723,宁夏
2680A,沙坡头消防站,中卫,105.0197,37.4514,宁夏
2681A,官桥站,中卫,105.18,37.0172,宁夏
2682A,环保局站,中卫,105.1971,37.5002,宁夏
2683A,马园,固原,106.2319,36.1417,宁夏
2684A,监测站,固原,106.2792,36.0022,宁夏
2685A,新区,固原,106.2375,36.0211,宁夏
2686A,市环保局,吐鲁番地区,89.191,42.9409,新疆
2687A,地区环保局,吐鲁番地区,89.1673,42.9559,新疆
2688A,地区监测站,哈密地区,93.5128,42.8172,新疆
2689A,哈密师范学校,哈密地区,93.4961,42.8328,新疆
2690A,天山天池,昌吉州,87.9897,44.1564,新疆
2691A,州监测站,昌吉州,87.2997,44.0114,新疆
2692A,新区政务中心,昌吉州,87.2717,44.0297,新疆
2693A,博乐市西郊区,博州,82.0485,44.9079,新疆
2694A,市环保局,博州,82.0806,44.8969,新疆
2695A,电视台,阿克苏地区,80.2828,41.1636,新疆
2696A,艺术中心,阿克苏地区,80.2956,41.1933,新疆
2697A,市人民政府,克州,76.1861,39.7153,新疆
2698A,巡警大队,喀什地区,75.9828,39.5371,新疆
2699A,吾办,喀什地区,75.9771,39.4699,新疆
2700A,市环境监测站,喀什地区,75.9435,39.4365,新疆
2701A,地区站,和田地区,79.9485,37.1152,新疆
2702A,古江巴格乡院内,和田地区,79.9117,37.1013,新疆
2703A,市环保局,伊犁哈萨克州,81.2815,43.9404,新疆
2704A,新政府片区,伊犁哈萨克州,81.2867,43.895,新疆
2705A,第二水厂,伊犁哈萨克州,81.3364,43.941,新疆
2706A,东门外小游园,塔城地区,82.9994,46.7432,新疆
2707A,小东沟,阿勒泰地区,88.1214,47.9047,新疆
2708A,市站,阿勒泰地区,88.1267,47.8515,新疆
2709A,艾青诗歌馆,石河子,86.0497,44.2967,新疆
2710A,阳光学校,石河子,86.0697,44.3075,新疆
2711A,农水大厦,五家渠,87.5475,44.1756,新疆
2835A,四十中小,攀枝花,101.7227,26.5670,四川
2842A,湖里中学,厦门,118.0936,24.5058,福建
2845A,德盛苑,长治,113.1569,36.1912,山西
2846A,体育西,广州,113.3208,23.1323,广东
2858A,河西一经路(启用150702),天津,117.7918,39.2474,天津
2859A,津沽路(启用150702),天津,117.3747,38.9846,天津
2860A,宾水西道(启用150702),天津,117.1589,39.0845,天津
2862A,22中南校区,石家庄,114.5480556,38.03777778,河北
2865A,榆次三中,晋中,112.7194444,37.68277778,山西
2866A,外滩首府,运城,111.0522222,35.04388889,山西
2867A,马茂庄小学,吕梁,111.1283333,37.51,山西
2868A,九站,吉林,126.4738889,43.95305556,吉林
2869A,五台山医院(启用161107),扬州,119.4580,32.41361,江苏
2870A,市疾控中心,镇江,119.4369444,32.18888889,江苏
2871A,万里国际学校,宁波,121.6147222,29.90166667,浙江
2872A,南湖区残联,嘉兴,120.7844444,30.7525,浙江
2873A,仁皇山新区,湖州,120.0875,30.89556,浙江
2874A,益益乳业工业园,淮南,117.0411667,32.64600333,安徽
2875A,阜阳职业技术学院,阜阳,115.7838889,32.88922222,安徽
2876A,幼特教师范,潍坊,119.0841,36.7339,山东
2877A,坊子邮政,潍坊,119.1638,36.6525,山东
2878A,聊大东校,聊城,116.0072,36.4343,山东
2880A,大石西路,成都,104.0238889,30.65638889,四川
2881A,凯里学院,黔东南州,107.8908333,26.53111111,贵州
2882A,玉溪一中,玉溪,102.5389,24.3702,云南
2883A,文体中心,玉溪,102.5381,24.339,云南
2884A,酒钢宾馆,嘉峪关,98.26722222,39.79777778,甘肃
2885A,滨江中学,陇南,104.9338889,33.38256667,甘肃
2897A,沈辽西路,沈阳,123.2444,41.7347,辽宁
2900A,裕农路,沈阳,123.5953,41.9086,辽宁
2902A,北辰小学,广安,106.6351,30.4865,四川
2907A,吴兴区站,湖州,120.1844,30.8596,浙江
2914A,苏山坪,巴中,106.7513889,31.87888889,四川
2915A,职业中学,巴中,106.7619444,31.85805556,四川
2916A,老干部局(停运190815),池州,117.49,30.66,安徽
2919A,河北工业大学,廊坊,116.7022,39.5453,河北
2920A,蓝田镇(启用160601),漳州,117.7116,24.5060,福建
2921A,树下王站,绍兴,120.7789,30.0033,浙江
2922A,大理道(启用160601),天津,117.1941,39.1067,天津
2923A,供排水公司(停运160601),大同,113.2803,40.1114,山西
2924A,水乡路(直管站),银川,106.2275,38.44139,宁夏
2925A,上海东路,银川,106.2739,38.4841,宁夏
2926A,文昌北街,银川,106.1024,38.49494,宁夏
2929A,红卫路,黄冈,114.8858,30.4519,湖北
2994A,武警支队,金华,119.6533,29.1128,浙江
2996A,市供电局(启用161107),宿迁,118.2830,33.9650,江苏
2997A,王营,泰州,119.8767,32.3292,江苏
2998A,胡沟管理处,连云港,119.3608,34.7519,江苏
2999A,矿山设计院,连云港,119.1478,34.5911,江苏
3000A,德源药业(直管站),连云港,119.3581,34.6972,江苏
3002A,行政中心(启用161026),常州,119.9736,31.8108,江苏
3003A,经开区(启用161026),常州,120.0469,31.7694,江苏
3004A,宝龙广场,盐城,120.1631,33.3681,江苏
3005A,鼓楼区政府,徐州,117.1814,34.29,江苏
3006A,铜山区招生办,徐州,117.1694,34.1781,江苏
3008A,胡沟管理处,连云港,119.3608,34.7519,江苏
3009A,矿山设计院,连云港,119.1478,34.5911,江苏
3010A,钟楼(启用161026),常州,119.8914,31.7897,江苏
3012A,西山林语,荆门,112.1908,31.03389,湖北
3014A,歇台子(启用161118),重庆,106.4959,29.53675,重庆
3015A,龙井湾(启用161118),重庆,106.4042,29.57278,重庆
3016A,龙洲湾(启用161119),重庆,106.5506,29.41569,重庆
3018A,唐尧大酒店(启用161122),临汾,111.505,36.10139,山西
3019A,西沙,三沙,-,-,海南
3020A,中山北路(启用161122),天津,117.2099,39.16969,天津
3021A,濮水河管理处,濮阳,115.0061,35.76806,河南
3022A,凯旋路小学,洛阳,112.4433,34.6686,河南
3025A,技师学院,清远,113.0472,23.63444,广东
3026A,市政府,潮州,116.6183,23.65889,广东
3027A,青杠林路,自贡,104.7228,29.33972,四川
3028A,檀木林体育馆,自贡,104.7778,29.36028,四川
3033A,培训基地,乌鲁木齐,87.4651,43.4569,新疆
3034A,光明街小学,乌兰察布,113.1076,41.0385,内蒙古
3035A,北滨河,兴安盟,122.0931,46.0707,内蒙古
3036A,开发区管委会,东营,118.696,37.43445,山东
3038A,州图书馆,红河州,103.3758,23.3682,云南
3039A,第一小学,三门峡,111.19,34.7822,河南
3045A,商州区中学,商洛,109.9643,33.8471,陕西
3046A,机电学校,南昌,115.9083,28.6064,江西
3048A,九龙,福州,119.5800,26.0931,福建
3051A,西四道(启用170426),天津,117.3916,39.1495,天津
3054A,市委党校,新乡,113.5922,35.28385,河南
3055A,城北区政府,西宁,101.7775,36.6428,青海
3057A,牟平检察院(启用170519),烟台,121.5992,37.4014,山东
3058A,银河街,赤峰,119.2654,42.0352,内蒙古
3059A,泰兴公司,济南,117.7181,36.2092,山东
3061A,国华电力东,呼伦贝尔,119.7512,49.1577,内蒙古
3064A,莱芜战役纪念馆,济南,117.6983,36.2211,山东
3065A,州环保局,甘孜州,101.9533,29.9972,四川
3066A,九衢泉纯净水厂,德州,116.2714,37.4372,山东
3122A,伍家关(对照点),安顺,105.9606,26.2611,贵州
3123A,凤凰山,安顺,105.9408,26.2431,贵州
3124A,金钟山,安顺,105.9439,26.2564,贵州
3125A,娄家坡,安顺,105.8983,26.2481,贵州
3128A,那曲会议中心,那曲地区,92.0506,31.4797,西藏
3129A,平安高铁新区,海东地区,102.0306,36.5067,青海
3131A,烟厂,张家口,114.8792,40.7903,河北
3132A,文明里(启用171012),秦皇岛,119.5966,39.9380,河北
3133A,上清寺(启用170928),重庆,106.5469,29.565,重庆
3134A,市一中,许昌,113.8172,34.0339,河南
3136A,龙泉驿区区政府,成都,104.2725,30.5589,四川
3137A,市委党校,眉山,103.8578,30.0744,四川
3138A,武陵区永安(启用171130),常德,111.7153,29.0289,湖南
3139A,鼎城区玉霞(启用171130),常德,111.6892,28.9881,湖南
3140A,武陵区长庚,常德,111.6625,29.0531,湖南
3141A,信访局,安阳,114.3922,36.0878,河南
3147A,龙亭公园(启用180109),开封,114.3442,34.8097,河南
3148A,区人社局,眉山,103.8286,30.0561,四川
3149A,笔架山北路,黄石,115.0158,30.1594,湖北
3151A,宜春学院北校区（181229启用）,宜春,114.375,27.8097,江西
3153A,民族大道182号,武汉,114.3877,30.4908,湖北
3164A,广陵建设局(启用180626),扬州,119.4686,32.3942,江苏
3165A,两寺渡,咸阳,108.6594,34.2969,陕西
3169A,太极体育中心,焦作,113.2725,35.2067,河南
3170A,市委党校(启用180727),金昌,102.1864,38.5253,甘肃
3171A,梁园区档案局(20190220启用),商丘,115.6125,34.445,河南
3173A,市人大(启用180816),安庆,117.0594,30.5342,安徽
3178A,潍坊七中,潍坊,119.0586,36.7225,山东
3179A,官渡区博物馆（180930启用）,昆明,102.749,25.0119,云南
3180A,质量技术监督局（20180930启用）,迪庆州,99.7136,27.8094,云南
3182A,丽阳花园,巴中,106.7658,31.8542,四川
3183A,圣泉水务公司,巴中,106.7417,31.8653,四川
3184A,市委党校,哈尔滨,126.6203,45.7219,黑龙江
3185A,巨轮,太原,112.5628,37.8964,山西
3186A,教育港（20181115启用）,兰州,103.7583,36.1058,甘肃
3187A,远航博物馆(181204启用),宿州,116.9510,33.6660,安徽
3188A,市城管局(181124启用),衡水,115.6689,37.739,河北
3190A,外国语学校（20181128启用）,九江,116.0257,29.6995,江西
3191A,宿豫区政府(181206启用),宿迁,118.3225,33.9447,江苏
3194A,管委会(启用181220),荆州,112.2747,30.3122,湖北
3195A,市体育局（181219启用）,扬州,119.3633,32.3972,江苏
3200A,监控中心(20190222启用),聊城,115.9819,36.4978,山东
3201A,东关招商场(190211启用),武威,102.6486,37.9325,甘肃
3204A,规划局(20190304启用),平顶山,113.3025,33.7297,河南
3206A,新钢沁园村(20190301启用),新余,114.9149,27.8070,江西
3207A,市政府原办公楼(190307启用),滁州,118.3117,32.3039,安徽
3207A,市政府原办公楼(20190308启用),滁州,118.3117,32.3039,安徽
3208A,市政府(20190313启用),忻州,112.7283,38.4153,山西
3209A,宁德一中(20190319启用),宁德,119.5228,26.6564,福建
3210A,汴京公园(20190322启用),开封,114.3644,34.7964,河南
3216A,漳州党校(20190503启用),漳州,114.6622,24.5183,福建
3237A,展览馆(190815启用),池州,117.4916,30.6619,安徽
3238A,济民医院(对照点190815启用),芜湖,118.3954,31.3946,安徽
3239A,银鹰制药(20190903启用),辽源,125.0829,42.9079,吉林
3662A,富区青少年活动中心(启用191231),齐齐哈尔,123.6333,47.2075,黑龙江
3663A,红旗社区(启用191231),大兴安岭地区,124.1175,50.4278,黑龙江
