日期,省级,,面积,人口,确诊,疑似,治愈,死亡,现存确诊
2020-02-19,日本,,-1,-1,84,0,12,1,71
2020-02-19,韩国,,-1,-1,51,0,16,0,35
2020-02-19,安徽,,13.352554087613001,5949.999999999999,986,0,413,6,567
2020-02-19,湖北,,17.5587617759675,5723.77,61682,0,9336,1921,50425
2020-02-19,四川,,45.723819751963006,8041.829999999999,514,0,188,3,323
2020-02-19,甘肃,,43.62062148879054,2557.53,91,0,65,2,24
2020-02-19,河北,,19.945148081317488,7185.43,306,0,152,4,150
2020-02-19,山西,,15.996141343367011,3571.23,131,0,63,0,68
2020-02-19,天津,,1.2601887440589987,1293.82,130,0,54,3,73
2020-02-19,新加坡,,-1,-1,84,0,34,0,50
2020-02-19,钻石公主号邮轮,,-1,-1,621,0,0,0,621
2020-02-19,河南,,16.141830600971495,9402.369999999997,1262,0,573,19,670
2020-02-19,江苏,,10.25282570820451,7866.000000000001,631,0,318,0,313
2020-02-19,香港,,0.2318597904440132,739.0,63,0,5,2,56
2020-02-19,山东,,16.907928425625506,9579.3,544,0,231,3,310
2020-02-19,福建,,12.243843456180494,3689.41,293,0,112,0,181
2020-02-19,浙江,,11.981979841601506,5442.700000000002,1174,0,604,0,570
2020-02-19,湖南,,19.36597052422902,6568.3600000000015,1008,0,561,4,443
2020-02-19,黑龙江,,54.46378289411001,3831.219999999999,470,0,120,12,338
2020-02-19,内蒙古,,129.59443898197404,2470.640000000001,75,0,10,0,65
2020-02-19,贵州,,15.98774554200051,3474.6600000000008,146,0,70,2,74
2020-02-19,广东,,17.623086185395504,10430.29,1331,0,606,5,720
2020-02-19,陕西,,20.356404281047496,3732.72,242,0,102,0,140
2020-02-19,马来西亚,,-1,-1,22,0,15,0,7
2020-02-19,尼泊尔,,-1,-1,1,0,1,0,0
2020-02-19,斯里兰卡,,-1,-1,1,0,1,0,0
2020-02-19,西班牙,,-1,-1,2,0,2,0,0
2020-02-19,海南,,3.4339868098500084,867.21,163,0,84,4,75
2020-02-19,广西,,21.184350467812,4602.669999999999,244,0,86,2,156
2020-02-19,台湾,,3.186529964356004,2274.0,23,0,2,1,20
2020-02-19,新疆,,174.73873049803748,2219.3499999999995,76,0,20,1,55
2020-02-19,吉林,,21.318763727273996,2746.23,90,0,37,1,52
2020-02-19,云南,,34.276847991411515,4596.5999999999985,173,0,60,1,112
2020-02-19,泰国,,-1,-1,35,0,15,0,20
2020-02-19,上海,,0.8780426080414991,2301.91,333,0,186,2,145
2020-02-19,青海,,69.29584200680502,562.66,18,0,16,0,2
2020-02-19,北京,,1.7347041510244987,1961.2,393,0,147,4,242
2020-02-19,宁夏,,5.231898559560495,630.14,71,0,42,0,29
2020-02-19,辽宁,,17.002514162973,4374.619999999999,121,0,55,1,65
2020-02-19,江西,,15.266293405413506,4456.749999999999,934,0,362,1,571
2020-02-19,法国,,-1,-1,12,0,4,1,7
2020-02-19,澳大利亚,,-1,-1,15,0,10,0,5
2020-02-19,阿联酋,,-1,-1,9,0,4,0,5
2020-02-19,英国,,-1,-1,9,0,8,0,1
2020-02-19,印度,,-1,-1,3,0,3,0,0
2020-02-19,比利时,,-1,-1,1,0,1,0,0
2020-02-19,重庆,,7.708797246292492,2884.62,555,0,254,5,296
2020-02-19,俄罗斯,,-1,-1,2,0,2,0,0
2020-02-19,加拿大,,-1,-1,8,0,2,0,6
2020-02-19,德国,,-1,-1,16,0,1,0,15
2020-02-19,意大利,,-1,-1,3,0,0,0,3
2020-02-19,柬埔寨,,-1,-1,1,0,1,0,0
2020-02-19,澳门,,0.0007793272830000177,62.0,10,0,5,0,5
2020-02-19,瑞典,,-1,-1,1,0,0,0,1
2020-02-19,美国,,-1,-1,15,0,3,0,12
2020-02-19,芬兰,,-1,-1,1,0,1,0,0
2020-02-19,菲律宾,,-1,-1,3,0,1,1,1
2020-02-19,西藏,,114.28807021034801,300.22,1,0,1,0,0
2020-02-19,越南,,-1,-1,16,0,7,0,9
2020-02-20,湖北,,17.5587617759675,5723.77,62031,0,10521,2029,49481
2020-02-20,甘肃,,43.62062148879054,2557.53,91,0,71,2,18
2020-02-20,河南,,16.141830600971495,9402.369999999997,1265,0,637,19,609
2020-02-20,新疆,,174.73873049803748,2219.3499999999995,76,0,22,1,53
2020-02-20,天津,,1.2601887440589987,1293.82,131,0,59,3,69
2020-02-20,江苏,,10.25282570820451,7866.000000000001,631,0,356,0,275
2020-02-20,内蒙古,,129.59443898197404,2470.640000000001,75,0,16,0,59
2020-02-20,福建,,12.243843456180494,3689.41,293,0,126,1,166
2020-02-20,钻石公主号邮轮,,-1,-1,634,0,0,2,632
2020-02-20,广东,,17.623086185395504,10430.29,1332,0,642,5,685
2020-02-20,浙江,,11.981979841601506,5442.700000000002,1175,0,633,1,541
2020-02-20,湖南,,19.36597052422902,6568.3600000000015,1010,0,634,4,372
2020-02-20,山东,,16.907928425625506,9579.3,546,0,254,4,288
2020-02-20,河北,,19.945148081317488,7185.43,307,0,169,5,133
2020-02-20,韩国,,-1,-1,104,0,16,1,87
2020-02-20,伊朗,,-1,-1,2,0,0,2,0
2020-02-20,海南,,3.4339868098500084,867.21,168,0,86,4,78
2020-02-20,安徽,,13.352554087613001,5949.999999999999,987,0,474,6,507
2020-02-20,四川,,45.723819751963006,8041.829999999999,520,0,217,3,300
2020-02-20,陕西,,20.356404281047496,3732.72,245,0,118,1,126
2020-02-20,香港,,0.2318597904440132,739.0,67,0,6,2,59
2020-02-20,黑龙江,,54.46378289411001,3831.219999999999,476,0,136,12,328
2020-02-20,广西,,21.184350467812,4602.669999999999,245,0,90,2,153
2020-02-20,贵州,,15.98774554200051,3474.6600000000008,146,0,72,2,72
2020-02-20,吉林,,21.318763727273996,2746.23,91,0,43,1,47
2020-02-20,山西,,15.996141343367011,3571.23,131,0,73,0,58
2020-02-20,辽宁,,17.002514162973,4374.619999999999,121,0,59,1,61
2020-02-20,上海,,0.8780426080414991,2301.91,334,0,199,2,133
2020-02-20,云南,,34.276847991411515,4596.5999999999985,173,0,79,1,93
2020-02-20,江西,,15.266293405413506,4456.749999999999,934,0,433,1,500
2020-02-20,宁夏,,5.231898559560495,630.14,71,0,44,0,27
2020-02-20,日本,,-1,-1,84,0,12,1,71
2020-02-20,新加坡,,-1,-1,84,0,34,0,50
2020-02-20,马来西亚,,-1,-1,22,0,15,0,7
2020-02-20,尼泊尔,,-1,-1,1,0,1,0,0
2020-02-20,斯里兰卡,,-1,-1,1,0,1,0,0
2020-02-20,西班牙,,-1,-1,2,0,2,0,0
2020-02-20,台湾,,3.186529964356004,2274.0,24,0,2,1,21
2020-02-20,澳门,,0.0007793272830000177,62.0,10,0,6,0,4
2020-02-20,北京,,1.7347041510244987,1961.2,395,0,153,4,238
2020-02-20,泰国,,-1,-1,35,0,15,0,20
2020-02-20,德国,,-1,-1,16,0,1,0,15
2020-02-20,美国,,-1,-1,15,0,3,0,12
2020-02-20,越南,,-1,-1,16,0,7,0,9
2020-02-20,法国,,-1,-1,12,0,4,1,7
2020-02-20,加拿大,,-1,-1,8,0,2,0,6
2020-02-20,澳大利亚,,-1,-1,15,0,10,0,5
2020-02-20,阿联酋,,-1,-1,9,0,4,0,5
2020-02-20,英国,,-1,-1,9,0,8,0,1
2020-02-20,埃及,,-1,-1,1,0,0,0,1
2020-02-20,印度,,-1,-1,3,0,3,0,0
2020-02-20,俄罗斯,,-1,-1,2,0,2,0,0
2020-02-20,比利时,,-1,-1,1,0,1,0,0
2020-02-20,重庆,,7.708797246292492,2884.62,560,0,274,5,281
2020-02-20,意大利,,-1,-1,3,0,0,0,3
2020-02-20,柬埔寨,,-1,-1,1,0,1,0,0
2020-02-20,瑞典,,-1,-1,1,0,0,0,1
2020-02-20,芬兰,,-1,-1,1,0,1,0,0
2020-02-20,菲律宾,,-1,-1,3,0,1,1,1
2020-02-20,西藏,,114.28807021034801,300.22,1,0,1,0,0
2020-02-20,青海,,69.29584200680502,562.66,18,0,16,0,2
2020-02-21,湖南,,19.36597052422902,6568.3600000000015,1011,0,661,4,346
2020-02-21,甘肃,,43.62062148879054,2557.53,91,0,76,2,13
2020-02-21,新疆,,174.73873049803748,2219.3499999999995,76,0,24,1,51
2020-02-21,河南,,16.141830600971495,9402.369999999997,1267,0,736,19,512
2020-02-21,韩国,,-1,-1,204,0,16,2,186
2020-02-21,日本,,-1,-1,105,0,22,1,82
2020-02-21,伊朗,,-1,-1,18,0,0,4,14
2020-02-21,湖北,,17.5587617759675,5723.77,62662,0,11881,2144,48637
2020-02-21,四川,,45.723819751963006,8041.829999999999,525,0,231,3,291
2020-02-21,河北,,19.945148081317488,7185.43,308,0,184,5,119
2020-02-21,贵州,,15.98774554200051,3474.6600000000008,146,0,77,2,67
2020-02-21,天津,,1.2601887440589987,1293.82,132,0,62,3,67
2020-02-21,黑龙江,,54.46378289411001,3831.219999999999,479,0,175,12,292
2020-02-21,江苏,,10.25282570820451,7866.000000000001,631,0,373,0,258
2020-02-21,广西,,21.184350467812,4602.669999999999,246,0,97,2,147
2020-02-21,福建,,12.243843456180494,3689.41,293,0,149,1,143
2020-02-21,陕西,,20.356404281047496,3732.72,245,0,134,1,110
2020-02-21,澳大利亚,,-1,-1,17,0,11,0,6
2020-02-21,浙江,,11.981979841601506,5442.700000000002,1203,0,679,1,523
2020-02-21,山东,,16.907928425625506,9579.3,749,0,281,4,464
2020-02-21,广东,,17.623086185395504,10430.29,1333,0,690,5,638
2020-02-21,安徽,,13.352554087613001,5949.999999999999,988,0,539,6,443
2020-02-21,海南,,3.4339868098500084,867.21,168,0,95,4,69
2020-02-21,吉林,,21.318763727273996,2746.23,91,0,45,1,45
2020-02-21,新加坡,,-1,-1,85,0,37,0,48
2020-02-21,泰国,,-1,-1,35,0,17,0,18
2020-02-21,德国,,-1,-1,16,0,7,0,9
2020-02-21,越南,,-1,-1,16,0,14,0,2
2020-02-21,内蒙古,,129.59443898197404,2470.640000000001,75,0,17,0,58
2020-02-21,台湾,,3.186529964356004,2274.0,26,0,2,1,23
2020-02-21,宁夏,,5.231898559560495,630.14,71,0,48,0,23
2020-02-21,云南,,34.276847991411515,4596.5999999999985,174,0,96,2,76
2020-02-21,上海,,0.8780426080414991,2301.91,334,0,211,2,121
2020-02-21,钻石公主号邮轮,,-1,-1,634,0,0,2,632
2020-02-21,青海,,69.29584200680502,562.66,18,0,18,0,0
2020-02-21,马来西亚,,-1,-1,22,0,15,0,7
2020-02-21,尼泊尔,,-1,-1,1,0,1,0,0
2020-02-21,斯里兰卡,,-1,-1,1,0,1,0,0
2020-02-21,西班牙,,-1,-1,2,0,2,0,0
2020-02-21,香港,,0.2318597904440132,739.0,68,0,5,2,61
2020-02-21,辽宁,,17.002514162973,4374.619999999999,121,0,61,1,59
2020-02-21,江西,,15.266293405413506,4456.749999999999,934,0,489,1,444
2020-02-21,北京,,1.7347041510244987,1961.2,396,0,169,4,223
2020-02-21,重庆,,7.708797246292492,2884.62,567,0,299,6,262
2020-02-21,山西,,15.996141343367011,3571.23,132,0,76,0,56
2020-02-21,俄罗斯,,-1,-1,2,0,2,0,0
2020-02-21,加拿大,,-1,-1,8,0,2,0,6
2020-02-21,印度,,-1,-1,3,0,3,0,0
2020-02-21,意大利,,-1,-1,3,0,0,0,3
2020-02-21,柬埔寨,,-1,-1,1,0,1,0,0
2020-02-21,比利时,,-1,-1,1,0,1,0,0
2020-02-21,法国,,-1,-1,12,0,4,1,7
2020-02-21,澳门,,0.0007793272830000177,62.0,10,0,6,0,4
2020-02-21,瑞典,,-1,-1,1,0,0,0,1
2020-02-21,美国,,-1,-1,15,0,3,0,12
2020-02-21,芬兰,,-1,-1,1,0,1,0,0
2020-02-21,英国,,-1,-1,9,0,8,0,1
2020-02-21,菲律宾,,-1,-1,3,0,1,1,1
2020-02-21,西藏,,114.28807021034801,300.22,1,0,1,0,0
2020-02-21,阿联酋,,-1,-1,9,0,4,0,5
2020-02-22,澳大利亚,,-1,-1,21,0,11,0,10
2020-02-22,意大利,,-1,-1,20,0,0,2,18
2020-02-22,以色列,,-1,-1,1,0,0,0,1
2020-02-22,黎巴嫩,,-1,-1,1,0,0,0,1
2020-02-22,日本,,-1,-1,122,0,22,1,99
2020-02-22,美国,,-1,-1,35,0,3,0,32
2020-02-22,阿联酋,,-1,-1,13,0,4,0,9
2020-02-22,河南,,16.141830600971495,9402.369999999997,1270,0,830,19,421
2020-02-22,福建,,12.243843456180494,3689.41,293,0,162,1,130
2020-02-22,内蒙古,,129.59443898197404,2470.640000000001,75,0,23,0,52
2020-02-22,香港,,0.2318597904440132,739.0,69,0,6,2,61
2020-02-22,湖北,,17.5587617759675,5723.77,63454,0,13690,2250,47514
2020-02-22,四川,,45.723819751963006,8041.829999999999,526,0,250,3,273
2020-02-22,河北,,19.945148081317488,7185.43,309,0,203,6,100
2020-02-22,天津,,1.2601887440589987,1293.82,135,0,65,3,67
2020-02-22,吉林,,21.318763727273996,2746.23,91,0,52,1,38
2020-02-22,浙江,,11.981979841601506,5442.700000000002,1205,0,719,1,485
2020-02-22,黑龙江,,54.46378289411001,3831.219999999999,479,0,204,12,263
2020-02-22,新疆,,174.73873049803748,2219.3499999999995,76,0,25,2,49
2020-02-22,韩国,,-1,-1,433,0,16,2,415
2020-02-22,伊朗,,-1,-1,28,0,0,5,23
2020-02-22,广东,,17.623086185395504,10430.29,1339,0,728,5,606
2020-02-22,湖南,,19.36597052422902,6568.3600000000015,1013,0,692,4,317
2020-02-22,海南,,3.4339868098500084,867.21,168,0,104,4,60
2020-02-22,陕西,,20.356404281047496,3732.72,245,0,149,1,95
2020-02-22,山东,,16.907928425625506,9579.3,750,0,302,4,444
2020-02-22,山西,,15.996141343367011,3571.23,132,0,79,0,53
2020-02-22,安徽,,13.352554087613001,5949.999999999999,989,0,597,6,386
2020-02-22,江苏,,10.25282570820451,7866.000000000001,631,0,401,0,230
2020-02-22,上海,,0.8780426080414991,2301.91,335,0,227,3,105
2020-02-22,江西,,15.266293405413506,4456.749999999999,934,0,555,1,378
2020-02-22,广西,,21.184350467812,4602.669999999999,249,0,104,2,143
2020-02-22,云南,,34.276847991411515,4596.5999999999985,174,0,107,2,65
2020-02-22,钻石公主号邮轮,,-1,-1,634,0,0,2,632
2020-02-22,新加坡,,-1,-1,85,0,37,0,48
2020-02-22,泰国,,-1,-1,35,0,17,0,18
2020-02-22,德国,,-1,-1,16,0,7,0,9
2020-02-22,越南,,-1,-1,16,0,14,0,2
2020-02-22,辽宁,,17.002514162973,4374.619999999999,121,0,66,1,54
2020-02-22,北京,,1.7347041510244987,1961.2,399,0,178,4,217
2020-02-22,贵州,,15.98774554200051,3474.6600000000008,146,0,90,2,54
2020-02-22,马来西亚,,-1,-1,22,0,15,0,7
2020-02-22,尼泊尔,,-1,-1,1,0,1,0,0
2020-02-22,斯里兰卡,,-1,-1,1,0,1,0,0
2020-02-22,西班牙,,-1,-1,2,0,2,0,0
2020-02-22,重庆,,7.708797246292492,2884.62,572,0,316,6,250
2020-02-22,俄罗斯,,-1,-1,2,0,2,0,0
2020-02-22,加拿大,,-1,-1,8,0,2,0,6
2020-02-22,印度,,-1,-1,3,0,3,0,0
2020-02-22,台湾,,3.186529964356004,2274.0,26,0,2,1,23
2020-02-22,宁夏,,5.231898559560495,630.14,71,0,48,0,23
2020-02-22,柬埔寨,,-1,-1,1,0,1,0,0
2020-02-22,比利时,,-1,-1,1,0,1,0,0
2020-02-22,法国,,-1,-1,12,0,4,1,7
2020-02-22,澳门,,0.0007793272830000177,62.0,10,0,6,0,4
2020-02-22,瑞典,,-1,-1,1,0,0,0,1
2020-02-22,芬兰,,-1,-1,1,0,1,0,0
2020-02-22,英国,,-1,-1,9,0,8,0,1
2020-02-22,菲律宾,,-1,-1,3,0,1,1,1
2020-02-22,西藏,,114.28807021034801,300.22,1,0,1,0,0
2020-02-22,青海,,69.29584200680502,562.66,18,0,18,0,0
2020-02-23,意大利,,-1,-1,117,0,1,2,114
2020-02-23,钻石公主号邮轮,,-1,-1,691,0,0,3,688
2020-02-23,新加坡,,-1,-1,89,0,51,0,38
2020-02-23,伊朗,,-1,-1,43,0,0,8,35
2020-02-23,泰国,,-1,-1,35,0,21,0,14
2020-02-23,新疆,,174.73873049803748,2219.3499999999995,76,0,28,2,46
2020-02-23,黑龙江,,54.46378289411001,3831.219999999999,480,0,222,12,246
2020-02-23,韩国,,-1,-1,602,0,16,6,580
2020-02-23,伊拉克,,-1,-1,1,0,0,0,1
2020-02-23,辽宁,,17.002514162973,4374.619999999999,121,0,73,1,47
2020-02-23,甘肃,,43.62062148879054,2557.53,91,0,78,2,11
2020-02-23,天津,,1.2601887440589987,1293.82,135,0,81,3,51
2020-02-23,贵州,,15.98774554200051,3474.6600000000008,146,0,102,2,42
2020-02-23,吉林,,21.318763727273996,2746.23,91,0,54,1,36
2020-02-23,湖北,,17.5587617759675,5723.77,64084,0,15343,2346,46395
2020-02-23,浙江,,11.981979841601506,5442.700000000002,1205,0,760,1,444
2020-02-23,陕西,,20.356404281047496,3732.72,245,0,163,1,81
2020-02-23,山东,,16.907928425625506,9579.3,754,0,321,4,429
2020-02-23,河北,,19.945148081317488,7185.43,311,0,219,6,86
2020-02-23,山西,,15.996141343367011,3571.23,132,0,89,0,43
2020-02-23,广东,,17.623086185395504,10430.29,1342,0,755,6,581
2020-02-23,河南,,16.141830600971495,9402.369999999997,1271,0,868,19,384
2020-02-23,安徽,,13.352554087613001,5949.999999999999,989,0,637,6,346
2020-02-23,江西,,15.266293405413506,4456.749999999999,934,0,613,1,320
2020-02-23,湖南,,19.36597052422902,6568.3600000000015,1016,0,714,4,298
2020-02-23,四川,,45.723819751963006,8041.829999999999,526,0,261,3,262
2020-02-23,重庆,,7.708797246292492,2884.62,573,0,328,6,239
2020-02-23,江苏,,10.25282570820451,7866.000000000001,631,0,418,0,213
2020-02-23,北京,,1.7347041510244987,1961.2,399,0,189,4,206
2020-02-23,广西,,21.184350467812,4602.669999999999,249,0,106,2,141
2020-02-23,福建,,12.243843456180494,3689.41,293,0,170,1,122
2020-02-23,上海,,0.8780426080414991,2301.91,335,0,249,3,83
2020-02-23,香港,,0.2318597904440132,739.0,74,0,11,2,61
2020-02-23,海南,,3.4339868098500084,867.21,168,0,106,4,58
2020-02-23,云南,,34.276847991411515,4596.5999999999985,174,0,115,2,57
2020-02-23,内蒙古,,129.59443898197404,2470.640000000001,75,0,27,0,48
2020-02-23,台湾,,3.186529964356004,2274.0,28,0,2,1,25
2020-02-23,宁夏,,5.231898559560495,630.14,71,0,56,0,15
2020-02-23,澳门,,0.0007793272830000177,62.0,10,0,6,0,4
2020-02-23,青海,,69.29584200680502,562.66,18,0,18,0,0
2020-02-23,西藏,,114.28807021034801,300.22,1,0,1,0,0
2020-02-23,日本,,-1,-1,135,0,22,1,112
2020-02-23,美国,,-1,-1,35,0,3,0,32
2020-02-23,澳大利亚,,-1,-1,21,0,11,0,10
2020-02-23,阿联酋,,-1,-1,13,0,4,0,9
2020-02-23,以色列,,-1,-1,1,0,0,0,1
2020-02-23,黎巴嫩,,-1,-1,1,0,0,0,1
2020-02-23,德国,,-1,-1,16,0,7,0,9
2020-02-23,越南,,-1,-1,16,0,14,0,2
2020-02-23,俄罗斯,,-1,-1,2,0,2,0,0
2020-02-23,加拿大,,-1,-1,8,0,2,0,6
2020-02-23,印度,,-1,-1,3,0,3,0,0
2020-02-23,尼泊尔,,-1,-1,1,0,1,0,0
2020-02-23,斯里兰卡,,-1,-1,1,0,1,0,0
2020-02-23,柬埔寨,,-1,-1,1,0,1,0,0
2020-02-23,比利时,,-1,-1,1,0,1,0,0
2020-02-23,法国,,-1,-1,12,0,4,1,7
2020-02-23,瑞典,,-1,-1,1,0,0,0,1
2020-02-23,芬兰,,-1,-1,1,0,1,0,0
2020-02-23,英国,,-1,-1,9,0,8,0,1
2020-02-23,菲律宾,,-1,-1,3,0,1,1,1
2020-02-23,西班牙,,-1,-1,2,0,2,0,0
2020-02-23,马来西亚,,-1,-1,22,0,15,0,7
2020-02-24,甘肃,,43.62062148879054,2557.53,91,0,80,2,9
2020-02-24,意大利,,-1,-1,230,0,2,6,222
2020-02-24,天津,,1.2601887440589987,1293.82,135,0,87,3,45
2020-02-24,新疆,,174.73873049803748,2219.3499999999995,76,0,30,2,44
2020-02-24,山西,,15.996141343367011,3571.23,132,0,91,0,41
2020-02-24,内蒙古,,129.59443898197404,2470.640000000001,75,0,34,0,41
2020-02-24,黑龙江,,54.46378289411001,3831.219999999999,480,0,227,12,241
2020-02-24,江苏,,10.25282570820451,7866.000000000001,631,0,452,0,179
2020-02-24,陕西,,20.356404281047496,3732.72,245,0,173,1,71
2020-02-24,海南,,3.4339868098500084,867.21,168,0,116,5,47
2020-02-24,澳大利亚,,-1,-1,22,0,10,0,12
2020-02-24,日本,,-1,-1,159,0,22,1,136
2020-02-24,阿富汗,,-1,-1,1,0,0,0,1
2020-02-24,湖南,,19.36597052422902,6568.3600000000015,1016,0,731,4,281
2020-02-24,四川,,45.723819751963006,8041.829999999999,527,0,276,3,248
2020-02-24,河北,,19.945148081317488,7185.43,311,0,234,6,71
2020-02-24,河南,,16.141830600971495,9402.369999999997,1271,0,943,19,309
2020-02-24,马来西亚,,-1,-1,22,0,18,0,4
2020-02-24,香港,,0.2318597904440132,739.0,79,0,19,2,58
2020-02-24,湖北,,17.5587617759675,5723.77,64287,0,16748,2495,45044
2020-02-24,伊朗,,-1,-1,61,0,0,12,49
2020-02-24,韩国,,-1,-1,833,0,18,8,807
2020-02-24,加拿大,,-1,-1,10,0,3,0,7
2020-02-24,英国,,-1,-1,13,0,8,0,5
2020-02-24,以色列,,-1,-1,2,0,0,0,2
2020-02-24,科威特,,-1,-1,1,0,0,0,1
2020-02-24,巴林,,-1,-1,1,0,0,0,1
2020-02-24,山东,,16.907928425625506,9579.3,755,0,343,5,407
2020-02-24,广东,,17.623086185395504,10430.29,1345,0,786,6,553
2020-02-24,福建,,12.243843456180494,3689.41,293,0,183,1,109
2020-02-24,台湾,,3.186529964356004,2274.0,30,0,5,1,24
2020-02-24,浙江,,11.981979841601506,5442.700000000002,1205,0,782,1,422
2020-02-24,安徽,,13.352554087613001,5949.999999999999,989,0,663,6,320
2020-02-24,云南,,34.276847991411515,4596.5999999999985,174,0,128,2,44
2020-02-24,吉林,,21.318763727273996,2746.23,93,0,60,1,32
2020-02-24,上海,,0.8780426080414991,2301.91,335,0,261,3,71
2020-02-24,广西,,21.184350467812,4602.669999999999,251,0,112,2,137
2020-02-24,辽宁,,17.002514162973,4374.619999999999,121,0,80,1,40
2020-02-24,宁夏,,5.231898559560495,630.14,71,0,58,0,13
2020-02-24,钻石公主号邮轮,,-1,-1,691,0,0,3,688
2020-02-24,新加坡,,-1,-1,89,0,51,0,38
2020-02-24,美国,,-1,-1,35,0,3,0,32
2020-02-24,泰国,,-1,-1,35,0,21,0,14
2020-02-24,阿联酋,,-1,-1,13,0,4,0,9
2020-02-24,德国,,-1,-1,16,0,14,0,2
2020-02-24,黎巴嫩,,-1,-1,1,0,0,0,1
2020-02-24,伊拉克,,-1,-1,1,0,0,0,1
2020-02-24,江西,,15.266293405413506,4456.749999999999,934,0,645,1,288
2020-02-24,北京,,1.7347041510244987,1961.2,399,0,198,4,197
2020-02-24,重庆,,7.708797246292492,2884.62,575,0,335,6,234
2020-02-24,俄罗斯,,-1,-1,2,0,2,0,0
2020-02-24,印度,,-1,-1,3,0,3,0,0
2020-02-24,尼泊尔,,-1,-1,1,0,1,0,0
2020-02-24,斯里兰卡,,-1,-1,1,0,1,0,0
2020-02-24,柬埔寨,,-1,-1,1,0,1,0,0
2020-02-24,比利时,,-1,-1,1,0,1,0,0
2020-02-24,法国,,-1,-1,12,0,4,1,7
2020-02-24,澳门,,0.0007793272830000177,62.0,10,0,6,0,4
2020-02-24,瑞典,,-1,-1,1,0,0,0,1
2020-02-24,芬兰,,-1,-1,1,0,1,0,0
2020-02-24,菲律宾,,-1,-1,3,0,1,1,1
2020-02-24,西班牙,,-1,-1,2,0,2,0,0
2020-02-24,西藏,,114.28807021034801,300.22,1,0,1,0,0
2020-02-24,贵州,,15.98774554200051,3474.6600000000008,146,0,102,2,42
2020-02-24,越南,,-1,-1,16,0,14,0,2
2020-02-24,青海,,69.29584200680502,562.66,18,0,18,0,0
2020-02-25,湖北,,17.5587617759675,5723.77,64786,0,18971,2563,43252
2020-02-25,黑龙江,,54.46378289411001,3831.219999999999,480,0,243,12,225
2020-02-25,陕西,,20.356404281047496,3732.72,245,0,186,1,58
2020-02-25,天津,,1.2601887440589987,1293.82,135,0,91,3,41
2020-02-25,吉林,,21.318763727273996,2746.23,93,0,63,1,29
2020-02-25,澳门,,0.0007793272830000177,62.0,10,0,7,0,3
2020-02-25,江西,,15.266293405413506,4456.749999999999,934,0,683,1,250
2020-02-25,湖南,,19.36597052422902,6568.3600000000015,1016,0,768,4,244
2020-02-25,四川,,45.723819751963006,8041.829999999999,529,0,289,3,237
2020-02-25,意大利,,-1,-1,283,0,1,7,275
2020-02-25,日本,,-1,-1,170,0,22,1,147
2020-02-25,伊朗,,-1,-1,95,0,0,16,79
2020-02-25,克罗地亚,,-1,-1,1,0,0,0,1
2020-02-25,山东,,16.907928425625506,9579.3,756,0,355,6,395
2020-02-25,海南,,3.4339868098500084,867.21,168,0,124,5,39
2020-02-25,河北,,19.945148081317488,7185.43,311,0,248,6,57
2020-02-25,河南,,16.141830600971495,9402.369999999997,1271,0,1002,19,250
2020-02-25,韩国,,-1,-1,977,0,22,10,945
2020-02-25,泰国,,-1,-1,37,0,22,0,15
2020-02-25,科威特,,-1,-1,8,0,0,0,8
2020-02-25,巴林,,-1,-1,8,0,0,0,8
2020-02-25,法国,,-1,-1,12,0,11,1,0
2020-02-25,越南,,-1,-1,16,0,16,0,0
2020-02-25,广西,,21.184350467812,4602.669999999999,252,0,134,2,116
2020-02-25,福建,,12.243843456180494,3689.41,294,0,199,1,94
2020-02-25,香港,,0.2318597904440132,739.0,84,0,19,2,63
2020-02-25,浙江,,11.981979841601506,5442.700000000002,1205,0,808,1,396
2020-02-25,以色列,,-1,-1,6,0,0,0,6
2020-02-25,广东,,17.623086185395504,10430.29,1347,0,822,7,518
2020-02-25,贵州,,15.98774554200051,3474.6600000000008,146,0,104,2,40
2020-02-25,台湾,,3.186529964356004,2274.0,31,0,5,1,25
2020-02-25,安徽,,13.352554087613001,5949.999999999999,989,0,712,6,271
2020-02-25,上海,,0.8780426080414991,2301.91,336,0,268,3,65
2020-02-25,云南,,34.276847991411515,4596.5999999999985,174,0,129,2,43
2020-02-25,山西,,15.996141343367011,3571.23,133,0,96,0,37
2020-02-25,美国,,-1,-1,53,0,3,0,50
2020-02-25,新加坡,,-1,-1,90,0,53,0,37
2020-02-25,澳大利亚,,-1,-1,22,0,15,0,7
2020-02-25,加拿大,,-1,-1,11,0,4,0,7
2020-02-25,英国,,-1,-1,13,0,8,0,5
2020-02-25,马来西亚,,-1,-1,22,0,18,0,4
2020-02-25,德国,,-1,-1,16,0,14,0,2
2020-02-25,阿曼,,-1,-1,2,0,0,0,2
2020-02-25,西班牙,,-1,-1,3,0,2,0,1
2020-02-25,阿富汗,,-1,-1,1,0,0,0,1
2020-02-25,宁夏,,5.231898559560495,630.14,71,0,61,0,10
2020-02-25,北京,,1.7347041510244987,1961.2,400,0,215,4,181
2020-02-25,江苏,,10.25282570820451,7866.000000000001,631,0,458,0,173
2020-02-25,辽宁,,17.002514162973,4374.619999999999,121,0,83,1,37
2020-02-25,重庆,,7.708797246292492,2884.62,576,0,349,6,221
2020-02-25,钻石公主号邮轮,,-1,-1,691,0,0,3,688
2020-02-25,阿联酋,,-1,-1,13,0,4,0,9
2020-02-25,黎巴嫩,,-1,-1,1,0,0,0,1
2020-02-25,伊拉克,,-1,-1,1,0,0,0,1
2020-02-25,俄罗斯,,-1,-1,2,0,2,0,0
2020-02-25,内蒙古,,129.59443898197404,2470.640000000001,75,0,34,0,41
2020-02-25,印度,,-1,-1,3,0,3,0,0
2020-02-25,尼泊尔,,-1,-1,1,0,1,0,0
2020-02-25,斯里兰卡,,-1,-1,1,0,1,0,0
2020-02-25,新疆,,174.73873049803748,2219.3499999999995,76,0,30,2,44
2020-02-25,柬埔寨,,-1,-1,1,0,1,0,0
2020-02-25,比利时,,-1,-1,1,0,1,0,0
2020-02-25,瑞典,,-1,-1,1,0,0,0,1
2020-02-25,芬兰,,-1,-1,1,0,1,0,0
2020-02-25,菲律宾,,-1,-1,3,0,1,1,1
2020-02-25,西藏,,114.28807021034801,300.22,1,0,1,0,0
2020-02-25,青海,,69.29584200680502,562.66,18,0,18,0,0
2020-02-26,内蒙古,,129.59443898197404,2470.640000000001,75,0,38,0,37
2020-02-26,新加坡,,-1,-1,93,0,62,0,31
2020-02-26,德国,,-1,-1,19,0,14,0,5
2020-02-26,新疆,,174.73873049803748,2219.3499999999995,76,0,34,2,40
2020-02-26,广西,,21.184350467812,4602.669999999999,252,0,147,2,103
2020-02-26,陕西,,20.356404281047496,3732.72,245,0,192,1,52
2020-02-26,山西,,15.996141343367011,3571.23,133,0,104,0,29
2020-02-26,吉林,,21.318763727273996,2746.23,93,0,65,1,27
2020-02-26,甘肃,,43.62062148879054,2557.53,91,0,81,2,8
2020-02-26,湖北,,17.5587617759675,5723.77,65187,0,20969,2615,41603
2020-02-26,香港,,0.2318597904440132,739.0,89,0,24,2,63
2020-02-26,山东,,16.907928425625506,9579.3,756,0,377,6,373
2020-02-26,海南,,3.4339868098500084,867.21,168,0,129,5,34
2020-02-26,天津,,1.2601887440589987,1293.82,135,0,96,3,36
2020-02-26,科威特,,-1,-1,25,0,0,0,25
2020-02-26,希腊,,-1,-1,1,0,0,0,1
2020-02-26,意大利,,-1,-1,374,0,1,12,361
2020-02-26,钻石公主号邮轮,,-1,-1,705,0,0,4,701
2020-02-26,台湾,,3.186529964356004,2274.0,32,0,5,1,26
2020-02-26,美国,,-1,-1,57,0,3,0,54
2020-02-26,巴林,,-1,-1,26,0,0,0,26
2020-02-26,伊朗,,-1,-1,139,0,0,19,120
2020-02-26,日本,,-1,-1,178,0,22,2,154
2020-02-26,韩国,,-1,-1,1261,0,22,12,1227
2020-02-26,河南,,16.141830600971495,9402.369999999997,1271,0,1033,19,219
2020-02-26,广东,,17.623086185395504,10430.29,1347,0,851,7,489
2020-02-26,浙江,,11.981979841601506,5442.700000000002,1205,0,867,1,337
2020-02-26,黑龙江,,54.46378289411001,3831.219999999999,480,0,249,12,219
2020-02-26,福建,,12.243843456180494,3689.41,294,0,218,1,75
2020-02-26,河北,,19.945148081317488,7185.43,312,0,261,6,45
2020-02-26,泰国,,-1,-1,40,0,22,0,18
2020-02-26,法国,,-1,-1,17,0,11,2,4
2020-02-26,安徽,,13.352554087613001,5949.999999999999,989,0,744,6,239
2020-02-26,湖南,,19.36597052422902,6568.3600000000015,1016,0,783,4,229
2020-02-26,四川,,45.723819751963006,8041.829999999999,531,0,307,3,221
2020-02-26,江苏,,10.25282570820451,7866.000000000001,631,0,478,0,153
2020-02-26,重庆,,7.708797246292492,2884.62,576,0,373,6,197
2020-02-26,云南,,34.276847991411515,4596.5999999999985,174,0,144,2,28
2020-02-26,澳大利亚,,-1,-1,22,0,15,0,7
2020-02-26,加拿大,,-1,-1,11,0,4,0,7
2020-02-26,以色列,,-1,-1,6,0,0,0,6
2020-02-26,西班牙,,-1,-1,7,0,2,0,5
2020-02-26,阿曼,,-1,-1,2,0,0,0,2
2020-02-26,奥地利,,-1,-1,2,0,0,0,2
2020-02-26,克罗地亚,,-1,-1,1,0,0,0,1
2020-02-26,瑞士,,-1,-1,1,0,0,0,1
2020-02-26,阿尔及利亚,,-1,-1,1,0,0,0,1
2020-02-26,越南,,-1,-1,16,0,16,0,0
2020-02-26,上海,,0.8780426080414991,2301.91,336,0,272,3,61
2020-02-26,宁夏,,5.231898559560495,630.14,71,0,65,0,6
2020-02-26,阿联酋,,-1,-1,13,0,4,0,9
2020-02-26,英国,,-1,-1,13,0,8,0,5
2020-02-26,马来西亚,,-1,-1,22,0,18,0,4
2020-02-26,瑞典,,-1,-1,1,0,0,0,1
2020-02-26,菲律宾,,-1,-1,3,0,1,1,1
2020-02-26,埃及,,-1,-1,1,0,0,0,1
2020-02-26,黎巴嫩,,-1,-1,1,0,0,0,1
2020-02-26,伊拉克,,-1,-1,1,0,0,0,1
2020-02-26,阿富汗,,-1,-1,1,0,0,0,1
2020-02-26,尼泊尔,,-1,-1,1,0,1,0,0
2020-02-26,柬埔寨,,-1,-1,1,0,1,0,0
2020-02-26,斯里兰卡,,-1,-1,1,0,1,0,0
2020-02-26,芬兰,,-1,-1,1,0,1,0,0
2020-02-26,印度,,-1,-1,3,0,3,0,0
2020-02-26,俄罗斯,,-1,-1,2,0,2,0,0
2020-02-26,比利时,,-1,-1,1,0,1,0,0
2020-02-26,江西,,15.266293405413506,4456.749999999999,934,0,719,1,214
2020-02-26,北京,,1.7347041510244987,1961.2,400,0,235,4,161
2020-02-26,辽宁,,17.002514162973,4374.619999999999,121,0,88,1,32
2020-02-26,澳门,,0.0007793272830000177,62.0,10,0,7,0,3
2020-02-26,西藏,,114.28807021034801,300.22,1,0,1,0,0
2020-02-26,贵州,,15.98774554200051,3474.6600000000008,146,0,104,2,40
2020-02-26,青海,,69.29584200680502,562.66,18,0,18,0,0
2020-02-27,英国,,-1,-1,15,0,8,0,7
2020-02-27,以色列,,-1,-1,7,0,1,0,6
2020-02-27,马来西亚,,-1,-1,23,0,18,0,5
2020-02-27,瑞士,,-1,-1,4,0,0,0,4
2020-02-27,黎巴嫩,,-1,-1,3,0,0,0,3
2020-02-27,克罗地亚,,-1,-1,3,0,0,0,3
2020-02-27,奥地利,,-1,-1,3,0,0,0,3
2020-02-27,希腊,,-1,-1,3,0,0,0,3
2020-02-27,河南,,16.141830600971495,9402.369999999997,1272,0,1068,20,184
2020-02-27,内蒙古,,129.59443898197404,2470.640000000001,75,0,42,0,33
2020-02-27,山东,,16.907928425625506,9579.3,756,0,387,6,363
2020-02-27,安徽,,13.352554087613001,5949.999999999999,989,0,792,6,191
2020-02-27,江苏,,10.25282570820451,7866.000000000001,631,0,498,0,133
2020-02-27,天津,,1.2601887440589987,1293.82,135,0,102,3,30
2020-02-27,辽宁,,17.002514162973,4374.619999999999,121,0,93,1,27
2020-02-27,山西,,15.996141343367011,3571.23,133,0,106,0,27
2020-02-27,北马其顿,,-1,-1,1,0,0,0,1
2020-02-27,吉林,,21.318763727273996,2746.23,93,0,67,1,25
2020-02-27,新疆,,174.73873049803748,2219.3499999999995,76,0,43,2,31
2020-02-27,澳门,,0.0007793272830000177,62.0,10,0,8,0,2
2020-02-27,浙江,,11.981979841601506,5442.700000000002,1205,0,932,1,272
2020-02-27,四川,,45.723819751963006,8041.829999999999,534,0,321,3,210
2020-02-27,湖南,,19.36597052422902,6568.3600000000015,1017,0,804,4,209
2020-02-27,黑龙江,,54.46378289411001,3831.219999999999,480,0,270,13,197
2020-02-27,陕西,,20.356404281047496,3732.72,245,0,195,1,49
2020-02-27,河北,,19.945148081317488,7185.43,317,0,274,6,37
2020-02-27,湖北,,17.5587617759675,5723.77,65596,0,23383,2641,39572
2020-02-27,意大利,,-1,-1,528,0,40,14,474
2020-02-27,韩国,,-1,-1,1766,0,22,13,1731
2020-02-27,钻石公主号邮轮,,-1,-1,705,0,0,4,701
2020-02-27,伊朗,,-1,-1,245,0,49,26,170
2020-02-27,日本,,-1,-1,189,0,22,3,164
2020-02-27,美国,,-1,-1,60,0,3,0,57
2020-02-27,科威特,,-1,-1,43,0,0,0,43
2020-02-27,巴林,,-1,-1,33,0,0,0,33
2020-02-27,新加坡,,-1,-1,93,0,62,0,31
2020-02-27,德国,,-1,-1,27,0,14,0,13
2020-02-27,西班牙,,-1,-1,13,0,2,0,11
2020-02-27,澳大利亚,,-1,-1,23,0,15,0,8
2020-02-27,加拿大,,-1,-1,12,0,4,0,8
2020-02-27,伊拉克,,-1,-1,6,0,0,0,6
2020-02-27,法国,,-1,-1,18,0,11,2,5
2020-02-27,阿曼,,-1,-1,4,0,0,0,4
2020-02-27,瑞典,,-1,-1,2,0,0,0,2
2020-02-27,巴基斯坦,,-1,-1,2,0,0,0,2
2020-02-27,芬兰,,-1,-1,2,0,1,0,1
2020-02-27,巴西,,-1,-1,1,0,0,0,1
2020-02-27,罗马尼亚,,-1,-1,1,0,0,0,1
2020-02-27,格鲁吉亚,,-1,-1,1,0,0,0,1
2020-02-27,爱沙尼亚,,-1,-1,1,0,0,0,1
2020-02-27,丹麦,,-1,-1,1,0,0,0,1
2020-02-27,挪威,,-1,-1,1,0,0,0,1
2020-02-27,广西,,21.184350467812,4602.669999999999,252,0,161,2,89
2020-02-27,福建,,12.243843456180494,3689.41,296,0,228,1,67
2020-02-27,海南,,3.4339868098500084,867.21,168,0,131,5,32
2020-02-27,云南,,34.276847991411515,4596.5999999999985,174,0,150,2,22
2020-02-27,宁夏,,5.231898559560495,630.14,72,0,68,0,4
2020-02-27,广东,,17.623086185395504,10430.29,1347,0,890,7,450
2020-02-27,香港,,0.2318597904440132,739.0,92,0,24,2,66
2020-02-27,泰国,,-1,-1,40,0,22,0,18
2020-02-27,阿尔及利亚,,-1,-1,1,0,0,0,1
2020-02-27,上海,,0.8780426080414991,2301.91,337,0,276,3,58
2020-02-27,北京,,1.7347041510244987,1961.2,410,0,248,5,157
2020-02-27,江西,,15.266293405413506,4456.749999999999,934,0,754,1,179
2020-02-27,贵州,,15.98774554200051,3474.6600000000008,146,0,112,2,32
2020-02-27,越南,,-1,-1,16,0,16,0,0
2020-02-27,重庆,,7.708797246292492,2884.62,576,0,384,6,186
2020-02-27,阿富汗,,-1,-1,1,0,0,0,1
2020-02-27,俄罗斯,,-1,-1,2,0,2,0,0
2020-02-27,印度,,-1,-1,3,0,3,0,0
2020-02-27,台湾,,3.186529964356004,2274.0,32,0,5,1,26
2020-02-27,尼泊尔,,-1,-1,1,0,1,0,0
2020-02-27,斯里兰卡,,-1,-1,1,0,1,0,0
2020-02-27,柬埔寨,,-1,-1,1,0,1,0,0
2020-02-27,比利时,,-1,-1,1,0,1,0,0
2020-02-27,菲律宾,,-1,-1,3,0,1,1,1
2020-02-27,西藏,,114.28807021034801,300.22,1,0,1,0,0
2020-02-27,阿联酋,,-1,-1,13,0,4,0,9
2020-02-27,青海,,69.29584200680502,562.66,18,0,18,0,0
2020-02-28,香港,,0.2318597904440132,739.0,94,0,30,2,62
2020-02-28,奥地利,,-1,-1,5,0,0,0,5
2020-02-28,钻石公主号邮轮,,-1,-1,705,0,0,5,700
2020-02-28,英国（含北爱尔兰）,,-1,-1,16,0,8,0,8
2020-02-28,浙江,,11.981979841601506,5442.700000000002,1205,0,975,1,229
2020-02-28,山东,,16.907928425625506,9579.3,756,0,405,6,345
2020-02-28,四川,,45.723819751963006,8041.829999999999,538,0,338,3,197
2020-02-28,河南,,16.141830600971495,9402.369999999997,1272,0,1112,20,140
2020-02-28,湖南,,19.36597052422902,6568.3600000000015,1017,0,830,4,183
2020-02-28,广西,,21.184350467812,4602.669999999999,252,0,168,2,82
2020-02-28,福建,,12.243843456180494,3689.41,296,0,235,1,60
2020-02-28,希腊,,-1,-1,4,0,0,0,4
2020-02-28,挪威,,-1,-1,4,0,0,0,4
2020-02-28,河北,,19.945148081317488,7185.43,318,0,277,6,35
2020-02-28,陕西,,20.356404281047496,3732.72,245,0,199,1,45
2020-02-28,日本,,-1,-1,226,0,22,4,200
2020-02-28,海南,,3.4339868098500084,867.21,168,0,133,5,30
2020-02-28,江苏,,10.25282570820451,7866.000000000001,631,0,515,0,116
2020-02-28,吉林,,21.318763727273996,2746.23,93,0,73,1,19
2020-02-28,广东,,17.623086185395504,10430.29,1348,0,935,7,406
2020-02-28,韩国,,-1,-1,2337,0,22,13,2302
2020-02-28,泰国,,-1,-1,41,0,28,0,13
2020-02-28,瑞士,,-1,-1,8,0,0,0,8
2020-02-28,白俄罗斯,,-1,-1,1,0,0,0,1
2020-02-28,新疆,,174.73873049803748,2219.3499999999995,76,0,52,3,21
2020-02-28,内蒙古,,129.59443898197404,2470.640000000001,75,0,45,0,30
2020-02-28,台湾,,3.186529964356004,2274.0,34,0,6,1,27
2020-02-28,山西,,15.996141343367011,3571.23,133,0,109,0,24
2020-02-28,新西兰,,-1,-1,1,0,0,0,1
2020-02-28,立陶宛,,-1,-1,1,0,0,0,1
2020-02-28,加拿大,,-1,-1,14,0,4,0,10
2020-02-28,云南,,34.276847991411515,4596.5999999999985,174,0,156,2,16
2020-02-28,上海,,0.8780426080414991,2301.91,337,0,279,3,55
2020-02-28,重庆,,7.708797246292492,2884.62,576,0,402,6,168
2020-02-28,黑龙江,,54.46378289411001,3831.219999999999,480,0,283,13,184
2020-02-28,西班牙,,-1,-1,25,0,2,0,23
2020-02-28,意大利,,-1,-1,653,0,45,17,591
2020-02-28,格鲁吉亚,,-1,-1,1,0,0,0,1
2020-02-28,丹麦,,-1,-1,1,0,0,0,1
2020-02-28,伊拉克,,-1,-1,7,0,0,0,7
2020-02-28,巴基斯坦,,-1,-1,2,0,0,0,2
2020-02-28,埃及,,-1,-1,1,0,1,0,0
2020-02-28,德国,,-1,-1,48,0,14,0,34
2020-02-28,法国,,-1,-1,38,0,11,2,25
2020-02-28,美国,,-1,-1,60,0,3,0,57
2020-02-28,尼日利亚,,-1,-1,1,0,0,0,1
2020-02-28,罗马尼亚,,-1,-1,1,0,0,0,1
2020-02-28,爱沙尼亚,,-1,-1,1,0,0,0,1
2020-02-28,北爱尔兰,,-1,-1,1,0,0,0,1
2020-02-28,安徽,,13.352554087613001,5949.999999999999,990,0,821,6,163
2020-02-28,北马其顿,,-1,-1,1,0,0,0,1
2020-02-28,阿曼,,-1,-1,6,0,0,0,6
2020-02-28,巴西,,-1,-1,1,0,0,0,1
2020-02-28,澳大利亚,,-1,-1,23,0,15,0,8
2020-02-28,巴林,,-1,-1,33,0,0,0,33
2020-02-28,荷兰,,-1,-1,1,0,0,0,1
2020-02-28,瑞典,,-1,-1,7,0,0,0,7
2020-02-28,阿联酋,,-1,-1,19,0,5,0,14
2020-02-28,伊朗,,-1,-1,270,0,49,26,195
2020-02-28,黎巴嫩,,-1,-1,3,0,0,0,3
2020-02-28,以色列,,-1,-1,7,0,1,0,6
2020-02-28,克罗地亚,,-1,-1,3,0,0,0,3
2020-02-28,英国,,-1,-1,15,0,8,0,7
2020-02-28,马来西亚,,-1,-1,23,0,18,0,5
2020-02-28,芬兰,,-1,-1,2,0,1,0,1
2020-02-28,科威特,,-1,-1,43,0,0,0,43
2020-02-28,甘肃,,43.62062148879054,2557.53,91,0,82,2,7
2020-02-28,北京,,1.7347041510244987,1961.2,410,0,257,7,146
2020-02-28,江西,,15.266293405413506,4456.749999999999,935,0,790,1,144
2020-02-28,湖北,,17.5587617759675,5723.77,65914,0,26403,2682,36829
2020-02-28,新加坡,,-1,-1,93,0,62,0,31
2020-02-28,越南,,-1,-1,16,0,16,0,0
2020-02-28,阿尔及利亚,,-1,-1,1,0,0,0,1
2020-02-28,天津,,1.2601887440589987,1293.82,136,0,102,3,31
2020-02-28,阿富汗,,-1,-1,1,0,0,0,1
2020-02-28,辽宁,,17.002514162973,4374.619999999999,121,0,93,1,27
2020-02-28,澳门,,0.0007793272830000177,62.0,10,0,8,0,2
2020-02-28,宁夏,,5.231898559560495,630.14,72,0,68,0,4
2020-02-28,贵州,,15.98774554200051,3474.6600000000008,146,0,112,2,32
2020-02-28,柬埔寨,,-1,-1,1,0,1,0,0
2020-02-28,比利时,,-1,-1,1,0,1,0,0
2020-02-28,尼泊尔,,-1,-1,1,0,1,0,0
2020-02-28,俄罗斯,,-1,-1,2,0,2,0,0
2020-02-28,菲律宾,,-1,-1,3,0,1,1,1
2020-02-28,斯里兰卡,,-1,-1,1,0,1,0,0
2020-02-28,印度,,-1,-1,3,0,3,0,0
2020-02-28,西藏,,114.28807021034801,300.22,1,0,1,0,0
2020-02-28,青海,,69.29584200680502,562.66,18,0,18,0,0
2020-02-29,河北,,19.945148081317488,7185.43,318,0,282,6,30
2020-02-29,福建,,12.243843456180494,3689.41,296,0,243,1,52
2020-02-29,广东,,17.623086185395504,10430.29,1349,0,983,7,359
2020-02-29,湖南,,19.36597052422902,6568.3600000000015,1018,0,846,4,168
2020-02-29,辽宁,,17.002514162973,4374.619999999999,121,0,96,1,24
2020-02-29,山东,,16.907928425625506,9579.3,756,0,421,6,329
2020-02-29,河南,,16.141830600971495,9402.369999999997,1272,0,1170,21,81
2020-02-29,阿联酋,,-1,-1,21,0,5,0,16
2020-02-29,瑞典,,-1,-1,12,0,0,0,12
2020-02-29,墨西哥,,-1,-1,3,0,0,0,3
2020-02-29,加拿大,,-1,-1,16,0,4,0,12
2020-02-29,阿曼,,-1,-1,6,0,1,0,5
2020-02-29,泰国,,-1,-1,42,0,28,0,14
2020-02-29,丹麦,,-1,-1,3,0,0,0,3
2020-02-29,湖北,,17.5587617759675,5723.77,66337,0,28993,2727,34617
2020-02-29,黑龙江,,54.46378289411001,3831.219999999999,480,0,301,13,166
2020-02-29,挪威,,-1,-1,7,0,0,0,7
2020-02-29,广西,,21.184350467812,4602.669999999999,252,0,176,2,74
2020-02-29,天津,,1.2601887440589987,1293.82,136,0,109,3,24
2020-02-29,新疆,,174.73873049803748,2219.3499999999995,76,0,62,3,11
2020-02-29,四川,,45.723819751963006,8041.829999999999,538,0,351,3,184
2020-02-29,立陶宛,,-1,-1,1,0,0,0,1
2020-02-29,新西兰,,-1,-1,1,0,0,0,1
2020-02-29,北马其顿,,-1,-1,1,0,0,0,1
2020-02-29,希腊,,-1,-1,4,0,0,0,4
2020-02-29,菲律宾,,-1,-1,3,0,1,1,1
2020-02-29,美国,,-1,-1,63,0,3,0,60
2020-02-29,荷兰,,-1,-1,2,0,0,0,2
2020-02-29,阿塞拜疆,,-1,-1,1,0,0,0,1
2020-02-29,俄罗斯,,-1,-1,2,0,2,0,0
2020-02-29,韩国,,-1,-1,3150,0,27,16,3107
2020-02-29,澳大利亚,,-1,-1,25,0,15,0,10
2020-02-29,巴西,,-1,-1,1,0,0,0,1
2020-02-29,巴林,,-1,-1,38,0,0,0,38
2020-02-29,马来西亚,,-1,-1,25,0,18,0,7
2020-02-29,意大利,,-1,-1,888,0,46,21,821
2020-02-29,尼泊尔,,-1,-1,1,0,1,0,0
2020-02-29,印度,,-1,-1,3,0,3,0,0
2020-02-29,以色列,,-1,-1,9,0,1,0,8
2020-02-29,瑞士,,-1,-1,15,0,0,0,15
2020-02-29,伊拉克,,-1,-1,8,0,0,0,8
2020-02-29,克罗地亚,,-1,-1,5,0,0,0,5
2020-02-29,钻石公主号邮轮,,-1,-1,705,0,0,6,699
2020-02-29,英国,,-1,-1,20,0,8,0,12
2020-02-29,斯里兰卡,,-1,-1,1,0,1,0,0
2020-02-29,芬兰,,-1,-1,3,0,1,0,2
2020-02-29,奥地利,,-1,-1,5,0,0,0,5
2020-02-29,伊朗,,-1,-1,593,0,123,43,427
2020-02-29,黎巴嫩,,-1,-1,3,0,0,0,3
2020-02-29,新加坡,,-1,-1,98,0,69,0,29
2020-02-29,德国,,-1,-1,66,0,14,0,52
2020-02-29,埃及,,-1,-1,1,0,1,0,0
2020-02-29,阿尔及利亚,,-1,-1,1,0,0,0,1
2020-02-29,白俄罗斯,,-1,-1,1,0,0,0,1
2020-02-29,格鲁吉亚,,-1,-1,2,0,0,0,2
2020-02-29,日本,,-1,-1,240,0,22,5,213
2020-02-29,科威特,,-1,-1,43,0,0,0,43
2020-02-29,柬埔寨,,-1,-1,1,0,1,0,0
2020-02-29,越南,,-1,-1,16,0,16,0,0
2020-02-29,西班牙,,-1,-1,41,0,2,0,39
2020-02-29,罗马尼亚,,-1,-1,3,0,0,0,3
2020-02-29,爱沙尼亚,,-1,-1,1,0,0,0,1
2020-02-29,尼日利亚,,-1,-1,1,0,0,0,1
2020-02-29,摩纳哥,,-1,-1,1,0,0,0,1
2020-02-29,法国,,-1,-1,57,0,11,2,44
2020-02-29,阿富汗,,-1,-1,1,0,0,0,1
2020-02-29,比利时,,-1,-1,1,0,1,0,0
2020-02-29,巴基斯坦,,-1,-1,2,0,0,0,2
2020-02-29,冰岛,,-1,-1,1,0,0,0,1
2020-02-29,海南,,3.4339868098500084,867.21,168,0,147,5,16
2020-02-29,吉林,,21.318763727273996,2746.23,93,0,75,1,17
2020-02-29,浙江,,11.981979841601506,5442.700000000002,1205,0,1016,1,188
2020-02-29,陕西,,20.356404281047496,3732.72,245,0,207,1,37
2020-02-29,内蒙古,,129.59443898197404,2470.640000000001,75,0,49,0,26
2020-02-29,江苏,,10.25282570820451,7866.000000000001,631,0,523,0,108
2020-02-29,大不列颠及北爱尔兰联合王国,,-1,-1,20,0,8,0,12
2020-02-29,台湾,,3.186529964356004,2274.0,39,0,9,1,29
2020-02-29,上海,,0.8780426080414991,2301.91,337,0,287,3,47
2020-02-29,宁夏,,5.231898559560495,630.14,73,0,69,0,4
2020-02-29,云南,,34.276847991411515,4596.5999999999985,174,0,157,2,15
2020-02-29,安徽,,13.352554087613001,5949.999999999999,990,0,868,6,116
2020-02-29,北京,,1.7347041510244987,1961.2,411,0,271,8,132
2020-02-29,江西,,15.266293405413506,4456.749999999999,935,0,811,1,123
2020-02-29,英国（含北爱尔兰）,,-1,-1,20,0,8,0,12
2020-02-29,重庆,,7.708797246292492,2884.62,576,0,422,6,148
2020-02-29,山西,,15.996141343367011,3571.23,133,0,113,0,20
2020-02-29,香港,,0.2318597904440132,739.0,94,0,30,2,62
2020-02-29,北爱尔兰,,-1,-1,1,0,0,0,1
2020-02-29,甘肃,,43.62062148879054,2557.53,91,0,82,2,7
2020-02-29,澳门,,0.0007793272830000177,62.0,10,0,8,0,2
2020-02-29,贵州,,15.98774554200051,3474.6600000000008,146,0,112,2,32
2020-02-29,西藏,,114.28807021034801,300.22,1,0,1,0,0
2020-02-29,青海,,69.29584200680502,562.66,18,0,18,0,0
2020-03-01,香港,,0.2318597904440132,739.0,96,0,36,2,58
2020-03-01,甘肃,,43.62062148879054,2557.53,91,0,84,2,5
2020-03-01,河南,,16.141830600971495,9402.369999999997,1272,0,1198,22,52
2020-03-01,英国,,-1,-1,35,0,8,0,27
2020-03-01,广东,,17.623086185395504,10430.29,1349,0,1016,7,326
2020-03-01,河北,,19.945148081317488,7185.43,318,0,294,6,18
2020-03-01,希腊,,-1,-1,7,0,0,0,7
2020-03-01,以色列,,-1,-1,10,0,1,0,9
2020-03-01,亚美尼亚,,-1,-1,1,0,0,0,1
2020-03-01,马来西亚,,-1,-1,29,0,18,0,11
2020-03-01,克罗地亚,,-1,-1,7,0,0,0,7
2020-03-01,科威特,,-1,-1,46,0,0,0,46
2020-03-01,澳大利亚,,-1,-1,28,0,15,1,12
2020-03-01,比利时,,-1,-1,2,0,1,0,1
2020-03-01,天津,,1.2601887440589987,1293.82,136,0,111,3,22
2020-03-01,辽宁,,17.002514162973,4374.619999999999,122,0,103,1,18
2020-03-01,日本,,-1,-1,250,0,41,5,204
2020-03-01,挪威,,-1,-1,17,0,0,0,17
2020-03-01,伊朗,,-1,-1,978,0,175,54,749
2020-03-01,四川,,45.723819751963006,8041.829999999999,538,0,365,3,170
2020-03-01,黑龙江,,54.46378289411001,3831.219999999999,480,0,342,13,125
2020-03-01,山东,,16.907928425625506,9579.3,758,0,443,6,309
2020-03-01,浙江,,11.981979841601506,5442.700000000002,1205,0,1046,1,158
2020-03-01,德国,,-1,-1,117,0,14,0,103
2020-03-01,海南,,3.4339868098500084,867.21,168,0,149,5,14
2020-03-01,泰国,,-1,-1,42,0,28,1,13
2020-03-01,阿塞拜疆,,-1,-1,3,0,0,0,3
2020-03-01,江苏,,10.25282570820451,7866.000000000001,631,0,536,0,95
2020-03-01,安徽,,13.352554087613001,5949.999999999999,990,0,873,6,111
2020-03-01,内蒙古,,129.59443898197404,2470.640000000001,75,0,52,0,23
2020-03-01,新疆,,174.73873049803748,2219.3499999999995,76,0,64,3,9
2020-03-01,湖北,,17.5587617759675,5723.77,66907,0,31536,2761,32610
2020-03-01,湖南,,19.36597052422902,6568.3600000000015,1018,0,866,4,148
2020-03-01,格鲁吉亚,,-1,-1,3,0,0,0,3
2020-03-01,巴基斯坦,,-1,-1,3,0,0,0,3
2020-03-01,吉林,,21.318763727273996,2746.23,93,0,78,1,14
2020-03-01,福建,,12.243843456180494,3689.41,296,0,247,1,48
2020-03-01,广西,,21.184350467812,4602.669999999999,252,0,181,2,69
2020-03-01,陕西,,20.356404281047496,3732.72,245,0,208,1,36
2020-03-01,重庆,,7.708797246292492,2884.62,576,0,442,6,128
2020-03-01,台湾,,3.186529964356004,2274.0,40,0,9,1,30
2020-03-01,荷兰,,-1,-1,7,0,0,0,7
2020-03-01,菲律宾,,-1,-1,3,0,1,1,1
2020-03-01,阿联酋,,-1,-1,21,0,5,0,16
2020-03-01,美国,,-1,-1,63,0,3,1,59
2020-03-01,瑞典,,-1,-1,13,0,0,0,13
2020-03-01,北马其顿,,-1,-1,1,0,0,0,1
2020-03-01,云南,,34.276847991411515,4596.5999999999985,174,0,163,2,9
2020-03-01,新西兰,,-1,-1,1,0,0,0,1
2020-03-01,巴林,,-1,-1,41,0,0,0,41
2020-03-01,韩国,,-1,-1,3526,0,30,17,3479
2020-03-01,阿曼,,-1,-1,6,0,1,0,5
2020-03-01,巴西,,-1,-1,2,0,0,0,2
2020-03-01,加拿大,,-1,-1,20,0,4,0,16
2020-03-01,俄罗斯,,-1,-1,2,0,2,0,0
2020-03-01,墨西哥,,-1,-1,4,0,0,0,4
2020-03-01,瑞士,,-1,-1,24,0,0,0,24
2020-03-01,印度,,-1,-1,3,0,3,0,0
2020-03-01,意大利,,-1,-1,1128,0,50,29,1049
2020-03-01,尼泊尔,,-1,-1,1,0,1,0,0
2020-03-01,芬兰,,-1,-1,3,0,1,0,2
2020-03-01,奥地利,,-1,-1,10,0,0,0,10
2020-03-01,上海,,0.8780426080414991,2301.91,337,0,290,3,44
2020-03-01,伊拉克,,-1,-1,13,0,0,0,13
2020-03-01,钻石公主号邮轮,,-1,-1,705,0,0,6,699
2020-03-01,丹麦,,-1,-1,3,0,0,0,3
2020-03-01,卡塔尔,,-1,-1,1,0,0,0,1
2020-03-01,白俄罗斯,,-1,-1,1,0,0,0,1
2020-03-01,阿尔及利亚,,-1,-1,1,0,0,0,1
2020-03-01,爱尔兰,,-1,-1,1,0,0,0,1
2020-03-01,厄瓜多尔,,-1,-1,1,0,0,0,1
2020-03-01,圣马力诺,,-1,-1,1,0,0,0,1
2020-03-01,斯里兰卡,,-1,-1,1,0,1,0,0
2020-03-01,新加坡,,-1,-1,102,0,72,0,30
2020-03-01,埃及,,-1,-1,1,0,1,0,0
2020-03-01,黎巴嫩,,-1,-1,3,0,0,0,3
2020-03-01,卢森堡,,-1,-1,1,0,0,0,1
2020-03-01,越南,,-1,-1,16,0,16,0,0
2020-03-01,西班牙,,-1,-1,58,0,2,0,56
2020-03-01,柬埔寨,,-1,-1,1,0,1,0,0
2020-03-01,阿富汗,,-1,-1,1,0,0,0,1
2020-03-01,法国,,-1,-1,100,0,12,2,86
2020-03-01,罗马尼亚,,-1,-1,3,0,0,0,3
2020-03-01,尼日利亚,,-1,-1,1,0,0,0,1
2020-03-01,爱沙尼亚,,-1,-1,1,0,0,0,1
2020-03-01,摩纳哥,,-1,-1,1,0,0,0,1
2020-03-01,立陶宛,,-1,-1,1,0,0,0,1
2020-03-01,冰岛,,-1,-1,1,0,0,0,1
2020-03-01,山西,,15.996141343367011,3571.23,133,0,115,0,18
2020-03-01,北京,,1.7347041510244987,1961.2,413,0,276,8,129
2020-03-01,江西,,15.266293405413506,4456.749999999999,935,0,831,1,103
2020-03-01,大不列颠及北爱尔兰联合王国,,-1,-1,20,0,8,0,12
2020-03-01,宁夏,,5.231898559560495,630.14,73,0,69,0,4
2020-03-01,英国（含北爱尔兰）,,-1,-1,20,0,8,0,12
2020-03-01,北爱尔兰,,-1,-1,1,0,0,0,1
2020-03-01,澳门,,0.0007793272830000177,62.0,10,0,8,0,2
2020-03-01,贵州,,15.98774554200051,3474.6600000000008,146,0,112,2,32
2020-03-01,西藏,,114.28807021034801,300.22,1,0,1,0,0
2020-03-01,青海,,69.29584200680502,562.66,18,0,18,0,0
2020-03-02,新疆,,174.73873049803748,2219.3499999999995,76,0,66,3,7
2020-03-02,四川,,45.723819751963006,8041.829999999999,538,0,386,3,149
2020-03-02,湖北,,17.5587617759675,5723.77,67103,0,33934,2803,30366
2020-03-02,安徽,,13.352554087613001,5949.999999999999,990,0,917,6,67
2020-03-02,甘肃,,43.62062148879054,2557.53,91,0,85,2,4
2020-03-02,广东,,17.623086185395504,10430.29,1350,0,1059,7,284
2020-03-02,吉林,,21.318763727273996,2746.23,93,0,83,1,9
2020-03-02,安道尔,,-1,-1,1,0,0,0,1
2020-03-02,伊朗,,-1,-1,1501,0,175,66,1260
2020-03-02,日本,,-1,-1,274,0,41,6,227
2020-03-02,钻石公主号邮轮,,-1,-1,706,0,0,6,700
2020-03-02,山西,,15.996141343367011,3571.23,133,0,117,0,16
2020-03-02,黑龙江,,54.46378289411001,3831.219999999999,480,0,356,13,111
2020-03-02,福建,,12.243843456180494,3689.41,296,0,255,1,40
2020-03-02,江苏,,10.25282570820451,7866.000000000001,631,0,543,0,88
2020-03-02,广西,,21.184350467812,4602.669999999999,252,0,192,2,58
2020-03-02,湖南,,19.36597052422902,6568.3600000000015,1018,0,887,4,127
2020-03-02,浙江,,11.981979841601506,5442.700000000002,1206,0,1069,1,136
2020-03-02,河南,,16.141830600971495,9402.369999999997,1272,0,1205,22,45
2020-03-02,捷克,,-1,-1,3,0,0,0,3
2020-03-02,多米尼加,,-1,-1,1,0,0,0,1
2020-03-02,印度尼西亚,,-1,-1,2,0,0,0,2
2020-03-02,巴基斯坦,,-1,-1,4,0,0,0,4
2020-03-02,新加坡,,-1,-1,106,0,74,0,32
2020-03-02,厄瓜多尔,,-1,-1,6,0,0,0,6
2020-03-02,德国,,-1,-1,130,0,14,0,116
2020-03-02,埃及,,-1,-1,2,0,1,0,1
2020-03-02,格鲁吉亚,,-1,-1,3,0,0,0,3
2020-03-02,西班牙,,-1,-1,84,0,2,0,82
2020-03-02,挪威,,-1,-1,19,0,0,0,19
2020-03-02,瑞士,,-1,-1,27,0,0,0,27
2020-03-02,伊拉克,,-1,-1,19,0,0,0,19
2020-03-02,英国,,-1,-1,36,0,8,0,28
2020-03-02,芬兰,,-1,-1,6,0,1,0,5
2020-03-02,奥地利,,-1,-1,14,0,0,0,14
2020-03-02,荷兰,,-1,-1,10,0,0,0,10
2020-03-02,美国,,-1,-1,77,0,3,1,73
2020-03-02,加拿大,,-1,-1,24,0,4,0,20
2020-03-02,墨西哥,,-1,-1,5,0,0,0,5
2020-03-02,泰国,,-1,-1,43,0,31,1,11
2020-03-02,巴林,,-1,-1,47,0,0,0,47
2020-03-02,韩国,,-1,-1,4335,0,30,22,4283
2020-03-02,澳大利亚,,-1,-1,29,0,15,1,13
2020-03-02,内蒙古,,129.59443898197404,2470.640000000001,75,0,54,0,21
2020-03-02,河北,,19.945148081317488,7185.43,318,0,296,6,16
2020-03-02,陕西,,20.356404281047496,3732.72,245,0,216,1,28
2020-03-02,上海,,0.8780426080414991,2301.91,337,0,292,3,42
2020-03-02,北京,,1.7347041510244987,1961.2,414,0,282,8,124
2020-03-02,山东,,16.907928425625506,9579.3,758,0,460,6,292
2020-03-02,台湾,,3.186529964356004,2274.0,41,0,12,1,28
2020-03-02,云南,,34.276847991411515,4596.5999999999985,174,0,168,2,4
2020-03-02,法国,,-1,-1,130,0,12,2,116
2020-03-02,比利时,,-1,-1,2,0,1,0,1
2020-03-02,卢森堡,,-1,-1,1,0,0,0,1
2020-03-02,科威特,,-1,-1,46,0,0,0,46
2020-03-02,意大利,,-1,-1,1694,0,83,34,1577
2020-03-02,马来西亚,,-1,-1,29,0,18,0,11
2020-03-02,亚美尼亚,,-1,-1,1,0,0,0,1
2020-03-02,以色列,,-1,-1,10,0,1,0,9
2020-03-02,克罗地亚,,-1,-1,7,0,0,0,7
2020-03-02,爱尔兰,,-1,-1,1,0,0,0,1
2020-03-02,圣马力诺,,-1,-1,1,0,0,0,1
2020-03-02,希腊,,-1,-1,7,0,0,0,7
2020-03-02,卡塔尔,,-1,-1,1,0,0,0,1
2020-03-02,瑞典,,-1,-1,13,0,0,0,13
2020-03-02,阿塞拜疆,,-1,-1,3,0,0,0,3
2020-03-02,巴西,,-1,-1,2,0,0,0,2
2020-03-02,辽宁,,17.002514162973,4374.619999999999,122,0,103,1,18
2020-03-02,宁夏,,5.231898559560495,630.14,74,0,69,0,5
2020-03-02,江西,,15.266293405413506,4456.749999999999,935,0,850,1,84
2020-03-02,香港,,0.2318597904440132,739.0,98,0,36,2,60
2020-03-02,贵州,,15.98774554200051,3474.6600000000008,146,0,114,2,30
2020-03-02,阿曼,,-1,-1,6,0,1,0,5
2020-03-02,罗马尼亚,,-1,-1,3,0,0,0,3
2020-03-02,尼日利亚,,-1,-1,1,0,0,0,1
2020-03-02,爱沙尼亚,,-1,-1,1,0,0,0,1
2020-03-02,摩纳哥,,-1,-1,1,0,0,0,1
2020-03-02,阿富汗,,-1,-1,1,0,0,0,1
2020-03-02,立陶宛,,-1,-1,1,0,0,0,1
2020-03-02,冰岛,,-1,-1,1,0,0,0,1
2020-03-02,黎巴嫩,,-1,-1,3,0,0,0,3
2020-03-02,白俄罗斯,,-1,-1,1,0,0,0,1
2020-03-02,阿尔及利亚,,-1,-1,1,0,0,0,1
2020-03-02,柬埔寨,,-1,-1,1,0,1,0,0
2020-03-02,越南,,-1,-1,16,0,16,0,0
2020-03-02,尼泊尔,,-1,-1,1,0,1,0,0
2020-03-02,印度,,-1,-1,3,0,3,0,0
2020-03-02,丹麦,,-1,-1,3,0,0,0,3
2020-03-02,北马其顿,,-1,-1,1,0,0,0,1
2020-03-02,新西兰,,-1,-1,1,0,0,0,1
2020-03-02,斯里兰卡,,-1,-1,1,0,1,0,0
2020-03-02,菲律宾,,-1,-1,3,0,1,1,1
2020-03-02,阿联酋,,-1,-1,21,0,5,0,16
2020-03-02,俄罗斯,,-1,-1,2,0,2,0,0
2020-03-02,重庆,,7.708797246292492,2884.62,576,0,450,6,120
2020-03-02,天津,,1.2601887440589987,1293.82,136,0,111,3,22
2020-03-02,海南,,3.4339868098500084,867.21,168,0,149,5,14
2020-03-02,大不列颠及北爱尔兰联合王国,,-1,-1,20,0,8,0,12
2020-03-02,英国（含北爱尔兰）,,-1,-1,20,0,8,0,12
2020-03-02,北爱尔兰,,-1,-1,1,0,0,0,1
2020-03-02,澳门,,0.0007793272830000177,62.0,10,0,8,0,2
2020-03-02,青海,,69.29584200680502,562.66,18,0,18,0,0
2020-03-02,西藏,,114.28807021034801,300.22,1,0,1,0,0
2020-03-03,山东,,16.907928425625506,9579.3,758,0,498,6,254
2020-03-03,江苏,,10.25282570820451,7866.000000000001,631,0,556,0,75
2020-03-03,广东,,17.623086185395504,10430.29,1350,0,1084,7,259
2020-03-03,科威特,,-1,-1,56,0,0,0,56
2020-03-03,湖南,,19.36597052422902,6568.3600000000015,1018,0,894,4,120
2020-03-03,白俄罗斯,,-1,-1,3,0,0,0,3
2020-03-03,黎巴嫩,,-1,-1,10,0,0,0,10
2020-03-03,冰岛,,-1,-1,2,0,0,0,2
2020-03-03,河南,,16.141830600971495,9402.369999999997,1272,0,1224,22,26
2020-03-03,韩国,,-1,-1,4812,0,30,29,4753
2020-03-03,荷兰,,-1,-1,18,0,0,0,18
2020-03-03,美国,,-1,-1,100,0,3,6,91
2020-03-03,瑞典,,-1,-1,14,0,0,0,14
2020-03-03,云南,,34.276847991411515,4596.5999999999985,174,0,169,2,3
2020-03-03,上海,,0.8780426080414991,2301.91,338,0,294,3,41
2020-03-03,卡塔尔,,-1,-1,3,0,0,0,3
2020-03-03,丹麦,,-1,-1,4,0,0,0,4
2020-03-03,天津,,1.2601887440589987,1293.82,136,0,118,3,15
2020-03-03,浙江,,11.981979841601506,5442.700000000002,1213,0,1074,1,138
2020-03-03,北京,,1.7347041510244987,1961.2,414,0,288,8,118
2020-03-03,江西,,15.266293405413506,4456.749999999999,935,0,870,1,64
2020-03-03,西班牙,,-1,-1,123,0,2,0,121
2020-03-03,越南,,-1,-1,16,0,16,0,0
2020-03-03,日本,,-1,-1,274,0,41,6,227
2020-03-03,柬埔寨,,-1,-1,1,0,1,0,0
2020-03-03,格鲁吉亚,,-1,-1,3,0,0,0,3
2020-03-03,阿尔及利亚,,-1,-1,1,0,0,0,1
2020-03-03,埃及,,-1,-1,2,0,1,0,1
2020-03-03,厄瓜多尔,,-1,-1,6,0,0,0,6
2020-03-03,德国,,-1,-1,130,0,14,0,116
2020-03-03,新加坡,,-1,-1,106,0,74,0,32
2020-03-03,伊朗,,-1,-1,1501,0,175,66,1260
2020-03-03,卢森堡,,-1,-1,1,0,0,0,1
2020-03-03,立陶宛,,-1,-1,1,0,0,0,1
2020-03-03,巴基斯坦,,-1,-1,4,0,0,0,4
2020-03-03,比利时,,-1,-1,2,0,1,0,1
2020-03-03,多米尼加,,-1,-1,1,0,0,0,1
2020-03-03,阿富汗,,-1,-1,1,0,0,0,1
2020-03-03,法国,,-1,-1,130,0,12,2,116
2020-03-03,印度尼西亚,,-1,-1,2,0,0,0,2
2020-03-03,安道尔,,-1,-1,1,0,0,0,1
2020-03-03,捷克,,-1,-1,3,0,0,0,3
2020-03-03,尼日利亚,,-1,-1,1,0,0,0,1
2020-03-03,爱沙尼亚,,-1,-1,1,0,0,0,1
2020-03-03,罗马尼亚,,-1,-1,3,0,0,0,3
2020-03-03,摩纳哥,,-1,-1,1,0,0,0,1
2020-03-03,泰国,,-1,-1,43,0,31,1,11
2020-03-03,巴林,,-1,-1,47,0,0,0,47
2020-03-03,澳大利亚,,-1,-1,29,0,15,1,13
2020-03-03,阿曼,,-1,-1,6,0,1,0,5
2020-03-03,巴西,,-1,-1,2,0,0,0,2
2020-03-03,俄罗斯,,-1,-1,2,0,2,0,0
2020-03-03,加拿大,,-1,-1,24,0,4,0,20
2020-03-03,墨西哥,,-1,-1,5,0,0,0,5
2020-03-03,阿塞拜疆,,-1,-1,3,0,0,0,3
2020-03-03,阿联酋,,-1,-1,21,0,5,0,16
2020-03-03,希腊,,-1,-1,7,0,0,0,7
2020-03-03,菲律宾,,-1,-1,3,0,1,1,1
2020-03-03,北马其顿,,-1,-1,1,0,0,0,1
2020-03-03,奥地利,,-1,-1,14,0,0,0,14
2020-03-03,新西兰,,-1,-1,1,0,0,0,1
2020-03-03,芬兰,,-1,-1,6,0,1,0,5
2020-03-03,钻石公主号邮轮,,-1,-1,706,0,0,6,700
2020-03-03,克罗地亚,,-1,-1,7,0,0,0,7
2020-03-03,伊拉克,,-1,-1,19,0,0,0,19
2020-03-03,英国,,-1,-1,36,0,8,0,28
2020-03-03,爱尔兰,,-1,-1,1,0,0,0,1
2020-03-03,瑞士,,-1,-1,27,0,0,0,27
2020-03-03,圣马力诺,,-1,-1,1,0,0,0,1
2020-03-03,沙特阿拉伯,,-1,-1,1,0,0,0,1
2020-03-03,以色列,,-1,-1,10,0,1,0,9
2020-03-03,斯里兰卡,,-1,-1,1,0,1,0,0
2020-03-03,印度,,-1,-1,3,0,3,0,0
2020-03-03,尼泊尔,,-1,-1,1,0,1,0,0
2020-03-03,挪威,,-1,-1,19,0,0,0,19
2020-03-03,意大利,,-1,-1,2036,0,149,52,1835
2020-03-03,马来西亚,,-1,-1,29,0,18,0,11
2020-03-03,亚美尼亚,,-1,-1,1,0,0,0,1
2020-03-03,内蒙古,,129.59443898197404,2470.640000000001,75,0,54,1,20
2020-03-03,四川,,45.723819751963006,8041.829999999999,538,0,389,3,146
2020-03-03,湖北,,17.5587617759675,5723.77,67217,0,36167,2834,28216
2020-03-03,广西,,21.184350467812,4602.669999999999,252,0,202,2,48
2020-03-03,辽宁,,17.002514162973,4374.619999999999,125,0,103,1,21
2020-03-03,黑龙江,,54.46378289411001,3831.219999999999,480,0,358,13,109
2020-03-03,河北,,19.945148081317488,7185.43,318,0,297,6,15
2020-03-03,香港,,0.2318597904440132,739.0,100,0,36,2,62
2020-03-03,山西,,15.996141343367011,3571.23,133,0,119,0,14
2020-03-03,重庆,,7.708797246292492,2884.62,576,0,469,6,101
2020-03-03,新疆,,174.73873049803748,2219.3499999999995,76,0,66,3,7
2020-03-03,安徽,,13.352554087613001,5949.999999999999,990,0,917,6,67
2020-03-03,甘肃,,43.62062148879054,2557.53,91,0,85,2,4
2020-03-03,吉林,,21.318763727273996,2746.23,93,0,83,1,9
2020-03-03,福建,,12.243843456180494,3689.41,296,0,255,1,40
2020-03-03,陕西,,20.356404281047496,3732.72,245,0,216,1,28
2020-03-03,台湾,,3.186529964356004,2274.0,41,0,12,1,28
2020-03-03,宁夏,,5.231898559560495,630.14,74,0,69,0,5
2020-03-03,贵州,,15.98774554200051,3474.6600000000008,146,0,114,2,30
2020-03-03,海南,,3.4339868098500084,867.21,168,0,149,5,14
2020-03-03,大不列颠及北爱尔兰联合王国,,-1,-1,20,0,8,0,12
2020-03-03,英国（含北爱尔兰）,,-1,-1,20,0,8,0,12
2020-03-03,北爱尔兰,,-1,-1,1,0,0,0,1
2020-03-03,澳门,,0.0007793272830000177,62.0,10,0,8,0,2
2020-03-03,西藏,,114.28807021034801,300.22,1,0,1,0,0
2020-03-03,青海,,69.29584200680502,562.66,18,0,18,0,0
2020-03-04,新疆,,174.73873049803748,2219.3499999999995,76,0,69,3,4
2020-03-04,甘肃,,43.62062148879054,2557.53,91,0,87,2,2
2020-03-04,陕西,,20.356404281047496,3732.72,245,0,223,1,21
2020-03-04,湖南,,19.36597052422902,6568.3600000000015,1018,0,916,4,98
2020-03-04,内蒙古,,129.59443898197404,2470.640000000001,75,0,63,1,11
2020-03-04,爱尔兰,,-1,-1,2,0,0,0,2
2020-03-04,厄瓜多尔,,-1,-1,7,0,0,0,7
2020-03-04,拉脱维亚,,-1,-1,1,0,0,0,1
2020-03-04,新加坡,,-1,-1,110,0,74,0,36
2020-03-04,伊朗,,-1,-1,2922,0,552,92,2278
2020-03-04,西班牙,,-1,-1,165,0,2,1,162
2020-03-04,湖北,,17.5587617759675,5723.77,67332,0,38557,2871,25904
2020-03-04,波兰,,-1,-1,1,0,0,0,1
2020-03-04,法国,,-1,-1,212,0,12,4,196
2020-03-04,四川,,45.723819751963006,8041.829999999999,538,0,406,3,129
2020-03-04,列支敦士登,,-1,-1,1,0,0,0,1
2020-03-04,突尼斯,,-1,-1,1,0,0,0,1
2020-03-04,山东,,16.907928425625506,9579.3,758,0,516,6,236
2020-03-04,冰岛,,-1,-1,14,0,0,0,14
2020-03-04,阿联酋,,-1,-1,27,0,5,0,22
2020-03-04,瑞典,,-1,-1,30,0,0,0,30
2020-03-04,智利,,-1,-1,1,0,0,0,1
2020-03-04,摩洛哥,,-1,-1,1,0,0,0,1
2020-03-04,新西兰,,-1,-1,2,0,0,0,2
2020-03-04,韩国,,-1,-1,5621,0,41,33,5547
2020-03-04,江苏,,10.25282570820451,7866.000000000001,631,0,577,0,54
2020-03-04,瑞士,,-1,-1,58,0,2,0,56
2020-03-04,意大利,,-1,-1,2502,0,160,79,2263
2020-03-04,马来西亚,,-1,-1,50,0,22,0,28
2020-03-04,挪威,,-1,-1,33,0,0,0,33
2020-03-04,福建,,12.243843456180494,3689.41,296,0,270,1,25
2020-03-04,英国,,-1,-1,51,0,8,0,43
2020-03-04,丹麦,,-1,-1,10,0,0,0,10
2020-03-04,白俄罗斯,,-1,-1,4,0,0,0,4
2020-03-04,德国,,-1,-1,240,0,14,0,226
2020-03-04,塞内加尔,,-1,-1,1,0,0,0,1
2020-03-04,日本,,-1,-1,304,0,46,6,252
2020-03-04,捷克,,-1,-1,5,0,0,0,5
2020-03-04,罗马尼亚,,-1,-1,4,0,1,0,3
2020-03-04,葡萄牙,,-1,-1,2,0,0,0,2
2020-03-04,荷兰,,-1,-1,24,0,0,0,24
2020-03-04,美国,,-1,-1,122,0,3,9,110
2020-03-04,阿根廷,,-1,-1,1,0,0,0,1
2020-03-04,巴林,,-1,-1,49,0,0,0,49
2020-03-04,约旦,,-1,-1,1,0,0,0,1
2020-03-04,阿曼,,-1,-1,12,0,2,0,10
2020-03-04,澳大利亚,,-1,-1,41,0,21,1,19
2020-03-04,加拿大,,-1,-1,30,0,4,0,26
2020-03-04,印度,,-1,-1,15,0,3,0,12
2020-03-04,黑龙江,,54.46378289411001,3831.219999999999,480,0,373,13,94
2020-03-04,奥地利,,-1,-1,24,0,0,0,24
2020-03-04,伊拉克,,-1,-1,32,0,0,1,31
2020-03-04,浙江,,11.981979841601506,5442.700000000002,1213,0,1114,1,98
2020-03-04,广东,,17.623086185395504,10430.29,1350,0,1133,7,210
2020-03-04,海南,,3.4339868098500084,867.21,168,0,158,5,5
2020-03-04,河北,,19.945148081317488,7185.43,318,0,301,6,11
2020-03-04,吉林,,21.318763727273996,2746.23,93,0,86,1,6
2020-03-04,安徽,,13.352554087613001,5949.999999999999,990,0,956,6,28
2020-03-04,香港,,0.2318597904440132,739.0,102,0,37,2,63
2020-03-04,黎巴嫩,,-1,-1,10,0,0,0,10
2020-03-04,科威特,,-1,-1,56,0,0,0,56
2020-03-04,巴基斯坦,,-1,-1,5,0,0,0,5
2020-03-04,卡塔尔,,-1,-1,7,0,0,0,7
2020-03-04,比利时,,-1,-1,13,0,1,0,12
2020-03-04,乌克兰,,-1,-1,1,0,0,0,1
2020-03-04,沙特阿拉伯,,-1,-1,1,0,0,0,1
2020-03-04,墨西哥,,-1,-1,5,0,1,0,4
2020-03-04,克罗地亚,,-1,-1,9,0,0,0,9
2020-03-04,上海,,0.8780426080414991,2301.91,338,0,298,3,37
2020-03-04,北京,,1.7347041510244987,1961.2,417,0,294,8,115
2020-03-04,宁夏,,5.231898559560495,630.14,75,0,69,0,6
2020-03-04,江西,,15.266293405413506,4456.749999999999,935,0,884,1,50
2020-03-04,河南,,16.141830600971495,9402.369999999997,1272,0,1234,22,16
2020-03-04,广西,,21.184350467812,4602.669999999999,252,0,210,2,40
2020-03-04,埃及,,-1,-1,2,0,1,0,1
2020-03-04,格鲁吉亚,,-1,-1,3,0,0,0,3
2020-03-04,多米尼加,,-1,-1,1,0,0,0,1
2020-03-04,希腊,,-1,-1,7,0,0,0,7
2020-03-04,泰国,,-1,-1,43,0,31,1,11
2020-03-04,钻石公主号邮轮,,-1,-1,706,0,0,6,700
2020-03-04,印度尼西亚,,-1,-1,2,0,0,0,2
2020-03-04,安道尔,,-1,-1,1,0,0,0,1
2020-03-04,以色列,,-1,-1,10,0,1,0,9
2020-03-04,亚美尼亚,,-1,-1,1,0,0,0,1
2020-03-04,芬兰,,-1,-1,6,0,1,0,5
2020-03-04,重庆,,7.708797246292492,2884.62,576,0,490,6,80
2020-03-04,山西,,15.996141343367011,3571.23,133,0,124,0,9
2020-03-04,天津,,1.2601887440589987,1293.82,136,0,124,3,9
2020-03-04,辽宁,,17.002514162973,4374.619999999999,125,0,106,1,18
2020-03-04,澳门,,0.0007793272830000177,62.0,10,0,9,0,1
2020-03-04,台湾,,3.186529964356004,2274.0,42,0,12,1,29
2020-03-04,云南,,34.276847991411515,4596.5999999999985,174,0,169,2,3
2020-03-04,阿尔及利亚,,-1,-1,1,0,0,0,1
2020-03-04,卢森堡,,-1,-1,1,0,0,0,1
2020-03-04,阿富汗,,-1,-1,1,0,0,0,1
2020-03-04,爱沙尼亚,,-1,-1,1,0,0,0,1
2020-03-04,立陶宛,,-1,-1,1,0,0,0,1
2020-03-04,巴西,,-1,-1,2,0,0,0,2
2020-03-04,阿塞拜疆,,-1,-1,3,0,0,0,3
2020-03-04,越南,,-1,-1,16,0,16,0,0
2020-03-04,柬埔寨,,-1,-1,1,0,1,0,0
2020-03-04,尼日利亚,,-1,-1,1,0,0,0,1
2020-03-04,摩纳哥,,-1,-1,1,0,0,0,1
2020-03-04,菲律宾,,-1,-1,3,0,1,1,1
2020-03-04,北马其顿,,-1,-1,1,0,0,0,1
2020-03-04,俄罗斯,,-1,-1,2,0,2,0,0
2020-03-04,尼泊尔,,-1,-1,1,0,1,0,0
2020-03-04,斯里兰卡,,-1,-1,1,0,1,0,0
2020-03-04,圣马力诺,,-1,-1,1,0,0,0,1
2020-03-04,贵州,,15.98774554200051,3474.6600000000008,146,0,114,2,30
2020-03-04,大不列颠及北爱尔兰联合王国,,-1,-1,20,0,8,0,12
2020-03-04,英国（含北爱尔兰）,,-1,-1,20,0,8,0,12
2020-03-04,北爱尔兰,,-1,-1,1,0,0,0,1
2020-03-04,西藏,,114.28807021034801,300.22,1,0,1,0,0
2020-03-04,青海,,69.29584200680502,562.66,18,0,18,0,0
2020-03-05,波兰,,-1,-1,1,0,0,0,1
2020-03-05,格鲁吉亚,,-1,-1,3,0,0,0,3
2020-03-05,科威特,,-1,-1,56,0,0,0,56
2020-03-05,西班牙,,-1,-1,165,0,2,1,162
2020-03-05,伊朗,,-1,-1,2922,0,552,92,2278
2020-03-05,黎巴嫩,,-1,-1,13,0,1,0,12
2020-03-05,卢森堡,,-1,-1,1,0,0,0,1
2020-03-05,拉脱维亚,,-1,-1,1,0,0,0,1
2020-03-05,新加坡,,-1,-1,112,0,79,0,33
2020-03-05,厄瓜多尔,,-1,-1,7,0,0,0,7
2020-03-05,埃及,,-1,-1,2,0,1,0,1
2020-03-05,阿尔及利亚,,-1,-1,1,0,0,0,1
2020-03-05,巴基斯坦,,-1,-1,5,0,0,0,5
2020-03-05,冰岛,,-1,-1,20,0,0,0,20
2020-03-05,突尼斯,,-1,-1,1,0,0,0,1
2020-03-05,立陶宛,,-1,-1,1,0,0,0,1
2020-03-05,爱沙尼亚,,-1,-1,1,0,0,0,1
2020-03-05,列支敦士登,,-1,-1,1,0,0,0,1
2020-03-05,法国,,-1,-1,257,0,12,4,241
2020-03-05,阿富汗,,-1,-1,1,0,0,0,1
2020-03-05,多米尼加,,-1,-1,1,0,0,0,1
2020-03-05,阿塞拜疆,,-1,-1,3,0,0,0,3
2020-03-05,韩国,,-1,-1,5766,0,41,36,5689
2020-03-05,巴西,,-1,-1,2,0,0,0,2
2020-03-05,泰国,,-1,-1,43,0,31,1,11
2020-03-05,新西兰,,-1,-1,2,0,0,0,2
2020-03-05,摩洛哥,,-1,-1,1,0,0,0,1
2020-03-05,希腊,,-1,-1,9,0,0,0,9
2020-03-05,智利,,-1,-1,1,0,0,0,1
2020-03-05,阿联酋,,-1,-1,27,0,5,0,22
2020-03-05,瑞典,,-1,-1,35,0,0,0,35
2020-03-05,丹麦,,-1,-1,10,0,0,0,10
2020-03-05,钻石公主号邮轮,,-1,-1,706,0,0,6,700
2020-03-05,英国,,-1,-1,85,0,8,0,77
2020-03-05,卡塔尔,,-1,-1,7,0,0,0,7
2020-03-05,意大利,,-1,-1,3089,0,276,107,2706
2020-03-05,马来西亚,,-1,-1,50,0,22,0,28
2020-03-05,挪威,,-1,-1,34,0,0,0,34
2020-03-05,瑞士,,-1,-1,66,0,2,0,64
2020-03-05,日本,,-1,-1,331,0,46,6,279
2020-03-05,柬埔寨,,-1,-1,1,0,1,0,0
2020-03-05,越南,,-1,-1,16,0,16,0,0
2020-03-05,塞内加尔,,-1,-1,2,0,0,0,2
2020-03-05,德国,,-1,-1,240,0,14,0,226
2020-03-05,白俄罗斯,,-1,-1,4,0,0,0,4
2020-03-05,比利时,,-1,-1,23,0,1,0,22
2020-03-05,葡萄牙,,-1,-1,2,0,0,0,2
2020-03-05,罗马尼亚,,-1,-1,4,0,1,0,3
2020-03-05,尼日利亚,,-1,-1,1,0,0,0,1
2020-03-05,摩纳哥,,-1,-1,1,0,0,0,1
2020-03-05,捷克,,-1,-1,5,0,0,0,5
2020-03-05,印度尼西亚,,-1,-1,2,0,0,0,2
2020-03-05,安道尔,,-1,-1,1,0,0,0,1
2020-03-05,墨西哥,,-1,-1,5,0,1,0,4
2020-03-05,加拿大,,-1,-1,30,0,4,0,26
2020-03-05,俄罗斯,,-1,-1,2,0,2,0,0
2020-03-05,澳大利亚,,-1,-1,41,0,21,2,18
2020-03-05,阿曼,,-1,-1,12,0,2,0,10
2020-03-05,阿根廷,,-1,-1,1,0,0,0,1
2020-03-05,巴林,,-1,-1,49,0,0,0,49
2020-03-05,约旦,,-1,-1,1,0,0,0,1
2020-03-05,沙特阿拉伯,,-1,-1,1,0,0,0,1
2020-03-05,北马其顿,,-1,-1,1,0,0,0,1
2020-03-05,菲律宾,,-1,-1,3,0,1,1,1
2020-03-05,乌克兰,,-1,-1,1,0,0,0,1
2020-03-05,美国,,-1,-1,153,0,3,11,139
2020-03-05,荷兰,,-1,-1,24,0,0,0,24
2020-03-05,圣马力诺,,-1,-1,1,0,0,0,1
2020-03-05,爱尔兰,,-1,-1,2,0,0,0,2
2020-03-05,伊拉克,,-1,-1,32,0,0,2,30
2020-03-05,斯里兰卡,,-1,-1,1,0,1,0,0
2020-03-05,克罗地亚,,-1,-1,10,0,0,0,10
2020-03-05,芬兰,,-1,-1,6,0,1,0,5
2020-03-05,奥地利,,-1,-1,24,0,0,0,24
2020-03-05,亚美尼亚,,-1,-1,1,0,0,0,1
2020-03-05,尼泊尔,,-1,-1,1,0,1,0,0
2020-03-05,印度,,-1,-1,15,0,3,0,12
2020-03-05,以色列,,-1,-1,10,0,1,0,9
2020-03-05,广东,,17.623086185395504,10430.29,1350,0,1159,7,184
2020-03-05,天津,,1.2601887440589987,1293.82,136,0,128,3,5
2020-03-05,江苏,,10.25282570820451,7866.000000000001,631,0,580,0,51
2020-03-05,湖北,,17.5587617759675,5723.77,67466,0,40479,2902,24085
2020-03-05,四川,,45.723819751963006,8041.829999999999,539,0,418,3,118
2020-03-05,陕西,,20.356404281047496,3732.72,245,0,222,1,22
2020-03-05,浙江,,11.981979841601506,5442.700000000002,1215,0,1118,1,96
2020-03-05,湖南,,19.36597052422902,6568.3600000000015,1018,0,933,4,81
2020-03-05,河南,,16.141830600971495,9402.369999999997,1272,0,1239,22,11
2020-03-05,江西,,15.266293405413506,4456.749999999999,935,0,901,1,33
2020-03-05,山东,,16.907928425625506,9579.3,758,0,576,6,176
2020-03-05,广西,,21.184350467812,4602.669999999999,252,0,213,2,37
2020-03-05,香港,,0.2318597904440132,739.0,105,0,43,2,60
2020-03-05,黑龙江,,54.46378289411001,3831.219999999999,481,0,379,13,89
2020-03-05,重庆,,7.708797246292492,2884.62,576,0,502,6,68
2020-03-05,北京,,1.7347041510244987,1961.2,418,0,297,8,113
2020-03-05,新疆,,174.73873049803748,2219.3499999999995,76,0,69,3,4
2020-03-05,甘肃,,43.62062148879054,2557.53,91,0,87,2,2
2020-03-05,内蒙古,,129.59443898197404,2470.640000000001,75,0,63,1,11
2020-03-05,福建,,12.243843456180494,3689.41,296,0,270,1,25
2020-03-05,海南,,3.4339868098500084,867.21,168,0,158,5,5
2020-03-05,河北,,19.945148081317488,7185.43,318,0,301,6,11
2020-03-05,吉林,,21.318763727273996,2746.23,93,0,86,1,6
2020-03-05,安徽,,13.352554087613001,5949.999999999999,990,0,956,6,28
2020-03-05,上海,,0.8780426080414991,2301.91,338,0,298,3,37
2020-03-05,宁夏,,5.231898559560495,630.14,75,0,69,0,6
2020-03-05,山西,,15.996141343367011,3571.23,133,0,124,0,9
2020-03-05,辽宁,,17.002514162973,4374.619999999999,125,0,106,1,18
2020-03-05,澳门,,0.0007793272830000177,62.0,10,0,9,0,1
2020-03-05,台湾,,3.186529964356004,2274.0,42,0,12,1,29
2020-03-05,云南,,34.276847991411515,4596.5999999999985,174,0,169,2,3
2020-03-05,贵州,,15.98774554200051,3474.6600000000008,146,0,114,2,30
2020-03-05,大不列颠及北爱尔兰联合王国,,-1,-1,20,0,8,0,12
2020-03-05,英国（含北爱尔兰）,,-1,-1,20,0,8,0,12
2020-03-05,北爱尔兰,,-1,-1,1,0,0,0,1
2020-03-05,西藏,,114.28807021034801,300.22,1,0,1,0,0
2020-03-05,青海,,69.29584200680502,562.66,18,0,18,0,0
2020-03-06,新加坡,,-1,-1,130,0,82,0,48
2020-03-06,西班牙,,-1,-1,345,0,2,1,342
2020-03-06,湖北,,17.5587617759675,5723.77,67592,0,42033,2931,22628
2020-03-06,斯洛文尼亚,,-1,-1,6,0,0,0,6
2020-03-06,法国,,-1,-1,577,0,12,9,556
2020-03-06,希腊,,-1,-1,45,0,0,0,45
2020-03-06,甘肃,,43.62062148879054,2557.53,119,0,87,2,30
2020-03-06,秘鲁,,-1,-1,1,0,0,0,1
2020-03-06,加拿大,,-1,-1,48,0,4,0,44
2020-03-06,俄罗斯,,-1,-1,8,0,2,0,6
2020-03-06,黑龙江,,54.46378289411001,3831.219999999999,481,0,396,13,72
2020-03-06,江西,,15.266293405413506,4456.749999999999,935,0,909,1,25
2020-03-06,圣马力诺,,-1,-1,23,0,0,0,23
2020-03-06,爱沙尼亚,,-1,-1,5,0,0,0,5
2020-03-06,瑞士,,-1,-1,128,0,3,1,124
2020-03-06,塞尔维亚,,-1,-1,1,0,0,0,1
2020-03-06,印度尼西亚,,-1,-1,4,0,0,0,4
2020-03-06,巴林,,-1,-1,56,0,4,0,52
2020-03-06,喀麦隆,,-1,-1,1,0,0,0,1
2020-03-06,南非,,-1,-1,1,0,0,0,1
2020-03-06,芬兰,,-1,-1,15,0,1,0,14
2020-03-06,四川,,45.723819751963006,8041.829999999999,539,0,442,3,94
2020-03-06,福建,,12.243843456180494,3689.41,296,0,284,1,11
2020-03-06,广东,,17.623086185395504,10430.29,1352,0,1216,7,129
2020-03-06,宁夏,,5.231898559560495,630.14,75,0,71,0,4
2020-03-06,台湾,,3.186529964356004,2274.0,45,0,12,1,32
2020-03-06,北京,,1.7347041510244987,1961.2,422,0,299,8,115
2020-03-06,比利时,,-1,-1,109,0,1,0,108
2020-03-06,香港,,0.2318597904440132,739.0,106,0,46,2,58
2020-03-06,梵蒂冈,,-1,-1,1,0,0,0,1
2020-03-06,厄瓜多尔,,-1,-1,13,0,0,0,13
2020-03-06,阿尔及利亚,,-1,-1,17,0,0,0,17
2020-03-06,伊朗,,-1,-1,4747,0,913,124,3710
2020-03-06,科威特,,-1,-1,58,0,0,0,58
2020-03-06,匈牙利,,-1,-1,3,0,0,0,3
2020-03-06,冰岛,,-1,-1,34,0,0,0,34
2020-03-06,山东,,16.907928425625506,9579.3,758,0,618,6,134
2020-03-06,重庆,,7.708797246292492,2884.62,576,0,513,6,57
2020-03-06,巴基斯坦,,-1,-1,6,0,0,0,6
2020-03-06,瑞典,,-1,-1,94,0,0,0,94
2020-03-06,新西兰,,-1,-1,4,0,0,0,4
2020-03-06,智利,,-1,-1,4,0,0,0,4
2020-03-06,韩国,,-1,-1,6593,0,41,42,6510
2020-03-06,泰国,,-1,-1,48,0,31,1,16
2020-03-06,马来西亚,,-1,-1,55,0,22,0,33
2020-03-06,意大利,,-1,-1,3927,0,414,148,3365
2020-03-06,挪威,,-1,-1,86,0,0,0,86
2020-03-06,丹麦,,-1,-1,20,0,1,0,19
2020-03-06,德国,,-1,-1,565,0,14,0,551
2020-03-06,不丹,,-1,-1,1,0,0,0,1
2020-03-06,湖南,,19.36597052422902,6568.3600000000015,1018,0,955,4,59
2020-03-06,日本,,-1,-1,371,0,46,6,319
2020-03-06,巴勒斯坦,,-1,-1,7,0,0,0,7
2020-03-06,捷克,,-1,-1,12,0,0,0,12
2020-03-06,菲律宾,,-1,-1,5,0,1,1,3
2020-03-06,荷兰,,-1,-1,82,0,0,0,82
2020-03-06,阿曼,,-1,-1,16,0,2,0,14
2020-03-06,澳大利亚,,-1,-1,59,0,22,2,35
2020-03-06,阿根廷,,-1,-1,2,0,0,0,2
2020-03-06,印度,,-1,-1,31,0,3,0,28
2020-03-06,以色列,,-1,-1,17,0,2,0,15
2020-03-06,奥地利,,-1,-1,41,0,0,0,41
2020-03-06,爱尔兰,,-1,-1,13,0,0,0,13
2020-03-06,伊拉克,,-1,-1,38,0,0,2,36
2020-03-06,克罗地亚,,-1,-1,11,0,0,0,11
2020-03-06,澳门,,0.0007793272830000177,62.0,10,0,10,0,0
2020-03-06,江苏,,10.25282570820451,7866.000000000001,631,0,594,0,37
2020-03-06,浙江,,11.981979841601506,5442.700000000002,1215,0,1147,1,67
2020-03-06,陕西,,20.356404281047496,3732.72,245,0,226,1,18
2020-03-06,吉林,,21.318763727273996,2746.23,93,0,90,1,2
2020-03-06,河南,,16.141830600971495,9402.369999999997,1272,0,1243,22,7
2020-03-06,新疆,,174.73873049803748,2219.3499999999995,76,0,71,3,2
2020-03-06,波黑,,-1,-1,1,0,0,0,1
2020-03-06,阿联酋,,-1,-1,29,0,5,0,24
2020-03-06,巴西,,-1,-1,8,0,0,0,8
2020-03-06,钻石公主号邮轮,,-1,-1,696,0,0,6,690
2020-03-06,英国,,-1,-1,116,0,8,1,107
2020-03-06,越南,,-1,-1,16,0,16,0,0
2020-03-06,罗马尼亚,,-1,-1,6,0,1,0,5
2020-03-06,美国,,-1,-1,232,0,3,14,215
2020-03-06,上海,,0.8780426080414991,2301.91,342,0,306,3,33
2020-03-06,河北,,19.945148081317488,7185.43,318,0,305,6,7
2020-03-06,云南,,34.276847991411515,4596.5999999999985,174,0,170,2,2
2020-03-06,安徽,,13.352554087613001,5949.999999999999,990,0,979,6,5
2020-03-06,广西,,21.184350467812,4602.669999999999,252,0,217,2,33
2020-03-06,黎巴嫩,,-1,-1,15,0,1,0,14
2020-03-06,拉脱维亚,,-1,-1,1,0,0,0,1
2020-03-06,波兰,,-1,-1,1,0,0,0,1
2020-03-06,列支敦士登,,-1,-1,1,0,0,0,1
2020-03-06,突尼斯,,-1,-1,1,0,0,0,1
2020-03-06,摩洛哥,,-1,-1,1,0,0,0,1
2020-03-06,卡塔尔,,-1,-1,7,0,0,0,7
2020-03-06,白俄罗斯,,-1,-1,6,0,0,0,6
2020-03-06,塞内加尔,,-1,-1,4,0,0,0,4
2020-03-06,葡萄牙,,-1,-1,5,0,0,0,5
2020-03-06,乌克兰,,-1,-1,1,0,0,0,1
2020-03-06,沙特阿拉伯,,-1,-1,2,0,0,0,2
2020-03-06,约旦,,-1,-1,1,0,0,0,1
2020-03-06,墨西哥,,-1,-1,6,0,1,0,5
2020-03-06,内蒙古,,129.59443898197404,2470.640000000001,75,0,65,1,9
2020-03-06,山西,,15.996141343367011,3571.23,133,0,126,0,7
2020-03-06,海南,,3.4339868098500084,867.21,168,0,158,6,4
2020-03-06,斯里兰卡,,-1,-1,1,0,1,0,0
2020-03-06,埃及,,-1,-1,2,0,1,0,1
2020-03-06,卢森堡,,-1,-1,1,0,0,0,1
2020-03-06,格鲁吉亚,,-1,-1,3,0,0,0,3
2020-03-06,阿富汗,,-1,-1,1,0,0,0,1
2020-03-06,多米尼加,,-1,-1,1,0,0,0,1
2020-03-06,立陶宛,,-1,-1,1,0,0,0,1
2020-03-06,阿塞拜疆,,-1,-1,3,0,0,0,3
2020-03-06,安道尔,,-1,-1,1,0,0,0,1
2020-03-06,柬埔寨,,-1,-1,1,0,1,0,0
2020-03-06,摩纳哥,,-1,-1,1,0,0,0,1
2020-03-06,尼日利亚,,-1,-1,1,0,0,0,1
2020-03-06,北马其顿,,-1,-1,1,0,0,0,1
2020-03-06,亚美尼亚,,-1,-1,1,0,0,0,1
2020-03-06,尼泊尔,,-1,-1,1,0,1,0,0
2020-03-06,天津,,1.2601887440589987,1293.82,136,0,128,3,5
2020-03-06,辽宁,,17.002514162973,4374.619999999999,125,0,106,1,18
2020-03-06,贵州,,15.98774554200051,3474.6600000000008,146,0,114,2,30
2020-03-06,大不列颠及北爱尔兰联合王国,,-1,-1,20,0,8,0,12
2020-03-06,英国（含北爱尔兰）,,-1,-1,20,0,8,0,12
2020-03-06,北爱尔兰,,-1,-1,1,0,0,0,1
2020-03-06,西藏,,114.28807021034801,300.22,1,0,1,0,0
2020-03-06,青海,,69.29584200680502,562.66,18,0,18,0,0
2020-03-07,江苏,,10.25282570820451,7866.000000000001,631,0,606,0,25
2020-03-07,广西,,21.184350467812,4602.669999999999,252,0,218,2,32
2020-03-07,甘肃,,43.62062148879054,2557.53,120,0,87,2,31
2020-03-07,辽宁,,17.002514162973,4374.619999999999,125,0,107,1,17
2020-03-07,福建,,12.243843456180494,3689.41,296,0,295,1,0
2020-03-07,四川,,45.723819751963006,8041.829999999999,539,0,454,3,82
2020-03-07,山东,,16.907928425625506,9579.3,758,0,627,6,125
2020-03-07,重庆,,7.708797246292492,2884.62,576,0,521,6,49
2020-03-07,河北,,19.945148081317488,7185.43,318,0,307,6,5
2020-03-07,河南,,16.141830600971495,9402.369999999997,1272,0,1244,22,6
2020-03-07,伊朗,,-1,-1,5823,0,1669,145,4009
2020-03-07,湖北,,17.5587617759675,5723.77,67666,0,43500,2959,21207
2020-03-07,多哥,,-1,-1,1,0,0,0,1
2020-03-07,瑞士,,-1,-1,210,0,3,1,206
2020-03-07,意大利,,-1,-1,4636,0,523,197,3916
2020-03-07,马来西亚,,-1,-1,83,0,23,0,60
2020-03-07,挪威,,-1,-1,113,0,0,0,113
2020-03-07,卡塔尔,,-1,-1,11,0,0,0,11
2020-03-07,丹麦,,-1,-1,23,0,1,0,22
2020-03-07,广东,,17.623086185395504,10430.29,1352,0,1237,7,108
2020-03-07,英国,,-1,-1,163,0,8,1,154
2020-03-07,阿联酋,,-1,-1,45,0,7,0,38
2020-03-07,瑞典,,-1,-1,137,0,0,0,137
2020-03-07,新西兰,,-1,-1,5,0,0,0,5
2020-03-07,希腊,,-1,-1,46,0,0,0,46
2020-03-07,巴西,,-1,-1,13,0,0,0,13
2020-03-07,韩国,,-1,-1,7041,0,108,47,6886
2020-03-07,泰国,,-1,-1,50,0,31,1,18
2020-03-07,斯洛文尼亚,,-1,-1,6,0,0,0,6
2020-03-07,法国,,-1,-1,613,0,12,9,592
2020-03-07,爱沙尼亚,,-1,-1,10,0,0,0,10
2020-03-07,哥伦比亚,,-1,-1,1,0,0,0,1
2020-03-07,冰岛,,-1,-1,45,0,0,0,45
2020-03-07,埃及,,-1,-1,15,0,1,0,14
2020-03-07,卢森堡,,-1,-1,3,0,0,0,3
2020-03-07,新加坡,,-1,-1,130,0,82,0,48
2020-03-07,西班牙,,-1,-1,387,0,2,1,384
2020-03-07,格鲁吉亚,,-1,-1,9,0,0,0,9
2020-03-07,波兰,,-1,-1,5,0,0,0,5
2020-03-07,印度,,-1,-1,33,0,3,0,30
2020-03-07,至尊公主邮轮,,-1,-1,21,0,0,0,21
2020-03-07,以色列,,-1,-1,21,0,2,0,19
2020-03-07,喀麦隆,,-1,-1,2,0,0,0,2
2020-03-07,南非,,-1,-1,1,0,0,0,1
2020-03-07,芬兰,,-1,-1,15,0,1,0,14
2020-03-07,奥地利,,-1,-1,55,0,0,0,55
2020-03-07,圣马力诺,,-1,-1,23,0,0,0,23
2020-03-07,爱尔兰,,-1,-1,18,0,0,0,18
2020-03-07,伊拉克,,-1,-1,46,0,0,4,42
2020-03-07,克罗地亚,,-1,-1,12,0,0,0,12
2020-03-07,菲律宾,,-1,-1,6,0,1,1,4
2020-03-07,美国,,-1,-1,324,0,10,14,300
2020-03-07,荷兰,,-1,-1,128,0,0,1,127
2020-03-07,澳大利亚,,-1,-1,64,0,22,2,40
2020-03-07,梵蒂冈,,-1,-1,1,0,0,0,1
2020-03-07,阿根廷,,-1,-1,8,0,0,0,8
2020-03-07,巴林,,-1,-1,56,0,4,0,52
2020-03-07,加拿大,,-1,-1,53,0,4,0,49
2020-03-07,俄罗斯,,-1,-1,8,0,2,0,6
2020-03-07,印度尼西亚,,-1,-1,4,0,0,0,4
2020-03-07,罗马尼亚,,-1,-1,9,0,3,0,6
2020-03-07,巴勒斯坦,,-1,-1,16,0,0,0,16
2020-03-07,捷克,,-1,-1,18,0,0,0,18
2020-03-07,秘鲁,,-1,-1,1,0,0,0,1
2020-03-07,哥斯达黎加,,-1,-1,1,0,0,0,1
2020-03-07,葡萄牙,,-1,-1,8,0,0,0,8
2020-03-07,比利时,,-1,-1,109,0,1,0,108
2020-03-07,德国,,-1,-1,687,0,14,0,673
2020-03-07,越南,,-1,-1,18,0,16,0,2
2020-03-07,塞尔维亚,,-1,-1,1,0,0,0,1
2020-03-07,日本,,-1,-1,420,0,46,6,368
2020-03-07,香港,,0.2318597904440132,739.0,108,0,51,2,55
2020-03-07,湖南,,19.36597052422902,6568.3600000000015,1018,0,960,4,54
2020-03-07,浙江,,11.981979841601506,5442.700000000002,1215,0,1154,1,60
2020-03-07,钻石公主号邮轮,,-1,-1,696,0,0,6,690
2020-03-07,智利,,-1,-1,4,0,0,0,4
2020-03-07,匈牙利,,-1,-1,3,0,0,0,3
2020-03-07,巴基斯坦,,-1,-1,6,0,0,0,6
2020-03-07,厄瓜多尔,,-1,-1,13,0,0,0,13
2020-03-07,阿尔及利亚,,-1,-1,17,0,0,0,17
2020-03-07,新疆,,174.73873049803748,2219.3499999999995,76,0,72,3,1
2020-03-07,科威特,,-1,-1,58,0,0,0,58
2020-03-07,黑龙江,,54.46378289411001,3831.219999999999,481,0,403,13,65
2020-03-07,阿曼,,-1,-1,16,0,2,0,14
2020-03-07,不丹,,-1,-1,1,0,0,0,1
2020-03-07,上海,,0.8780426080414991,2301.91,342,0,313,3,26
2020-03-07,内蒙古,,129.59443898197404,2470.640000000001,75,0,67,1,7
2020-03-07,江西,,15.266293405413506,4456.749999999999,935,0,916,1,18
2020-03-07,北京,,1.7347041510244987,1961.2,426,0,303,8,115
2020-03-07,贵州,,15.98774554200051,3474.6600000000008,146,0,115,2,29
2020-03-07,波黑,,-1,-1,1,0,0,0,1
2020-03-07,黎巴嫩,,-1,-1,15,0,1,0,14
2020-03-07,沙特阿拉伯,,-1,-1,2,0,0,0,2
2020-03-07,墨西哥,,-1,-1,6,0,1,0,5
2020-03-07,白俄罗斯,,-1,-1,6,0,0,0,6
2020-03-07,塞内加尔,,-1,-1,4,0,0,0,4
2020-03-07,台湾,,3.186529964356004,2274.0,45,0,12,1,32
2020-03-07,宁夏,,5.231898559560495,630.14,75,0,71,0,4
2020-03-07,陕西,,20.356404281047496,3732.72,245,0,226,1,18
2020-03-07,澳门,,0.0007793272830000177,62.0,10,0,10,0,0
2020-03-07,吉林,,21.318763727273996,2746.23,93,0,90,1,2
2020-03-07,安徽,,13.352554087613001,5949.999999999999,990,0,979,6,5
2020-03-07,云南,,34.276847991411515,4596.5999999999985,174,0,170,2,2
2020-03-07,摩洛哥,,-1,-1,1,0,0,0,1
2020-03-07,列支敦士登,,-1,-1,1,0,0,0,1
2020-03-07,突尼斯,,-1,-1,1,0,0,0,1
2020-03-07,拉脱维亚,,-1,-1,1,0,0,0,1
2020-03-07,乌克兰,,-1,-1,1,0,0,0,1
2020-03-07,约旦,,-1,-1,1,0,0,0,1
2020-03-07,山西,,15.996141343367011,3571.23,133,0,126,0,7
2020-03-07,海南,,3.4339868098500084,867.21,168,0,158,6,4
2020-03-07,柬埔寨,,-1,-1,1,0,1,0,0
2020-03-07,阿塞拜疆,,-1,-1,3,0,0,0,3
2020-03-07,阿富汗,,-1,-1,1,0,0,0,1
2020-03-07,多米尼加,,-1,-1,1,0,0,0,1
2020-03-07,立陶宛,,-1,-1,1,0,0,0,1
2020-03-07,亚美尼亚,,-1,-1,1,0,0,0,1
2020-03-07,尼泊尔,,-1,-1,1,0,1,0,0
2020-03-07,斯里兰卡,,-1,-1,1,0,1,0,0
2020-03-07,北马其顿,,-1,-1,1,0,0,0,1
2020-03-07,安道尔,,-1,-1,1,0,0,0,1
2020-03-07,尼日利亚,,-1,-1,1,0,0,0,1
2020-03-07,摩纳哥,,-1,-1,1,0,0,0,1
2020-03-07,天津,,1.2601887440589987,1293.82,136,0,128,3,5
2020-03-07,大不列颠及北爱尔兰联合王国,,-1,-1,20,0,8,0,12
2020-03-07,英国（含北爱尔兰）,,-1,-1,20,0,8,0,12
2020-03-07,北爱尔兰,,-1,-1,1,0,0,0,1
2020-03-07,西藏,,114.28807021034801,300.22,1,0,1,0,0
2020-03-07,青海,,69.29584200680502,562.66,18,0,18,0,0
2020-03-08,阿尔及利亚,,-1,-1,19,0,0,0,19
2020-03-08,黎巴嫩,,-1,-1,28,0,1,0,27
2020-03-08,新加坡,,-1,-1,138,0,82,0,56
2020-03-08,西班牙,,-1,-1,516,0,2,10,504
2020-03-08,巴拉圭,,-1,-1,1,0,0,0,1
2020-03-08,格鲁吉亚,,-1,-1,13,0,0,0,13
2020-03-08,波兰,,-1,-1,6,0,0,0,6
2020-03-08,斯洛文尼亚,,-1,-1,12,0,0,0,12
2020-03-08,阿富汗,,-1,-1,4,0,0,0,4
2020-03-08,波黑,,-1,-1,3,0,0,0,3
2020-03-08,四川,,45.723819751963006,8041.829999999999,539,0,459,3,77
2020-03-08,冰岛,,-1,-1,50,0,0,0,50
2020-03-08,巴基斯坦,,-1,-1,6,0,1,0,5
2020-03-08,瑞典,,-1,-1,161,0,0,0,161
2020-03-08,希腊,,-1,-1,66,0,0,0,66
2020-03-08,智利,,-1,-1,7,0,0,0,7
2020-03-08,瑞士,,-1,-1,228,0,3,1,224
2020-03-08,挪威,,-1,-1,147,0,0,0,147
2020-03-08,马来西亚,,-1,-1,93,0,23,0,70
2020-03-08,浙江,,11.981979841601506,5442.700000000002,1215,0,1160,1,54
2020-03-08,广东,,17.623086185395504,10430.29,1352,0,1252,7,93
2020-03-08,丹麦,,-1,-1,27,0,1,0,26
2020-03-08,英国,,-1,-1,206,0,8,2,196
2020-03-08,德国,,-1,-1,795,0,14,0,781
2020-03-08,柬埔寨,,-1,-1,2,0,1,0,1
2020-03-08,湖南,,19.36597052422902,6568.3600000000015,1018,0,966,4,48
2020-03-08,巴勒斯坦,,-1,-1,19,0,0,0,19
2020-03-08,罗马尼亚,,-1,-1,13,0,3,0,10
2020-03-08,捷克,,-1,-1,21,0,0,0,21
2020-03-08,马耳他,,-1,-1,1,0,0,0,1
2020-03-08,葡萄牙,,-1,-1,15,0,0,0,15
2020-03-08,辽宁,,17.002514162973,4374.619999999999,125,0,109,1,15
2020-03-08,比利时,,-1,-1,169,0,1,0,168
2020-03-08,荷兰,,-1,-1,188,0,0,1,187
2020-03-08,沙特阿拉伯,,-1,-1,7,0,0,0,7
2020-03-08,北马其顿,,-1,-1,3,0,0,0,3
2020-03-08,斯洛伐克,,-1,-1,3,0,0,0,3
2020-03-08,巴林,,-1,-1,77,0,4,0,73
2020-03-08,河南,,16.141830600971495,9402.369999999997,1272,0,1247,22,3
2020-03-08,俄罗斯,,-1,-1,10,0,3,0,7
2020-03-08,加拿大,,-1,-1,60,0,4,0,56
2020-03-08,马尔代夫,,-1,-1,2,0,0,0,2
2020-03-08,印度,,-1,-1,34,0,3,0,31
2020-03-08,安徽,,13.352554087613001,5949.999999999999,990,0,984,6,0
2020-03-08,南非,,-1,-1,2,0,0,0,2
2020-03-08,内蒙古,,129.59443898197404,2470.640000000001,75,0,70,1,4
2020-03-08,奥地利,,-1,-1,79,0,0,0,79
2020-03-08,芬兰,,-1,-1,19,0,1,0,18
2020-03-08,爱尔兰,,-1,-1,19,0,0,0,19
2020-03-08,圣马力诺,,-1,-1,26,0,0,0,26
2020-03-08,伊拉克,,-1,-1,54,0,0,4,50
2020-03-08,匈牙利,,-1,-1,5,0,0,0,5
2020-03-08,以色列,,-1,-1,25,0,2,0,23
2020-03-08,上海,,0.8780426080414991,2301.91,342,0,314,3,25
2020-03-08,巴西,,-1,-1,19,0,0,0,19
2020-03-08,秘鲁,,-1,-1,6,0,0,0,6
2020-03-08,澳大利亚,,-1,-1,74,0,22,3,49
2020-03-08,阿根廷,,-1,-1,9,0,0,1,8
2020-03-08,埃及,,-1,-1,15,0,1,0,14
2020-03-08,卢森堡,,-1,-1,3,0,0,0,3
2020-03-08,伊朗,,-1,-1,5823,0,1669,145,4009
2020-03-08,法国,,-1,-1,949,0,12,16,921
2020-03-08,爱沙尼亚,,-1,-1,10,0,0,0,10
2020-03-08,哥伦比亚,,-1,-1,1,0,0,0,1
2020-03-08,阿联酋,,-1,-1,45,0,7,0,38
2020-03-08,新西兰,,-1,-1,5,0,0,0,5
2020-03-08,韩国,,-1,-1,7134,0,108,50,6976
2020-03-08,泰国,,-1,-1,50,0,31,1,18
2020-03-08,意大利,,-1,-1,5883,0,589,233,5061
2020-03-08,卡塔尔,,-1,-1,11,0,0,0,11
2020-03-08,越南,,-1,-1,21,0,16,0,5
2020-03-08,海南,,3.4339868098500084,867.21,168,0,159,6,3
2020-03-08,日本,,-1,-1,463,0,46,7,410
2020-03-08,多哥,,-1,-1,1,0,0,0,1
2020-03-08,哥斯达黎加,,-1,-1,1,0,0,0,1
2020-03-08,美国,,-1,-1,445,0,10,19,416
2020-03-08,菲律宾,,-1,-1,6,0,1,1,4
2020-03-08,墨西哥,,-1,-1,7,0,1,0,6
2020-03-08,至尊公主邮轮,,-1,-1,21,0,0,0,21
2020-03-08,喀麦隆,,-1,-1,2,0,0,0,2
2020-03-08,克罗地亚,,-1,-1,12,0,0,0,12
2020-03-08,香港,,0.2318597904440132,739.0,109,0,55,2,52
2020-03-08,台湾,,3.186529964356004,2274.0,45,0,13,1,31
2020-03-08,湖北,,17.5587617759675,5723.77,67707,0,45011,2986,19710
2020-03-08,江苏,,10.25282570820451,7866.000000000001,631,0,610,0,21
2020-03-08,贵州,,15.98774554200051,3474.6600000000008,146,0,117,2,27
2020-03-08,北京,,1.7347041510244987,1961.2,428,0,308,8,112
2020-03-08,江西,,15.266293405413506,4456.749999999999,935,0,918,1,16
2020-03-08,山东,,16.907928425625506,9579.3,758,0,637,6,115
2020-03-08,广西,,21.184350467812,4602.669999999999,252,0,223,2,27
2020-03-08,黑龙江,,54.46378289411001,3831.219999999999,481,0,409,13,59
2020-03-08,厄瓜多尔,,-1,-1,13,0,0,0,13
2020-03-08,科威特,,-1,-1,58,0,0,0,58
2020-03-08,重庆,,7.708797246292492,2884.62,576,0,526,6,44
2020-03-08,钻石公主号邮轮,,-1,-1,696,0,0,6,690
2020-03-08,白俄罗斯,,-1,-1,6,0,0,0,6
2020-03-08,不丹,,-1,-1,1,0,0,0,1
2020-03-08,塞内加尔,,-1,-1,4,0,0,0,4
2020-03-08,塞尔维亚,,-1,-1,1,0,0,0,1
2020-03-08,印度尼西亚,,-1,-1,4,0,0,0,4
2020-03-08,梵蒂冈,,-1,-1,1,0,0,0,1
2020-03-08,阿曼,,-1,-1,16,0,2,0,14
2020-03-08,甘肃,,43.62062148879054,2557.53,120,0,87,2,31
2020-03-08,福建,,12.243843456180494,3689.41,296,0,295,1,0
2020-03-08,河北,,19.945148081317488,7185.43,318,0,307,6,5
2020-03-08,新疆,,174.73873049803748,2219.3499999999995,76,0,72,3,1
2020-03-08,宁夏,,5.231898559560495,630.14,75,0,71,0,4
2020-03-08,澳门,,0.0007793272830000177,62.0,10,0,10,0,0
2020-03-08,陕西,,20.356404281047496,3732.72,245,0,226,1,18
2020-03-08,吉林,,21.318763727273996,2746.23,93,0,90,1,2
2020-03-08,云南,,34.276847991411515,4596.5999999999985,174,0,170,2,2
2020-03-08,拉脱维亚,,-1,-1,1,0,0,0,1
2020-03-08,列支敦士登,,-1,-1,1,0,0,0,1
2020-03-08,突尼斯,,-1,-1,1,0,0,0,1
2020-03-08,摩洛哥,,-1,-1,1,0,0,0,1
2020-03-08,乌克兰,,-1,-1,1,0,0,0,1
2020-03-08,约旦,,-1,-1,1,0,0,0,1
2020-03-08,山西,,15.996141343367011,3571.23,133,0,126,0,7
2020-03-08,多米尼加,,-1,-1,1,0,0,0,1
2020-03-08,立陶宛,,-1,-1,1,0,0,0,1
2020-03-08,阿塞拜疆,,-1,-1,3,0,0,0,3
2020-03-08,安道尔,,-1,-1,1,0,0,0,1
2020-03-08,摩纳哥,,-1,-1,1,0,0,0,1
2020-03-08,尼日利亚,,-1,-1,1,0,0,0,1
2020-03-08,尼泊尔,,-1,-1,1,0,1,0,0
2020-03-08,亚美尼亚,,-1,-1,1,0,0,0,1
2020-03-08,斯里兰卡,,-1,-1,1,0,1,0,0
2020-03-08,天津,,1.2601887440589987,1293.82,136,0,128,3,5
2020-03-08,大不列颠及北爱尔兰联合王国,,-1,-1,20,0,8,0,12
2020-03-08,英国（含北爱尔兰）,,-1,-1,20,0,8,0,12
2020-03-08,北爱尔兰,,-1,-1,1,0,0,0,1
2020-03-08,西藏,,114.28807021034801,300.22,1,0,1,0,0
2020-03-08,青海,,69.29584200680502,562.66,18,0,18,0,0
