日期,温度,湿度,aqi,更新日期
2020-01-01,0℃,37%,59,2020-01-01 00:10:00
2020-01-01,0℃,37%,56,2020-01-01 00:57:00
2020-01-01,0℃,38%,59,2020-01-01 02:08:00
2020-01-01,0℃,38%,62,2020-01-01 03:00:00
2020-01-01,0℃,37%,60,2020-01-01 03:57:00
2020-01-01,0℃,38%,56,2020-01-01 04:58:00
2020-01-01,0℃,41%,56,2020-01-01 06:06:00
2020-01-01,0℃,46%,58,2020-01-01 07:07:00
2020-01-01,0℃,46%,58,2020-01-01 08:00:00
2020-01-01,0℃,45%,59,2020-01-01 08:47:00
2020-01-01,1℃,43%,59,2020-01-01 10:10:00
2020-01-01,2℃,42%,61,2020-01-01 11:05:00
2020-01-01,2℃,41%,65,2020-01-01 11:58:00
2020-01-01,3℃,34%,68,2020-01-01 13:04:00
2020-01-01,3℃,36%,69,2020-01-01 13:53:00
2020-01-01,3℃,35%,66,2020-01-01 14:45:00
2020-01-01,3℃,34%,64,2020-01-01 15:52:00
2020-01-01,3℃,34%,64,2020-01-01 17:04:00
2020-01-01,3℃,36%,68,2020-01-01 18:10:00
2020-01-01,3℃,37%,69,2020-01-01 18:57:00
2020-01-01,2℃,45%,69,2020-01-01 19:56:00
2020-01-01,1℃,53%,77,2020-01-01 21:06:00
2020-01-01,1℃,54%,85,2020-01-01 21:48:00
2020-01-01,1℃,53%,85,2020-01-01 22:51:00
2020-01-02,1℃,51%,78,2020-01-02 00:07:00
2020-01-02,1℃,55%,93,2020-01-02 01:03:00
2020-01-02,0℃,57%,103,2020-01-02 02:03:00
2020-01-02,0℃,59%,93,2020-01-02 02:54:00
2020-01-02,0℃,67%,84,2020-01-02 04:11:00
2020-01-02,-1℃,69%,80,2020-01-02 04:52:00
2020-01-02,-1℃,72%,74,2020-01-02 05:50:00
2020-01-02,-1℃,73%,75,2020-01-02 06:48:00
2020-01-02,-1℃,73%,77,2020-01-02 07:50:00
2020-01-02,0℃,64%,78,2020-01-02 09:10:00
2020-01-02,2℃,58%,87,2020-01-02 10:10:00
2020-01-02,3℃,54%,93,2020-01-02 11:01:00
2020-01-02,4℃,47%,100,2020-01-02 12:04:00
2020-01-02,5℃,39%,102,2020-01-02 13:08:00
2020-01-02,5℃,38%,100,2020-01-02 13:48:00
2020-01-02,6℃,36%,94,2020-01-02 15:10:00
2020-01-02,6℃,36%,80,2020-01-02 16:04:00
2020-01-02,6℃,38%,69,2020-01-02 17:04:00
2020-01-02,5℃,48%,69,2020-01-02 18:08:00
2020-01-02,5℃,52%,79,2020-01-02 19:02:00
2020-01-02,5℃,53%,99,2020-01-02 20:08:00
2020-01-02,5℃,53%,110,2020-01-02 20:49:00
2020-01-02,4℃,51%,122,2020-01-02 22:04:00
2020-01-02,4℃,54%,122,2020-01-02 22:56:00
2020-01-03,4℃,57%,115,2020-01-03 01:08:00
2020-01-03,4℃,55%,102,2020-01-03 02:04:00
2020-01-03,4℃,57%,102,2020-01-03 03:12:00
2020-01-03,4℃,56%,108,2020-01-03 04:00:00
2020-01-03,4℃,57%,104,2020-01-03 04:49:00
2020-01-03,4℃,59%,97,2020-01-03 06:08:00
2020-01-03,4℃,60%,95,2020-01-03 07:04:00
2020-01-03,4℃,61%,100,2020-01-03 08:08:00
2020-01-03,4℃,59%,100,2020-01-03 09:01:00
2020-01-03,5℃,58%,107,2020-01-03 09:55:00
2020-01-03,6℃,53%,115,2020-01-03 11:20:00
2020-01-03,6℃,56%,115,2020-01-03 11:57:00
2020-01-03,6℃,47%,120,2020-01-03 12:58:00
2020-01-03,7℃,44%,122,2020-01-03 14:01:00
2020-01-03,7℃,43%,122,2020-01-03 14:50:00
2020-01-03,7℃,42%,114,2020-01-03 15:57:00
2020-01-03,7℃,44%,105,2020-01-03 17:05:00
2020-01-03,7℃,47%,109,2020-01-03 18:10:00
2020-01-03,6℃,50%,114,2020-01-03 18:53:00
2020-01-03,6℃,52%,149,2020-01-03 20:09:00
2020-01-03,6℃,53%,149,2020-01-03 21:08:00
2020-01-03,6℃,56%,145,2020-01-03 22:07:00
2020-01-03,6℃,57%,139,2020-01-03 22:55:00
2020-01-04,5℃,62%,140,2020-01-04 00:01:00
2020-01-04,5℃,64%,139,2020-01-04 01:07:00
2020-01-04,5℃,64%,130,2020-01-04 02:07:00
2020-01-04,5℃,67%,132,2020-01-04 03:01:00
2020-01-04,4℃,70%,139,2020-01-04 04:04:00
2020-01-04,3℃,74%,137,2020-01-04 04:50:00
2020-01-04,2℃,76%,137,2020-01-04 06:01:00
2020-01-04,2℃,79%,138,2020-01-04 07:00:00
2020-01-04,2℃,79%,133,2020-01-04 08:02:00
2020-01-04,3℃,74%,135,2020-01-04 09:09:00
2020-01-04,6℃,63%,143,2020-01-04 10:03:00
2020-01-04,8℃,51%,153,2020-01-04 11:09:00
2020-01-04,9℃,46%,153,2020-01-04 11:40:00
2020-01-04,9℃,49%,135,2020-01-04 12:43:00
2020-01-04,10℃,45%,115,2020-01-04 13:45:00
2020-01-04,9℃,47%,99,2020-01-04 15:05:00
2020-01-04,9℃,48%,93,2020-01-04 15:53:00
2020-01-04,9℃,51%,100,2020-01-04 17:02:00
2020-01-04,9℃,53%,108,2020-01-04 17:37:00
2020-01-04,8℃,55%,107,2020-01-04 18:58:00
2020-01-04,8℃,53%,115,2020-01-04 19:54:00
2020-01-04,8℃,56%,124,2020-01-04 21:03:00
2020-01-04,6℃,78%,125,2020-01-04 22:04:00
2020-01-04,6℃,94%,125,2020-01-04 22:56:00
2020-01-05,5℃,99%,118,2020-01-05 00:49:00
2020-01-05,5℃,99%,112,2020-01-05 01:55:00
2020-01-05,5℃,99%,104,2020-01-05 03:02:00
2020-01-05,5℃,99%,97,2020-01-05 04:07:00
2020-01-05,6℃,99%,78,2020-01-05 05:03:00
2020-01-05,6℃,99%,55,2020-01-05 06:08:00
2020-01-05,6℃,99%,38,2020-01-05 07:05:00
2020-01-05,6℃,99%,26,2020-01-05 07:56:00
2020-01-05,6℃,99%,23,2020-01-05 09:08:00
2020-01-05,6℃,99%,23,2020-01-05 09:57:00
2020-01-05,5℃,99%,25,2020-01-05 11:04:00
2020-01-05,5℃,99%,26,2020-01-05 12:10:00
2020-01-05,5℃,99%,29,2020-01-05 13:03:00
2020-01-05,5℃,99%,28,2020-01-05 13:48:00
2020-01-05,5℃,99%,30,2020-01-05 15:05:00
2020-01-05,5℃,99%,29,2020-01-05 15:50:00
2020-01-05,5℃,99%,30,2020-01-05 16:57:00
2020-01-05,5℃,99%,33,2020-01-05 18:03:00
2020-01-05,5℃,99%,33,2020-01-05 18:59:00
2020-01-05,5℃,99%,33,2020-01-05 19:42:00
2020-01-05,5℃,99%,33,2020-01-05 21:02:00
2020-01-05,5℃,99%,36,2020-01-05 21:52:00
2020-01-05,4℃,99%,30,2020-01-05 23:03:00
2020-01-06,4℃,99%,29,2020-01-06 00:42:00
2020-01-06,4℃,99%,25,2020-01-06 01:54:00
2020-01-06,4℃,99%,22,2020-01-06 03:07:00
2020-01-06,4℃,99%,22,2020-01-06 04:02:00
2020-01-06,4℃,99%,22,2020-01-06 04:56:00
2020-01-06,4℃,99%,19,2020-01-06 06:00:00
2020-01-06,4℃,99%,19,2020-01-06 07:03:00
2020-01-06,4℃,99%,18,2020-01-06 07:58:00
2020-01-06,4℃,99%,18,2020-01-06 09:07:00
2020-01-06,4℃,99%,20,2020-01-06 10:07:00
2020-01-06,4℃,99%,20,2020-01-06 10:30:00
2020-01-06,4℃,99%,22,2020-01-06 11:54:00
2020-01-06,4℃,99%,25,2020-01-06 12:52:00
2020-01-06,4℃,99%,22,2020-01-06 14:09:00
2020-01-06,3℃,99%,23,2020-01-06 15:04:00
2020-01-06,2℃,99%,20,2020-01-06 15:45:00
2020-01-06,0℃,99%,33,2020-01-06 16:59:00
2020-01-06,0℃,99%,26,2020-01-06 17:51:00
2020-01-06,0℃,99%,35,2020-01-06 19:05:00
2020-01-06,0℃,99%,43,2020-01-06 19:54:00
2020-01-06,0℃,99%,53,2020-01-06 21:03:00
2020-01-06,1℃,99%,60,2020-01-06 22:07:00
2020-01-06,1℃,99%,57,2020-01-06 23:06:00
2020-01-07,1℃,99%,53,2020-01-07 00:01:00
2020-01-07,1℃,99%,46,2020-01-07 00:56:00
2020-01-07,1℃,99%,33,2020-01-07 02:03:00
2020-01-07,1℃,99%,28,2020-01-07 02:56:00
2020-01-07,1℃,99%,29,2020-01-07 04:08:00
2020-01-07,1℃,99%,30,2020-01-07 05:03:00
2020-01-07,2℃,99%,25,2020-01-07 06:10:00
2020-01-07,2℃,99%,22,2020-01-07 07:06:00
2020-01-07,2℃,99%,35,2020-01-07 07:50:00
2020-01-07,3℃,99%,31,2020-01-07 09:04:00
2020-01-07,3℃,99%,28,2020-01-07 10:09:00
2020-01-07,4℃,96%,41,2020-01-07 11:08:00
2020-01-07,6℃,86%,53,2020-01-07 12:05:00
2020-01-07,8℃,68%,61,2020-01-07 13:08:00
2020-01-07,10℃,61%,60,2020-01-07 13:50:00
2020-01-07,10℃,54%,59,2020-01-07 14:55:00
2020-01-07,10℃,57%,53,2020-01-07 15:51:00
2020-01-07,8℃,61%,53,2020-01-07 17:05:00
2020-01-07,7℃,69%,52,2020-01-07 18:02:00
2020-01-07,5℃,88%,54,2020-01-07 19:01:00
2020-01-07,4℃,97%,63,2020-01-07 20:03:00
2020-01-07,3℃,99%,84,2020-01-07 21:09:00
2020-01-07,3℃,99%,74,2020-01-07 22:07:00
2020-01-07,3℃,99%,72,2020-01-07 22:57:00
2020-01-08,4℃,99%,69,2020-01-08 00:00:00
2020-01-08,5℃,99%,63,2020-01-08 01:10:00
2020-01-08,5℃,98%,60,2020-01-08 01:49:00
2020-01-08,4℃,99%,57,2020-01-08 03:04:00
2020-01-08,4℃,96%,58,2020-01-08 04:02:00
2020-01-08,4℃,94%,58,2020-01-08 04:58:00
2020-01-08,4℃,93%,63,2020-01-08 05:58:00
2020-01-08,4℃,91%,60,2020-01-08 06:37:00
2020-01-08,4℃,89%,59,2020-01-08 07:59:00
2020-01-08,4℃,86%,62,2020-01-08 09:01:00
2020-01-08,4℃,94%,62,2020-01-08 10:02:00
2020-01-08,4℃,96%,60,2020-01-08 10:57:00
2020-01-08,3℃,98%,62,2020-01-08 11:59:00
2020-01-08,2℃,98%,57,2020-01-08 13:00:00
2020-01-08,2℃,99%,39,2020-01-08 13:58:00
2020-01-08,1℃,99%,32,2020-01-08 14:53:00
2020-01-08,1℃,99%,28,2020-01-08 15:54:00
2020-01-08,1℃,99%,31,2020-01-08 16:55:00
2020-01-08,1℃,99%,30,2020-01-08 18:03:00
2020-01-08,1℃,99%,28,2020-01-08 18:56:00
2020-01-08,1℃,99%,25,2020-01-08 19:58:00
2020-01-08,1℃,98%,22,2020-01-08 20:44:00
2020-01-08,1℃,97%,23,2020-01-08 22:03:00
2020-01-08,1℃,98%,22,2020-01-08 23:04:00
2020-01-09,1℃,99%,22,2020-01-09 00:04:00
2020-01-09,1℃,99%,22,2020-01-09 01:09:00
2020-01-09,1℃,99%,26,2020-01-09 01:57:00
2020-01-09,1℃,99%,29,2020-01-09 02:56:00
2020-01-09,1℃,99%,35,2020-01-09 04:05:00
2020-01-09,1℃,99%,40,2020-01-09 05:01:00
2020-01-09,1℃,99%,45,2020-01-09 06:02:00
2020-01-09,1℃,99%,42,2020-01-09 07:01:00
2020-01-09,1℃,99%,38,2020-01-09 07:58:00
2020-01-09,1℃,99%,38,2020-01-09 08:59:00
2020-01-09,1℃,99%,41,2020-01-09 09:56:00
2020-01-09,2℃,99%,43,2020-01-09 11:14:00
2020-01-09,2℃,91%,43,2020-01-09 11:59:00
2020-01-09,2℃,92%,40,2020-01-09 12:58:00
2020-01-09,2℃,86%,39,2020-01-09 13:53:00
2020-01-09,2℃,84%,39,2020-01-09 15:01:00
2020-01-09,3℃,80%,40,2020-01-09 15:57:00
2020-01-09,3℃,83%,32,2020-01-09 16:55:00
2020-01-09,2℃,87%,32,2020-01-09 17:56:00
2020-01-09,2℃,88%,61,2020-01-09 19:05:00
2020-01-09,2℃,91%,57,2020-01-09 20:02:00
2020-01-09,2℃,93%,58,2020-01-09 21:04:00
2020-01-09,2℃,92%,60,2020-01-09 22:04:00
2020-01-09,2℃,96%,57,2020-01-09 23:00:00
2020-01-10,2℃,94%,43,2020-01-10 00:57:00
2020-01-10,2℃,95%,32,2020-01-10 01:55:00
2020-01-10,2℃,94%,26,2020-01-10 02:59:00
2020-01-10,2℃,92%,29,2020-01-10 04:07:00
2020-01-10,2℃,90%,33,2020-01-10 05:09:00
2020-01-10,2℃,89%,38,2020-01-10 05:54:00
2020-01-10,2℃,90%,41,2020-01-10 06:48:00
2020-01-10,2℃,90%,38,2020-01-10 08:03:00
2020-01-10,2℃,93%,43,2020-01-10 09:00:00
2020-01-10,2℃,95%,46,2020-01-10 10:04:00
2020-01-10,3℃,96%,48,2020-01-10 11:05:00
2020-01-10,3℃,93%,51,2020-01-10 11:56:00
2020-01-10,3℃,95%,57,2020-01-10 12:59:00
2020-01-10,3℃,91%,63,2020-01-10 13:47:00
2020-01-10,4℃,83%,59,2020-01-10 14:57:00
2020-01-10,4℃,85%,53,2020-01-10 15:52:00
2020-01-10,4℃,87%,48,2020-01-10 16:55:00
2020-01-10,4℃,86%,42,2020-01-10 18:06:00
2020-01-10,4℃,88%,42,2020-01-10 18:57:00
2020-01-10,4℃,93%,49,2020-01-10 19:52:00
2020-01-10,4℃,96%,58,2020-01-10 21:05:00
2020-01-10,4℃,98%,62,2020-01-10 22:01:00
2020-01-10,4℃,98%,58,2020-01-10 22:58:00
2020-01-11,3℃,99%,47,2020-01-11 01:03:00
2020-01-11,3℃,99%,49,2020-01-11 01:52:00
2020-01-11,3℃,99%,48,2020-01-11 02:47:00
2020-01-11,3℃,99%,48,2020-01-11 04:04:00
2020-01-11,3℃,99%,46,2020-01-11 04:57:00
2020-01-11,3℃,99%,40,2020-01-11 06:10:00
2020-01-11,2℃,99%,36,2020-01-11 06:55:00
2020-01-11,2℃,99%,39,2020-01-11 08:01:00
2020-01-11,2℃,99%,46,2020-01-11 09:01:00
2020-01-11,3℃,98%,42,2020-01-11 10:00:00
2020-01-11,5℃,88%,48,2020-01-11 10:51:00
2020-01-11,7℃,66%,54,2020-01-11 12:07:00
2020-01-11,8℃,59%,56,2020-01-11 12:59:00
2020-01-11,8℃,59%,52,2020-01-11 13:58:00
2020-01-11,8℃,60%,42,2020-01-11 14:59:00
2020-01-11,8℃,62%,38,2020-01-11 15:55:00
2020-01-11,7℃,65%,40,2020-01-11 16:44:00
2020-01-11,7℃,66%,36,2020-01-11 17:52:00
2020-01-11,6℃,67%,39,2020-01-11 19:00:00
2020-01-11,5℃,80%,45,2020-01-11 20:05:00
2020-01-11,4℃,87%,55,2020-01-11 20:41:00
2020-01-11,2℃,98%,65,2020-01-11 22:04:00
2020-01-11,2℃,99%,58,2020-01-11 22:55:00
2020-01-12,1℃,99%,55,2020-01-12 01:00:00
2020-01-12,1℃,99%,52,2020-01-12 02:00:00
2020-01-12,0℃,99%,49,2020-01-12 03:00:00
2020-01-12,0℃,99%,55,2020-01-12 04:00:00
2020-01-12,0℃,99%,53,2020-01-12 05:00:00
2020-01-12,0℃,99%,50,2020-01-12 06:09:00
2020-01-12,1℃,99%,46,2020-01-12 07:07:00
2020-01-12,1℃,99%,42,2020-01-12 08:02:00
2020-01-12,2℃,99%,50,2020-01-12 09:00:00
2020-01-12,2℃,99%,53,2020-01-12 10:00:00
2020-01-12,3℃,99%,63,2020-01-12 11:20:00
2020-01-12,3℃,93%,63,2020-01-12 11:57:00
2020-01-12,4℃,80%,66,2020-01-12 13:04:00
2020-01-12,5℃,73%,68,2020-01-12 13:53:00
2020-01-12,6℃,68%,64,2020-01-12 14:55:00
2020-01-12,6℃,65%,57,2020-01-12 15:51:00
2020-01-12,5℃,70%,52,2020-01-12 16:59:00
2020-01-12,5℃,73%,53,2020-01-12 18:03:00
2020-01-12,4℃,75%,53,2020-01-12 18:43:00
2020-01-12,4℃,87%,56,2020-01-12 20:00:00
2020-01-12,3℃,91%,70,2020-01-12 20:55:00
2020-01-12,3℃,89%,74,2020-01-12 22:00:00
2020-01-12,3℃,90%,70,2020-01-12 23:00:00
2020-01-13,3℃,93%,70,2020-01-13 00:01:00
2020-01-13,3℃,94%,68,2020-01-13 00:51:00
2020-01-13,3℃,95%,62,2020-01-13 02:00:00
2020-01-13,3℃,94%,55,2020-01-13 02:48:00
2020-01-13,3℃,94%,56,2020-01-13 03:52:00
2020-01-13,3℃,95%,62,2020-01-13 04:54:00
2020-01-13,3℃,95%,63,2020-01-13 06:04:00
2020-01-13,3℃,95%,56,2020-01-13 06:58:00
2020-01-13,3℃,92%,57,2020-01-13 08:05:00
2020-01-13,4℃,91%,60,2020-01-13 08:41:00
2020-01-13,4℃,89%,63,2020-01-13 09:55:00
2020-01-13,4℃,92%,72,2020-01-13 10:53:00
2020-01-13,4℃,98%,84,2020-01-13 12:00:00
2020-01-13,4℃,99%,99,2020-01-13 12:59:00
2020-01-13,5℃,97%,99,2020-01-13 14:02:00
2020-01-13,5℃,88%,90,2020-01-13 14:50:00
2020-01-13,5℃,86%,84,2020-01-13 15:55:00
2020-01-13,5℃,84%,83,2020-01-13 16:50:00
2020-01-13,5℃,80%,88,2020-01-13 17:38:00
2020-01-13,4℃,94%,95,2020-01-13 18:52:00
2020-01-13,3℃,98%,103,2020-01-13 19:52:00
2020-01-13,2℃,99%,113,2020-01-13 20:41:00
2020-01-13,2℃,99%,114,2020-01-13 21:56:00
2020-01-13,1℃,99%,104,2020-01-13 22:58:00
2020-01-14,2℃,99%,95,2020-01-14 00:05:00
2020-01-14,2℃,99%,92,2020-01-14 00:53:00
2020-01-14,2℃,99%,97,2020-01-14 01:59:00
2020-01-14,2℃,99%,103,2020-01-14 03:03:00
2020-01-14,2℃,99%,98,2020-01-14 04:04:00
2020-01-14,2℃,99%,94,2020-01-14 05:09:00
2020-01-14,2℃,99%,92,2020-01-14 05:46:00
2020-01-14,2℃,95%,80,2020-01-14 06:59:00
2020-01-14,2℃,87%,75,2020-01-14 07:58:00
2020-01-14,2℃,74%,85,2020-01-14 09:04:00
2020-01-14,3℃,67%,103,2020-01-14 10:05:00
2020-01-14,3℃,58%,118,2020-01-14 10:57:00
2020-01-14,4℃,54%,130,2020-01-14 12:02:00
2020-01-14,5℃,50%,127,2020-01-14 12:55:00
2020-01-14,5℃,49%,117,2020-01-14 13:58:00
2020-01-14,4℃,50%,110,2020-01-14 15:02:00
2020-01-14,4℃,55%,108,2020-01-14 15:51:00
2020-01-14,4℃,61%,107,2020-01-14 16:54:00
2020-01-14,4℃,61%,119,2020-01-14 17:44:00
2020-01-14,3℃,62%,134,2020-01-14 18:54:00
2020-01-14,3℃,61%,142,2020-01-14 19:51:00
2020-01-14,3℃,65%,139,2020-01-14 20:56:00
2020-01-14,3℃,66%,135,2020-01-14 21:46:00
2020-01-14,3℃,68%,137,2020-01-14 22:43:00
2020-01-15,3℃,65%,138,2020-01-15 00:00:00
2020-01-15,3℃,62%,137,2020-01-15 00:57:00
2020-01-15,2℃,64%,138,2020-01-15 01:57:00
2020-01-15,2℃,65%,135,2020-01-15 02:51:00
2020-01-15,2℃,68%,132,2020-01-15 04:09:00
2020-01-15,1℃,72%,132,2020-01-15 04:45:00
2020-01-15,0℃,84%,134,2020-01-15 06:00:00
2020-01-15,0℃,89%,134,2020-01-15 06:53:00
2020-01-15,0℃,90%,128,2020-01-15 08:05:00
2020-01-15,0℃,96%,122,2020-01-15 09:04:00
2020-01-15,0℃,90%,119,2020-01-15 09:58:00
2020-01-15,0℃,91%,115,2020-01-15 10:35:00
2020-01-15,0℃,91%,112,2020-01-15 12:00:00
2020-01-15,0℃,87%,109,2020-01-15 13:00:00
2020-01-15,0℃,90%,108,2020-01-15 14:00:00
2020-01-15,0℃,86%,102,2020-01-15 15:00:00
2020-01-15,0℃,83%,98,2020-01-15 16:00:00
2020-01-15,0℃,83%,95,2020-01-15 17:00:00
2020-01-15,0℃,85%,98,2020-01-15 18:00:00
2020-01-15,0℃,85%,109,2020-01-15 19:00:00
2020-01-15,0℃,85%,109,2020-01-15 20:00:00
2020-01-15,0℃,83%,110,2020-01-15 21:03:00
2020-01-15,0℃,84%,112,2020-01-15 22:00:00
2020-01-15,0℃,86%,108,2020-01-15 23:00:00
2020-01-16,0℃,88%,108,2020-01-16 00:00:00
2020-01-16,0℃,88%,103,2020-01-16 00:52:00
2020-01-16,0℃,88%,93,2020-01-16 02:00:00
2020-01-16,0℃,91%,90,2020-01-16 03:00:00
2020-01-16,0℃,91%,88,2020-01-16 04:00:00
2020-01-16,0℃,90%,92,2020-01-16 04:49:00
2020-01-16,0℃,91%,92,2020-01-16 05:58:00
2020-01-16,0℃,91%,92,2020-01-16 07:10:00
2020-01-16,0℃,89%,87,2020-01-16 08:00:00
2020-01-16,0℃,87%,94,2020-01-16 09:00:00
2020-01-16,1℃,83%,104,2020-01-16 10:08:00
2020-01-16,2℃,77%,102,2020-01-16 11:00:00
2020-01-16,4℃,73%,102,2020-01-16 12:00:00
2020-01-16,4℃,65%,100,2020-01-16 13:00:00
2020-01-16,5℃,63%,90,2020-01-16 14:00:00
2020-01-16,6℃,62%,85,2020-01-16 15:00:00
2020-01-16,5℃,68%,80,2020-01-16 16:00:00
2020-01-16,4℃,69%,72,2020-01-16 17:00:00
2020-01-16,3℃,73%,74,2020-01-16 18:00:00
2020-01-16,3℃,72%,80,2020-01-16 19:00:00
2020-01-16,3℃,72%,84,2020-01-16 19:42:00
2020-01-16,3℃,76%,90,2020-01-16 21:00:00
2020-01-16,2℃,78%,97,2020-01-16 21:55:00
2020-01-16,2℃,80%,93,2020-01-16 23:00:00
2020-01-17,2℃,78%,97,2020-01-17 01:00:00
2020-01-17,2℃,79%,94,2020-01-17 02:00:00
2020-01-17,2℃,81%,94,2020-01-17 03:00:00
2020-01-17,2℃,82%,92,2020-01-17 04:00:00
2020-01-17,2℃,82%,93,2020-01-17 05:00:00
2020-01-17,2℃,83%,95,2020-01-17 05:40:00
2020-01-17,2℃,83%,99,2020-01-17 07:10:00
2020-01-17,2℃,83%,100,2020-01-17 08:00:00
2020-01-17,2℃,79%,103,2020-01-17 08:52:00
2020-01-17,3℃,75%,104,2020-01-17 10:00:00
2020-01-17,3℃,75%,103,2020-01-17 10:52:00
2020-01-17,3℃,71%,102,2020-01-17 12:01:00
2020-01-17,5℃,66%,95,2020-01-17 13:12:00
2020-01-17,5℃,65%,94,2020-01-17 13:55:00
2020-01-17,7℃,57%,92,2020-01-17 15:10:00
2020-01-17,8℃,55%,84,2020-01-17 16:02:00
2020-01-17,7℃,58%,84,2020-01-17 17:10:00
2020-01-17,6℃,63%,82,2020-01-17 18:04:00
2020-01-17,5℃,67%,79,2020-01-17 18:57:00
2020-01-17,4℃,75%,94,2020-01-17 20:07:00
2020-01-17,3℃,86%,105,2020-01-17 21:05:00
2020-01-17,2℃,91%,105,2020-01-17 22:02:00
2020-01-17,2℃,95%,108,2020-01-17 23:02:00
2020-01-18,1℃,99%,107,2020-01-18 00:13:00
2020-01-18,0℃,99%,103,2020-01-18 01:15:00
2020-01-18,0℃,99%,97,2020-01-18 02:15:00
2020-01-18,0℃,99%,84,2020-01-18 03:08:00
2020-01-18,0℃,99%,75,2020-01-18 03:54:00
2020-01-18,-1℃,99%,74,2020-01-18 05:09:00
2020-01-18,0℃,99%,75,2020-01-18 05:54:00
2020-01-18,0℃,99%,69,2020-01-18 07:13:00
2020-01-18,0℃,99%,73,2020-01-18 08:09:00
2020-01-18,1℃,99%,75,2020-01-18 09:10:00
2020-01-18,1℃,99%,77,2020-01-18 10:02:00
2020-01-18,2℃,95%,83,2020-01-18 11:03:00
2020-01-18,3℃,88%,87,2020-01-18 12:01:00
2020-01-18,3℃,84%,103,2020-01-18 13:02:00
2020-01-18,4℃,79%,104,2020-01-18 13:59:00
2020-01-18,4℃,78%,90,2020-01-18 15:05:00
2020-01-18,4℃,78%,84,2020-01-18 15:55:00
2020-01-18,4℃,78%,90,2020-01-18 16:57:00
2020-01-18,4℃,80%,95,2020-01-18 18:04:00
2020-01-18,4℃,83%,99,2020-01-18 19:10:00
2020-01-18,4℃,85%,115,2020-01-18 20:05:00
2020-01-18,3℃,91%,123,2020-01-18 21:09:00
2020-01-18,3℃,89%,122,2020-01-18 22:01:00
2020-01-18,3℃,93%,119,2020-01-18 23:09:00
2020-01-19,2℃,95%,90,2020-01-19 00:59:00
2020-01-19,2℃,96%,80,2020-01-19 01:58:00
2020-01-19,1℃,98%,68,2020-01-19 02:52:00
2020-01-19,1℃,99%,63,2020-01-19 04:08:00
2020-01-19,1℃,99%,60,2020-01-19 04:58:00
2020-01-19,1℃,98%,63,2020-01-19 05:56:00
2020-01-19,0℃,99%,64,2020-01-19 06:58:00
2020-01-19,1℃,99%,63,2020-01-19 07:53:00
2020-01-19,2℃,95%,63,2020-01-19 09:05:00
2020-01-19,4℃,77%,68,2020-01-19 10:07:00
2020-01-19,7℃,60%,69,2020-01-19 11:05:00
2020-01-19,9℃,43%,75,2020-01-19 11:52:00
2020-01-19,10℃,36%,75,2020-01-19 12:55:00
2020-01-19,12℃,32%,64,2020-01-19 14:04:00
2020-01-19,12℃,31%,52,2020-01-19 15:05:00
2020-01-19,12℃,23%,41,2020-01-19 16:05:00
2020-01-19,12℃,26%,40,2020-01-19 16:54:00
2020-01-19,10℃,31%,35,2020-01-19 18:09:00
2020-01-19,7℃,50%,34,2020-01-19 19:06:00
2020-01-19,5℃,56%,55,2020-01-19 19:58:00
2020-01-19,4℃,63%,69,2020-01-19 21:08:00
2020-01-19,3℃,66%,74,2020-01-19 21:59:00
2020-01-19,3℃,69%,78,2020-01-19 23:09:00
2020-01-20,2℃,69%,76,2020-01-20 00:06:00
2020-01-20,2℃,71%,67,2020-01-20 00:56:00
2020-01-20,1℃,77%,61,2020-01-20 01:55:00
2020-01-20,1℃,80%,59,2020-01-20 03:06:00
2020-01-20,0℃,86%,53,2020-01-20 03:56:00
2020-01-20,0℃,88%,47,2020-01-20 04:58:00
2020-01-20,0℃,86%,48,2020-01-20 06:06:00
2020-01-20,0℃,86%,47,2020-01-20 07:04:00
2020-01-20,0℃,89%,49,2020-01-20 07:54:00
2020-01-20,1℃,84%,53,2020-01-20 09:01:00
2020-01-20,3℃,73%,56,2020-01-20 10:07:00
2020-01-20,6℃,61%,64,2020-01-20 10:59:00
2020-01-20,9℃,45%,72,2020-01-20 11:53:00
2020-01-20,11℃,40%,72,2020-01-20 13:01:00
2020-01-20,12℃,31%,63,2020-01-20 13:55:00
2020-01-20,11℃,32%,55,2020-01-20 15:10:00
2020-01-20,11℃,30%,51,2020-01-20 15:58:00
2020-01-20,10℃,43%,44,2020-01-20 17:09:00
2020-01-20,8℃,44%,41,2020-01-20 18:10:00
2020-01-20,8℃,50%,49,2020-01-20 19:02:00
2020-01-20,7℃,58%,55,2020-01-20 20:09:00
2020-01-20,7℃,60%,60,2020-01-20 21:09:00
2020-01-20,7℃,58%,79,2020-01-20 22:08:00
2020-01-20,7℃,55%,84,2020-01-20 23:05:00
2020-01-21,7℃,52%,85,2020-01-21 00:09:00
2020-01-21,6℃,50%,89,2020-01-21 01:06:00
2020-01-21,6℃,53%,90,2020-01-21 01:54:00
2020-01-21,5℃,62%,88,2020-01-21 02:52:00
2020-01-21,5℃,54%,83,2020-01-21 03:55:00
2020-01-21,5℃,57%,79,2020-01-21 04:52:00
2020-01-21,5℃,57%,82,2020-01-21 06:00:00
2020-01-21,5℃,60%,84,2020-01-21 06:58:00
2020-01-21,4℃,65%,85,2020-01-21 08:04:00
2020-01-21,4℃,74%,85,2020-01-21 09:02:00
2020-01-21,4℃,73%,90,2020-01-21 10:05:00
2020-01-21,4℃,74%,97,2020-01-21 11:17:00
2020-01-21,4℃,74%,97,2020-01-21 12:04:00
2020-01-21,5℃,74%,98,2020-01-21 12:55:00
2020-01-21,5℃,70%,102,2020-01-21 13:56:00
2020-01-21,5℃,67%,98,2020-01-21 14:55:00
2020-01-21,6℃,68%,94,2020-01-21 16:09:00
2020-01-21,5℃,68%,100,2020-01-21 16:59:00
2020-01-21,5℃,68%,105,2020-01-21 17:56:00
2020-01-21,5℃,69%,104,2020-01-21 19:04:00
2020-01-21,5℃,71%,99,2020-01-21 19:59:00
2020-01-21,5℃,73%,102,2020-01-21 20:57:00
2020-01-21,5℃,73%,113,2020-01-21 22:02:00
2020-01-21,5℃,74%,117,2020-01-21 22:54:00
2020-01-22,4℃,84%,110,2020-01-22 01:01:00
2020-01-22,3℃,91%,110,2020-01-22 01:59:00
2020-01-22,2℃,97%,110,2020-01-22 03:07:00
2020-01-22,3℃,93%,110,2020-01-22 04:02:00
2020-01-22,3℃,90%,110,2020-01-22 04:59:00
2020-01-22,2℃,92%,105,2020-01-22 05:52:00
2020-01-22,3℃,90%,104,2020-01-22 07:00:00
2020-01-22,3℃,91%,109,2020-01-22 07:39:00
2020-01-22,3℃,91%,112,2020-01-22 09:07:00
2020-01-22,3℃,86%,110,2020-01-22 09:52:00
2020-01-22,4℃,82%,114,2020-01-22 10:58:00
2020-01-22,5℃,79%,122,2020-01-22 11:50:00
2020-01-22,6℃,68%,122,2020-01-22 13:11:00
2020-01-22,8℃,60%,119,2020-01-22 13:57:00
2020-01-22,9℃,57%,123,2020-01-22 14:54:00
2020-01-22,9℃,57%,115,2020-01-22 16:07:00
2020-01-22,8℃,59%,103,2020-01-22 17:10:00
2020-01-22,7℃,68%,102,2020-01-22 17:59:00
2020-01-22,7℃,69%,99,2020-01-22 18:57:00
2020-01-22,6℃,75%,105,2020-01-22 20:09:00
2020-01-22,4℃,85%,113,2020-01-22 21:10:00
2020-01-22,4℃,87%,114,2020-01-22 21:56:00
2020-01-22,3℃,94%,118,2020-01-22 23:08:00
2020-01-23,3℃,96%,118,2020-01-23 00:07:00
2020-01-23,2℃,99%,113,2020-01-23 01:08:00
2020-01-23,2℃,99%,107,2020-01-23 02:08:00
2020-01-23,1℃,99%,98,2020-01-23 02:53:00
2020-01-23,1℃,99%,93,2020-01-23 03:58:00
2020-01-23,0℃,99%,93,2020-01-23 05:09:00
2020-01-23,0℃,99%,92,2020-01-23 06:15:00
2020-01-23,0℃,99%,85,2020-01-23 07:11:00
2020-01-23,0℃,99%,80,2020-01-23 07:54:00
2020-01-23,0℃,99%,79,2020-01-23 08:52:00
2020-01-23,2℃,99%,78,2020-01-23 10:10:00
2020-01-23,4℃,91%,83,2020-01-23 11:04:00
2020-01-23,5℃,81%,83,2020-01-23 12:09:00
2020-01-23,6℃,75%,88,2020-01-23 13:03:00
2020-01-23,7℃,71%,97,2020-01-23 14:10:00
2020-01-23,8℃,64%,107,2020-01-23 15:04:00
2020-01-23,8℃,66%,112,2020-01-23 15:57:00
2020-01-23,8℃,66%,113,2020-01-23 16:56:00
2020-01-23,7℃,69%,115,2020-01-23 17:56:00
2020-01-23,7℃,73%,122,2020-01-23 19:04:00
2020-01-23,7℃,71%,124,2020-01-23 19:54:00
2020-01-23,6℃,77%,134,2020-01-23 21:07:00
2020-01-23,6℃,78%,138,2020-01-23 21:56:00
2020-01-23,6℃,78%,133,2020-01-23 23:10:00
2020-01-24,4℃,88%,114,2020-01-24 00:59:00
2020-01-24,4℃,89%,83,2020-01-24 02:03:00
2020-01-24,4℃,99%,55,2020-01-24 02:57:00
2020-01-24,4℃,99%,55,2020-01-24 03:59:00
2020-01-24,4℃,99%,55,2020-01-24 04:52:00
2020-01-24,4℃,99%,58,2020-01-24 06:08:00
2020-01-24,4℃,99%,58,2020-01-24 07:07:00
2020-01-24,4℃,99%,54,2020-01-24 07:56:00
2020-01-24,4℃,96%,57,2020-01-24 08:52:00
2020-01-24,4℃,94%,54,2020-01-24 09:56:00
2020-01-24,4℃,97%,53,2020-01-24 11:08:00
2020-01-24,4℃,97%,50,2020-01-24 12:09:00
2020-01-24,3℃,97%,43,2020-01-24 12:57:00
2020-01-24,4℃,98%,46,2020-01-24 14:08:00
2020-01-24,3℃,98%,55,2020-01-24 15:08:00
2020-01-24,3℃,99%,62,2020-01-24 15:54:00
2020-01-24,3℃,99%,73,2020-01-24 16:52:00
2020-01-24,3℃,99%,84,2020-01-24 17:55:00
2020-01-24,3℃,97%,88,2020-01-24 19:06:00
2020-01-24,2℃,98%,88,2020-01-24 19:58:00
2020-01-24,2℃,99%,83,2020-01-24 20:57:00
2020-01-24,2℃,99%,77,2020-01-24 21:53:00
2020-01-24,2℃,99%,74,2020-01-24 22:57:00
2020-01-25,2℃,99%,73,2020-01-25 00:10:00
2020-01-25,2℃,99%,72,2020-01-25 01:05:00
2020-01-25,2℃,99%,73,2020-01-25 01:52:00
2020-01-25,2℃,99%,74,2020-01-25 02:54:00
2020-01-25,2℃,99%,73,2020-01-25 04:12:00
2020-01-25,2℃,99%,72,2020-01-25 05:05:00
2020-01-25,2℃,99%,69,2020-01-25 06:04:00
2020-01-25,2℃,99%,65,2020-01-25 06:54:00
2020-01-25,2℃,99%,63,2020-01-25 07:56:00
2020-01-25,3℃,99%,63,2020-01-25 08:52:00
2020-01-25,3℃,99%,64,2020-01-25 09:53:00
2020-01-25,3℃,99%,68,2020-01-25 11:02:00
2020-01-25,3℃,99%,70,2020-01-25 11:54:00
2020-01-25,3℃,97%,69,2020-01-25 12:53:00
2020-01-25,3℃,99%,67,2020-01-25 14:07:00
2020-01-25,3℃,90%,67,2020-01-25 15:08:00
2020-01-25,3℃,91%,72,2020-01-25 16:07:00
2020-01-25,3℃,88%,79,2020-01-25 16:45:00
2020-01-25,3℃,88%,85,2020-01-25 18:06:00
2020-01-25,3℃,80%,85,2020-01-25 19:03:00
2020-01-25,3℃,77%,88,2020-01-25 20:08:00
2020-01-25,3℃,75%,87,2020-01-25 20:49:00
2020-01-25,3℃,79%,77,2020-01-25 21:44:00
2020-01-25,2℃,86%,70,2020-01-25 22:53:00
2020-01-26,2℃,90%,67,2020-01-26 00:10:00
2020-01-26,1℃,96%,65,2020-01-26 01:07:00
2020-01-26,1℃,96%,59,2020-01-26 01:53:00
2020-01-26,1℃,96%,52,2020-01-26 03:04:00
2020-01-26,1℃,93%,48,2020-01-26 03:59:00
2020-01-26,1℃,89%,48,2020-01-26 05:06:00
2020-01-26,1℃,89%,48,2020-01-26 05:58:00
2020-01-26,1℃,95%,48,2020-01-26 07:07:00
2020-01-26,1℃,98%,43,2020-01-26 08:08:00
2020-01-26,2℃,95%,45,2020-01-26 08:53:00
2020-01-26,1℃,93%,45,2020-01-26 10:00:00
2020-01-26,2℃,92%,45,2020-01-26 10:58:00
2020-01-26,2℃,83%,50,2020-01-26 12:09:00
2020-01-26,3℃,84%,55,2020-01-26 12:51:00
2020-01-26,3℃,76%,64,2020-01-26 14:04:00
2020-01-26,4℃,68%,77,2020-01-26 15:02:00
2020-01-26,4℃,64%,87,2020-01-26 15:58:00
2020-01-26,4℃,64%,92,2020-01-26 16:47:00
2020-01-26,3℃,68%,93,2020-01-26 18:02:00
2020-01-26,3℃,73%,85,2020-01-26 18:57:00
2020-01-26,1℃,89%,85,2020-01-26 20:10:00
2020-01-26,0℃,95%,92,2020-01-26 21:04:00
2020-01-26,0℃,99%,94,2020-01-26 21:59:00
2020-01-26,0℃,99%,93,2020-01-26 23:06:00
2020-01-27,0℃,98%,92,2020-01-27 00:13:00
2020-01-27,0℃,95%,87,2020-01-27 01:08:00
2020-01-27,0℃,95%,78,2020-01-27 02:03:00
2020-01-27,0℃,97%,78,2020-01-27 03:12:00
2020-01-27,0℃,98%,75,2020-01-27 04:09:00
2020-01-27,0℃,98%,72,2020-01-27 05:08:00
2020-01-27,0℃,99%,74,2020-01-27 06:11:00
2020-01-27,0℃,99%,72,2020-01-27 07:15:00
2020-01-27,0℃,99%,69,2020-01-27 08:01:00
2020-01-27,0℃,98%,69,2020-01-27 09:02:00
2020-01-27,1℃,87%,70,2020-01-27 09:57:00
2020-01-27,3℃,77%,69,2020-01-27 11:09:00
2020-01-27,3℃,74%,72,2020-01-27 11:59:00
2020-01-27,4℃,67%,77,2020-01-27 13:10:00
2020-01-27,5℃,62%,79,2020-01-27 14:13:00
2020-01-27,6℃,59%,79,2020-01-27 15:07:00
2020-01-27,6℃,55%,77,2020-01-27 16:11:00
2020-01-27,6℃,57%,70,2020-01-27 17:13:00
2020-01-27,4℃,73%,67,2020-01-27 18:15:00
2020-01-27,3℃,78%,64,2020-01-27 18:59:00
2020-01-27,2℃,87%,70,2020-01-27 20:16:00
2020-01-27,2℃,90%,82,2020-01-27 21:07:00
2020-01-27,2℃,89%,82,2020-01-27 22:03:00
2020-01-27,2℃,88%,80,2020-01-27 22:53:00
2020-01-28,2℃,90%,78,2020-01-28 00:11:00
2020-01-28,1℃,93%,74,2020-01-28 01:03:00
2020-01-28,0℃,98%,64,2020-01-28 02:13:00
2020-01-28,0℃,99%,54,2020-01-28 03:08:00
2020-01-28,0℃,99%,52,2020-01-28 03:57:00
2020-01-28,0℃,99%,48,2020-01-28 05:14:00
2020-01-28,0℃,99%,45,2020-01-28 05:52:00
2020-01-28,0℃,99%,43,2020-01-28 07:04:00
2020-01-28,0℃,99%,42,2020-01-28 08:07:00
2020-01-28,0℃,99%,42,2020-01-28 08:52:00
2020-01-28,1℃,94%,42,2020-01-28 09:58:00
2020-01-28,5℃,71%,42,2020-01-28 11:04:00
2020-01-28,8℃,50%,43,2020-01-28 12:11:00
2020-01-28,10℃,43%,45,2020-01-28 12:57:00
2020-01-28,11℃,37%,42,2020-01-28 14:06:00
2020-01-28,11℃,34%,39,2020-01-28 14:54:00
2020-01-28,11℃,29%,35,2020-01-28 16:04:00
2020-01-28,11℃,33%,33,2020-01-28 17:04:00
2020-01-28,9℃,36%,38,2020-01-28 17:53:00
2020-01-28,6℃,57%,43,2020-01-28 19:04:00
2020-01-28,4℃,66%,45,2020-01-28 19:55:00
2020-01-28,3℃,72%,54,2020-01-28 21:05:00
2020-01-28,3℃,75%,58,2020-01-28 22:05:00
2020-01-28,2℃,83%,52,2020-01-28 23:09:00
2020-01-29,1℃,84%,45,2020-01-29 00:00:00
2020-01-29,1℃,87%,46,2020-01-29 01:01:00
2020-01-29,1℃,87%,48,2020-01-29 02:02:00
2020-01-29,0℃,89%,43,2020-01-29 03:12:00
2020-01-29,0℃,93%,35,2020-01-29 04:06:00
2020-01-29,0℃,94%,33,2020-01-29 04:59:00
2020-01-29,0℃,93%,32,2020-01-29 05:57:00
2020-01-29,0℃,95%,31,2020-01-29 06:57:00
2020-01-29,0℃,95%,30,2020-01-29 07:55:00
2020-01-29,0℃,88%,32,2020-01-29 08:52:00
2020-01-29,3℃,74%,32,2020-01-29 10:00:00
2020-01-29,6℃,61%,32,2020-01-29 10:56:00
2020-01-29,11℃,43%,33,2020-01-29 12:04:00
2020-01-29,12℃,34%,36,2020-01-29 13:02:00
2020-01-29,13℃,32%,35,2020-01-29 14:01:00
2020-01-29,14℃,30%,38,2020-01-29 15:02:00
2020-01-29,13℃,26%,36,2020-01-29 16:14:00
2020-01-29,13℃,27%,35,2020-01-29 17:04:00
2020-01-29,11℃,31%,32,2020-01-29 17:54:00
2020-01-29,8℃,48%,39,2020-01-29 19:15:00
2020-01-29,6℃,57%,49,2020-01-29 20:03:00
2020-01-29,5℃,62%,59,2020-01-29 20:47:00
2020-01-29,4℃,67%,62,2020-01-29 22:09:00
2020-01-29,4℃,66%,59,2020-01-29 23:01:00
2020-01-30,1℃,76%,52,2020-01-30 01:04:00
2020-01-30,1℃,77%,43,2020-01-30 01:58:00
2020-01-30,0℃,85%,39,2020-01-30 03:05:00
2020-01-30,0℃,90%,40,2020-01-30 04:08:00
2020-01-30,0℃,90%,43,2020-01-30 05:07:00
2020-01-30,0℃,94%,39,2020-01-30 06:02:00
2020-01-30,0℃,95%,35,2020-01-30 07:07:00
2020-01-30,-1℃,94%,38,2020-01-30 07:54:00
2020-01-30,1℃,85%,39,2020-01-30 08:57:00
2020-01-30,4℃,70%,38,2020-01-30 10:02:00
2020-01-30,7℃,55%,38,2020-01-30 11:01:00
2020-01-30,10℃,37%,40,2020-01-30 12:12:00
2020-01-30,13℃,28%,45,2020-01-30 13:04:00
2020-01-30,14℃,25%,40,2020-01-30 13:59:00
2020-01-30,14℃,23%,40,2020-01-30 15:05:00
2020-01-30,15℃,21%,39,2020-01-30 15:57:00
2020-01-30,14℃,24%,39,2020-01-30 17:13:00
2020-01-30,11℃,29%,36,2020-01-30 18:17:00
2020-01-30,10℃,29%,36,2020-01-30 19:15:00
2020-01-30,8℃,39%,38,2020-01-30 20:03:00
2020-01-30,6℃,54%,45,2020-01-30 21:15:00
2020-01-30,5℃,63%,55,2020-01-30 22:12:00
2020-01-30,4℃,69%,57,2020-01-30 23:05:00
2020-01-31,2℃,69%,52,2020-01-31 00:58:00
2020-01-31,1℃,75%,48,2020-01-31 02:00:00
2020-01-31,1℃,77%,42,2020-01-31 03:07:00
2020-01-31,0℃,83%,39,2020-01-31 04:05:00
2020-01-31,0℃,84%,39,2020-01-31 05:14:00
2020-01-31,0℃,83%,39,2020-01-31 06:11:00
2020-01-31,0℃,87%,39,2020-01-31 07:08:00
2020-01-31,0℃,91%,39,2020-01-31 08:09:00
2020-01-31,1℃,81%,42,2020-01-31 08:59:00
2020-01-31,4℃,67%,40,2020-01-31 10:02:00
2020-01-31,9℃,44%,41,2020-01-31 11:12:00
2020-01-31,11℃,41%,49,2020-01-31 11:59:00
2020-01-31,12℃,38%,54,2020-01-31 13:10:00
2020-01-31,13℃,36%,55,2020-01-31 14:00:00
2020-01-31,13℃,33%,55,2020-01-31 15:04:00
2020-01-31,13℃,37%,52,2020-01-31 15:57:00
2020-01-31,12℃,37%,52,2020-01-31 16:59:00
2020-01-31,11℃,40%,57,2020-01-31 17:59:00
2020-01-31,10℃,46%,58,2020-01-31 19:11:00
2020-01-31,9℃,52%,59,2020-01-31 19:53:00
2020-01-31,8℃,60%,68,2020-01-31 21:05:00
2020-01-31,6℃,66%,75,2020-01-31 21:55:00
2020-01-31,5℃,74%,79,2020-01-31 23:08:00
2020-02-01,4℃,74%,78,2020-02-01 01:01:00
2020-02-01,4℃,75%,74,2020-02-01 02:06:00
2020-02-01,4℃,78%,72,2020-02-01 03:03:00
2020-02-01,4℃,76%,68,2020-02-01 04:02:00
2020-02-01,4℃,78%,65,2020-02-01 05:14:00
2020-02-01,4℃,79%,67,2020-02-01 06:08:00
2020-02-01,4℃,82%,72,2020-02-01 06:54:00
2020-02-01,3℃,84%,74,2020-02-01 08:04:00
2020-02-01,4℃,83%,72,2020-02-01 09:01:00
2020-02-01,6℃,73%,77,2020-02-01 09:55:00
2020-02-01,8℃,62%,80,2020-02-01 11:07:00
2020-02-01,9℃,58%,83,2020-02-01 12:05:00
2020-02-01,9℃,59%,85,2020-02-01 13:03:00
2020-02-01,9℃,59%,93,2020-02-01 14:05:00
2020-02-01,9℃,57%,102,2020-02-01 15:01:00
2020-02-01,9℃,54%,107,2020-02-01 16:05:00
2020-02-01,9℃,55%,112,2020-02-01 16:54:00
2020-02-01,8℃,57%,115,2020-02-01 18:07:00
2020-02-01,8℃,61%,115,2020-02-01 18:53:00
2020-02-01,7℃,64%,120,2020-02-01 20:02:00
2020-02-01,6℃,72%,129,2020-02-01 21:05:00
2020-02-01,6℃,73%,137,2020-02-01 22:14:00
2020-02-01,6℃,73%,135,2020-02-01 22:56:00
2020-02-02,6℃,73%,124,2020-02-02 00:06:00
2020-02-02,5℃,74%,117,2020-02-02 00:53:00
2020-02-02,5℃,75%,117,2020-02-02 02:08:00
2020-02-02,5℃,75%,119,2020-02-02 02:59:00
2020-02-02,5℃,77%,117,2020-02-02 04:13:00
2020-02-02,5℃,78%,114,2020-02-02 05:08:00
2020-02-02,4℃,82%,109,2020-02-02 05:56:00
2020-02-02,4℃,85%,104,2020-02-02 07:08:00
2020-02-02,4℃,87%,102,2020-02-02 08:00:00
2020-02-02,5℃,82%,102,2020-02-02 09:08:00
2020-02-02,6℃,73%,98,2020-02-02 09:58:00
2020-02-02,9℃,60%,89,2020-02-02 11:00:00
2020-02-02,12℃,49%,90,2020-02-02 11:52:00
2020-02-02,13℃,42%,85,2020-02-02 12:56:00
2020-02-02,14℃,40%,75,2020-02-02 14:00:00
2020-02-02,14℃,37%,73,2020-02-02 15:13:00
2020-02-02,14℃,39%,63,2020-02-02 15:57:00
2020-02-02,13℃,39%,55,2020-02-02 17:01:00
2020-02-02,13℃,41%,58,2020-02-02 17:56:00
2020-02-02,11℃,49%,59,2020-02-02 19:06:00
2020-02-02,9℃,58%,64,2020-02-02 20:00:00
2020-02-02,9℃,63%,69,2020-02-02 21:09:00
2020-02-02,8℃,66%,75,2020-02-02 22:10:00
2020-02-02,8℃,67%,82,2020-02-02 22:55:00
2020-02-03,7℃,71%,75,2020-02-03 00:10:00
2020-02-03,7℃,72%,70,2020-02-03 01:08:00
2020-02-03,6℃,78%,69,2020-02-03 02:03:00
2020-02-03,5℃,83%,65,2020-02-03 03:07:00
2020-02-03,4℃,88%,62,2020-02-03 04:09:00
2020-02-03,3℃,89%,58,2020-02-03 05:13:00
2020-02-03,3℃,90%,55,2020-02-03 06:03:00
2020-02-03,2℃,90%,52,2020-02-03 06:58:00
2020-02-03,2℃,88%,52,2020-02-03 08:07:00
2020-02-03,4℃,79%,49,2020-02-03 08:56:00
2020-02-03,7℃,53%,49,2020-02-03 10:00:00
2020-02-03,9℃,38%,52,2020-02-03 11:03:00
2020-02-03,10℃,35%,57,2020-02-03 11:56:00
2020-02-03,11℃,36%,64,2020-02-03 13:15:00
2020-02-03,11℃,35%,65,2020-02-03 14:01:00
2020-02-03,11℃,36%,62,2020-02-03 15:04:00
2020-02-03,11℃,38%,63,2020-02-03 16:03:00
2020-02-03,10℃,44%,70,2020-02-03 17:07:00
2020-02-03,9℃,51%,82,2020-02-03 18:03:00
2020-02-03,8℃,56%,102,2020-02-03 19:01:00
2020-02-03,7℃,60%,119,2020-02-03 20:05:00
2020-02-03,7℃,63%,129,2020-02-03 21:10:00
2020-02-03,6℃,66%,133,2020-02-03 21:55:00
2020-02-03,5℃,71%,132,2020-02-03 23:01:00
2020-02-04,4℃,76%,129,2020-02-04 00:12:00
2020-02-04,4℃,82%,128,2020-02-04 01:06:00
2020-02-04,3℃,84%,127,2020-02-04 02:10:00
2020-02-04,3℃,85%,123,2020-02-04 02:57:00
2020-02-04,2℃,88%,122,2020-02-04 04:11:00
2020-02-04,1℃,94%,118,2020-02-04 04:58:00
2020-02-04,1℃,96%,112,2020-02-04 06:10:00
2020-02-04,1℃,99%,113,2020-02-04 07:00:00
2020-02-04,1℃,99%,110,2020-02-04 08:14:00
2020-02-04,2℃,96%,107,2020-02-04 08:52:00
2020-02-04,4℃,80%,103,2020-02-04 10:02:00
2020-02-04,7℃,63%,103,2020-02-04 11:05:00
2020-02-04,10℃,53%,108,2020-02-04 12:08:00
2020-02-04,12℃,45%,115,2020-02-04 12:57:00
2020-02-04,15℃,35%,112,2020-02-04 14:05:00
2020-02-04,17℃,29%,99,2020-02-04 15:13:00
2020-02-04,16℃,32%,87,2020-02-04 15:57:00
2020-02-04,15℃,42%,70,2020-02-04 16:59:00
2020-02-04,13℃,45%,62,2020-02-04 18:01:00
2020-02-04,11℃,49%,70,2020-02-04 19:04:00
2020-02-04,9℃,58%,83,2020-02-04 20:06:00
2020-02-04,8℃,63%,85,2020-02-04 21:00:00
2020-02-04,7℃,68%,90,2020-02-04 22:01:00
2020-02-04,7℃,72%,97,2020-02-04 22:56:00
2020-02-05,7℃,73%,90,2020-02-05 00:56:00
2020-02-05,6℃,68%,103,2020-02-05 02:13:00
2020-02-05,6℃,65%,128,2020-02-05 03:14:00
2020-02-05,5℃,65%,148,2020-02-05 04:00:00
2020-02-05,5℃,65%,160,2020-02-05 05:11:00
2020-02-05,4℃,66%,156,2020-02-05 06:13:00
2020-02-05,4℃,69%,150,2020-02-05 07:10:00
2020-02-05,4℃,70%,156,2020-02-05 08:08:00
2020-02-05,4℃,70%,162,2020-02-05 08:54:00
2020-02-05,4℃,72%,165,2020-02-05 10:10:00
2020-02-05,3℃,74%,166,2020-02-05 11:06:00
2020-02-05,3℃,75%,166,2020-02-05 12:02:00
2020-02-05,3℃,76%,166,2020-02-05 13:13:00
2020-02-05,3℃,77%,168,2020-02-05 14:15:00
2020-02-05,3℃,77%,173,2020-02-05 14:55:00
2020-02-05,3℃,78%,176,2020-02-05 16:07:00
2020-02-05,3℃,79%,172,2020-02-05 17:12:00
2020-02-05,3℃,79%,176,2020-02-05 18:05:00
2020-02-05,2℃,90%,175,2020-02-05 19:15:00
2020-02-05,2℃,95%,173,2020-02-05 20:11:00
2020-02-05,2℃,92%,172,2020-02-05 21:07:00
2020-02-05,1℃,99%,153,2020-02-05 22:09:00
2020-02-05,1℃,99%,128,2020-02-05 22:57:00
2020-02-06,0℃,99%,107,2020-02-06 00:01:00
2020-02-06,0℃,99%,93,2020-02-06 00:57:00
2020-02-06,0℃,99%,79,2020-02-06 01:59:00
2020-02-06,0℃,99%,68,2020-02-06 03:02:00
2020-02-06,0℃,96%,54,2020-02-06 04:04:00
2020-02-06,0℃,96%,40,2020-02-06 05:02:00
2020-02-06,0℃,97%,30,2020-02-06 06:05:00
2020-02-06,0℃,98%,28,2020-02-06 07:10:00
2020-02-06,0℃,99%,30,2020-02-06 08:04:00
2020-02-06,0℃,97%,26,2020-02-06 09:00:00
2020-02-06,0℃,96%,28,2020-02-06 10:07:00
2020-02-06,1℃,96%,29,2020-02-06 11:21:00
2020-02-06,1℃,95%,33,2020-02-06 11:56:00
2020-02-06,1℃,95%,39,2020-02-06 12:59:00
2020-02-06,1℃,92%,33,2020-02-06 14:08:00
2020-02-06,1℃,86%,30,2020-02-06 15:03:00
2020-02-06,1℃,86%,35,2020-02-06 16:06:00
2020-02-06,1℃,82%,30,2020-02-06 16:57:00
2020-02-06,1℃,86%,28,2020-02-06 17:57:00
2020-02-06,1℃,86%,28,2020-02-06 19:05:00
2020-02-06,1℃,87%,29,2020-02-06 20:05:00
2020-02-06,1℃,88%,33,2020-02-06 20:59:00
2020-02-06,1℃,91%,36,2020-02-06 22:03:00
2020-02-06,1℃,88%,33,2020-02-06 23:13:00
2020-02-07,1℃,91%,36,2020-02-07 00:07:00
2020-02-07,1℃,91%,35,2020-02-07 01:06:00
2020-02-07,1℃,92%,35,2020-02-07 02:14:00
2020-02-07,1℃,94%,39,2020-02-07 03:09:00
2020-02-07,1℃,95%,30,2020-02-07 04:07:00
2020-02-07,1℃,96%,35,2020-02-07 04:57:00
2020-02-07,1℃,94%,39,2020-02-07 06:06:00
2020-02-07,1℃,94%,35,2020-02-07 07:02:00
2020-02-07,1℃,96%,39,2020-02-07 08:04:00
2020-02-07,2℃,94%,38,2020-02-07 09:15:00
2020-02-07,3℃,87%,32,2020-02-07 10:07:00
2020-02-07,4℃,80%,38,2020-02-07 11:05:00
2020-02-07,4℃,76%,42,2020-02-07 12:14:00
2020-02-07,4℃,71%,38,2020-02-07 12:55:00
2020-02-07,6℃,61%,36,2020-02-07 14:02:00
2020-02-07,6℃,63%,33,2020-02-07 15:02:00
2020-02-07,7℃,64%,32,2020-02-07 16:00:00
2020-02-07,6℃,64%,33,2020-02-07 17:02:00
2020-02-07,6℃,68%,32,2020-02-07 18:05:00
2020-02-07,5℃,73%,32,2020-02-07 18:53:00
2020-02-07,3℃,86%,32,2020-02-07 19:56:00
2020-02-07,2℃,94%,36,2020-02-07 20:59:00
2020-02-07,2℃,99%,39,2020-02-07 22:15:00
2020-02-07,1℃,99%,42,2020-02-07 23:08:00
2020-02-08,1℃,99%,40,2020-02-08 00:02:00
2020-02-08,1℃,99%,36,2020-02-08 01:11:00
2020-02-08,0℃,99%,36,2020-02-08 02:15:00
2020-02-08,0℃,99%,30,2020-02-08 03:06:00
2020-02-08,0℃,99%,29,2020-02-08 04:09:00
2020-02-08,0℃,99%,26,2020-02-08 05:07:00
2020-02-08,0℃,99%,25,2020-02-08 05:38:00
2020-02-08,0℃,99%,23,2020-02-08 07:02:00
2020-02-08,1℃,99%,29,2020-02-08 08:08:00
2020-02-08,1℃,99%,25,2020-02-08 09:01:00
2020-02-08,2℃,99%,23,2020-02-08 10:03:00
2020-02-08,4℃,91%,28,2020-02-08 10:58:00
2020-02-08,7℃,73%,26,2020-02-08 12:09:00
2020-02-08,10℃,63%,28,2020-02-08 12:59:00
2020-02-08,12℃,54%,32,2020-02-08 14:08:00
2020-02-08,13℃,51%,26,2020-02-08 14:53:00
2020-02-08,13℃,46%,27,2020-02-08 15:59:00
2020-02-08,12℃,43%,29,2020-02-08 17:10:00
2020-02-08,11℃,46%,28,2020-02-08 18:00:00
2020-02-08,9℃,64%,26,2020-02-08 19:13:00
2020-02-08,7℃,74%,32,2020-02-08 20:11:00
2020-02-08,6℃,82%,46,2020-02-08 21:01:00
2020-02-08,5℃,91%,57,2020-02-08 22:09:00
2020-02-08,4℃,93%,57,2020-02-08 22:56:00
2020-02-09,3℃,94%,40,2020-02-09 01:06:00
2020-02-09,2℃,96%,35,2020-02-09 02:00:00
2020-02-09,2℃,99%,33,2020-02-09 02:54:00
2020-02-09,1℃,99%,32,2020-02-09 04:13:00
2020-02-09,1℃,99%,29,2020-02-09 04:52:00
2020-02-09,1℃,99%,29,2020-02-09 06:07:00
2020-02-09,0℃,99%,29,2020-02-09 07:04:00
2020-02-09,0℃,99%,29,2020-02-09 08:08:00
2020-02-09,1℃,99%,29,2020-02-09 08:54:00
2020-02-09,4℃,89%,29,2020-02-09 09:59:00
2020-02-09,9℃,67%,28,2020-02-09 11:11:00
2020-02-09,12℃,54%,29,2020-02-09 11:56:00
2020-02-09,15℃,40%,32,2020-02-09 12:57:00
2020-02-09,17℃,27%,29,2020-02-09 14:07:00
2020-02-09,17℃,23%,27,2020-02-09 14:55:00
2020-02-09,18℃,20%,25,2020-02-09 16:04:00
2020-02-09,17℃,23%,27,2020-02-09 17:04:00
2020-02-09,14℃,40%,26,2020-02-09 18:07:00
2020-02-09,12℃,49%,25,2020-02-09 19:01:00
2020-02-09,10℃,57%,22,2020-02-09 19:59:00
2020-02-09,8℃,67%,30,2020-02-09 20:57:00
2020-02-09,7℃,73%,38,2020-02-09 21:56:00
2020-02-09,6℃,78%,40,2020-02-09 23:04:00
2020-02-10,6℃,72%,43,2020-02-10 00:11:00
2020-02-10,6℃,72%,36,2020-02-10 01:04:00
2020-02-10,5℃,73%,32,2020-02-10 02:04:00
2020-02-10,5℃,74%,30,2020-02-10 03:04:00
2020-02-10,5℃,74%,27,2020-02-10 03:55:00
2020-02-10,5℃,75%,25,2020-02-10 04:57:00
2020-02-10,4℃,82%,23,2020-02-10 06:12:00
2020-02-10,3℃,87%,23,2020-02-10 07:03:00
2020-02-10,3℃,91%,29,2020-02-10 08:06:00
2020-02-10,5℃,73%,27,2020-02-10 09:13:00
2020-02-10,6℃,67%,23,2020-02-10 09:58:00
2020-02-10,8℃,60%,27,2020-02-10 10:58:00
2020-02-10,10℃,56%,31,2020-02-10 11:59:00
2020-02-10,11℃,47%,35,2020-02-10 13:01:00
2020-02-10,12℃,45%,38,2020-02-10 14:00:00
2020-02-10,13℃,44%,32,2020-02-10 14:52:00
2020-02-10,13℃,45%,27,2020-02-10 16:02:00
2020-02-10,13℃,45%,31,2020-02-10 17:11:00
2020-02-10,12℃,51%,33,2020-02-10 17:53:00
2020-02-10,11℃,58%,35,2020-02-10 19:09:00
2020-02-10,10℃,60%,42,2020-02-10 20:06:00
2020-02-10,9℃,69%,50,2020-02-10 21:07:00
2020-02-10,7℃,77%,53,2020-02-10 22:08:00
2020-02-10,6℃,86%,54,2020-02-10 23:02:00
2020-02-11,5℃,92%,57,2020-02-11 00:06:00
2020-02-11,4℃,92%,52,2020-02-11 01:01:00
2020-02-11,4℃,93%,48,2020-02-11 02:01:00
2020-02-11,4℃,95%,42,2020-02-11 02:56:00
2020-02-11,3℃,99%,38,2020-02-11 04:08:00
2020-02-11,3℃,99%,40,2020-02-11 04:58:00
2020-02-11,2℃,99%,38,2020-02-11 06:07:00
2020-02-11,2℃,99%,35,2020-02-11 07:09:00
2020-02-11,2℃,99%,39,2020-02-11 08:06:00
2020-02-11,4℃,98%,39,2020-02-11 09:10:00
2020-02-11,6℃,79%,38,2020-02-11 10:10:00
2020-02-11,9℃,65%,38,2020-02-11 11:03:00
2020-02-11,13℃,55%,43,2020-02-11 12:05:00
2020-02-11,14℃,50%,48,2020-02-11 13:02:00
2020-02-11,17℃,43%,48,2020-02-11 14:04:00
2020-02-11,16℃,46%,49,2020-02-11 15:08:00
2020-02-11,16℃,52%,47,2020-02-11 16:03:00
2020-02-11,15℃,52%,52,2020-02-11 17:02:00
2020-02-11,14℃,57%,55,2020-02-11 18:05:00
2020-02-11,12℃,69%,55,2020-02-11 19:07:00
2020-02-11,10℃,75%,62,2020-02-11 20:13:00
2020-02-11,9℃,80%,69,2020-02-11 21:04:00
2020-02-11,8℃,88%,75,2020-02-11 21:55:00
2020-02-11,7℃,96%,80,2020-02-11 23:07:00
2020-02-12,7℃,99%,75,2020-02-12 00:07:00
2020-02-12,8℃,99%,74,2020-02-12 01:00:00
2020-02-12,7℃,99%,78,2020-02-12 02:10:00
2020-02-12,7℃,99%,74,2020-02-12 03:01:00
2020-02-12,7℃,99%,70,2020-02-12 04:03:00
2020-02-12,6℃,99%,72,2020-02-12 05:03:00
2020-02-12,6℃,99%,72,2020-02-12 06:03:00
2020-02-12,6℃,99%,72,2020-02-12 07:08:00
2020-02-12,6℃,99%,67,2020-02-12 08:10:00
2020-02-12,6℃,99%,63,2020-02-12 09:10:00
2020-02-12,6℃,98%,65,2020-02-12 10:13:00
2020-02-12,9℃,83%,64,2020-02-12 11:27:00
2020-02-12,10℃,74%,64,2020-02-12 12:04:00
2020-02-12,13℃,62%,68,2020-02-12 13:04:00
2020-02-12,16℃,52%,68,2020-02-12 14:02:00
2020-02-12,17℃,49%,63,2020-02-12 15:10:00
2020-02-12,17℃,49%,63,2020-02-12 16:10:00
2020-02-12,16℃,49%,62,2020-02-12 17:07:00
2020-02-12,15℃,51%,62,2020-02-12 17:58:00
2020-02-12,14℃,57%,59,2020-02-12 18:56:00
2020-02-12,12℃,74%,58,2020-02-12 20:12:00
2020-02-12,11℃,78%,58,2020-02-12 20:54:00
2020-02-12,10℃,86%,64,2020-02-12 21:59:00
2020-02-12,9℃,94%,74,2020-02-12 23:03:00
2020-02-13,9℃,95%,77,2020-02-13 00:02:00
2020-02-13,9℃,96%,74,2020-02-13 01:01:00
2020-02-13,9℃,97%,73,2020-02-13 02:00:00
2020-02-13,9℃,97%,72,2020-02-13 02:56:00
2020-02-13,8℃,95%,69,2020-02-13 04:03:00
2020-02-13,8℃,97%,70,2020-02-13 05:10:00
2020-02-13,8℃,98%,68,2020-02-13 06:12:00
2020-02-13,7℃,99%,64,2020-02-13 06:56:00
2020-02-13,7℃,99%,64,2020-02-13 08:04:00
2020-02-13,7℃,99%,63,2020-02-13 09:02:00
2020-02-13,7℃,99%,69,2020-02-13 09:56:00
2020-02-13,9℃,89%,64,2020-02-13 11:24:00
2020-02-13,11℃,74%,64,2020-02-13 12:02:00
2020-02-13,14℃,63%,67,2020-02-13 13:15:00
2020-02-13,16℃,57%,67,2020-02-13 14:01:00
2020-02-13,16℃,53%,67,2020-02-13 14:58:00
2020-02-13,18℃,49%,69,2020-02-13 15:57:00
2020-02-13,16℃,51%,67,2020-02-13 17:05:00
2020-02-13,15℃,59%,67,2020-02-13 18:09:00
2020-02-13,14℃,67%,67,2020-02-13 19:05:00
2020-02-13,13℃,74%,67,2020-02-13 19:54:00
2020-02-13,11℃,85%,69,2020-02-13 21:10:00
2020-02-13,10℃,90%,74,2020-02-13 21:56:00
2020-02-13,10℃,93%,77,2020-02-13 23:05:00
2020-02-14,10℃,95%,79,2020-02-14 00:13:00
2020-02-14,9℃,96%,75,2020-02-14 00:58:00
2020-02-14,9℃,98%,73,2020-02-14 01:56:00
2020-02-14,9℃,99%,74,2020-02-14 03:07:00
2020-02-14,9℃,98%,74,2020-02-14 04:13:00
2020-02-14,8℃,99%,73,2020-02-14 04:59:00
2020-02-14,8℃,99%,74,2020-02-14 06:01:00
2020-02-14,8℃,98%,70,2020-02-14 06:57:00
2020-02-14,8℃,98%,69,2020-02-14 08:07:00
2020-02-14,9℃,92%,69,2020-02-14 09:05:00
2020-02-14,11℃,80%,70,2020-02-14 10:10:00
2020-02-14,11℃,64%,88,2020-02-14 11:05:00
2020-02-14,12℃,56%,89,2020-02-14 12:05:00
2020-02-14,14℃,36%,89,2020-02-14 12:57:00
2020-02-14,13℃,28%,81,2020-02-14 13:52:00
2020-02-14,12℃,25%,98,2020-02-14 14:59:00
2020-02-14,10℃,47%,117,2020-02-14 16:10:00
2020-02-14,8℃,49%,136,2020-02-14 17:03:00
2020-02-14,8℃,54%,140,2020-02-14 17:52:00
2020-02-14,7℃,51%,130,2020-02-14 18:53:00
2020-02-14,5℃,69%,120,2020-02-14 19:59:00
2020-02-14,5℃,71%,113,2020-02-14 21:09:00
2020-02-14,5℃,64%,97,2020-02-14 21:58:00
2020-02-14,5℃,61%,79,2020-02-14 22:57:00
2020-02-15,5℃,53%,69,2020-02-15 00:08:00
2020-02-15,5℃,57%,64,2020-02-15 01:04:00
2020-02-15,2℃,89%,64,2020-02-15 01:58:00
2020-02-15,1℃,99%,64,2020-02-15 02:59:00
2020-02-15,1℃,95%,58,2020-02-15 04:00:00
2020-02-15,2℃,82%,50,2020-02-15 04:58:00
2020-02-15,2℃,79%,44,2020-02-15 05:58:00
2020-02-15,0℃,91%,40,2020-02-15 06:54:00
2020-02-15,0℃,85%,38,2020-02-15 08:04:00
2020-02-15,0℃,79%,40,2020-02-15 09:07:00
2020-02-15,1℃,73%,39,2020-02-15 10:02:00
2020-02-15,3℃,61%,39,2020-02-15 11:10:00
2020-02-15,3℃,54%,44,2020-02-15 11:53:00
2020-02-15,4℃,40%,40,2020-02-15 13:01:00
2020-02-15,4℃,32%,42,2020-02-15 14:04:00
2020-02-15,5℃,30%,47,2020-02-15 15:05:00
2020-02-15,6℃,28%,41,2020-02-15 15:53:00
2020-02-15,6℃,27%,40,2020-02-15 16:56:00
2020-02-15,5℃,29%,41,2020-02-15 17:58:00
2020-02-15,4℃,31%,41,2020-02-15 19:05:00
2020-02-15,4℃,33%,41,2020-02-15 19:53:00
2020-02-15,3℃,35%,37,2020-02-15 21:10:00
2020-02-15,3℃,40%,38,2020-02-15 22:00:00
2020-02-15,3℃,40%,38,2020-02-15 22:59:00
2020-02-16,2℃,39%,38,2020-02-16 00:55:00
2020-02-16,1℃,46%,33,2020-02-16 02:08:00
2020-02-16,1℃,54%,32,2020-02-16 03:05:00
2020-02-16,1℃,57%,39,2020-02-16 03:54:00
2020-02-16,0℃,59%,34,2020-02-16 04:53:00
2020-02-16,0℃,63%,30,2020-02-16 06:01:00
2020-02-16,0℃,69%,32,2020-02-16 07:02:00
2020-02-16,0℃,71%,34,2020-02-16 07:59:00
2020-02-16,1℃,62%,31,2020-02-16 08:57:00
2020-02-16,5℃,40%,34,2020-02-16 10:05:00
2020-02-16,7℃,25%,31,2020-02-16 11:06:00
2020-02-16,8℃,22%,28,2020-02-16 11:53:00
2020-02-16,9℃,17%,32,2020-02-16 13:09:00
2020-02-16,10℃,18%,31,2020-02-16 14:07:00
2020-02-16,12℃,17%,26,2020-02-16 15:06:00
2020-02-16,11℃,15%,27,2020-02-16 15:57:00
2020-02-16,11℃,14%,27,2020-02-16 17:07:00
2020-02-16,10℃,15%,27,2020-02-16 17:56:00
2020-02-16,8℃,23%,27,2020-02-16 19:08:00
2020-02-16,6℃,36%,25,2020-02-16 20:07:00
2020-02-16,5℃,37%,21,2020-02-16 21:00:00
2020-02-16,3℃,44%,27,2020-02-16 22:07:00
2020-02-16,3℃,47%,25,2020-02-16 22:56:00
2020-02-17,2℃,54%,23,2020-02-17 00:09:00
2020-02-17,1℃,56%,23,2020-02-17 01:08:00
2020-02-17,1℃,59%,22,2020-02-17 01:53:00
2020-02-17,0℃,62%,21,2020-02-17 03:00:00
2020-02-17,0℃,65%,19,2020-02-17 03:51:00
2020-02-17,0℃,66%,19,2020-02-17 04:54:00
2020-02-17,0℃,69%,22,2020-02-17 06:01:00
2020-02-17,0℃,69%,20,2020-02-17 07:04:00
2020-02-17,0℃,69%,19,2020-02-17 08:03:00
2020-02-17,1℃,62%,20,2020-02-17 08:56:00
2020-02-17,4℃,50%,15,2020-02-17 09:54:00
2020-02-17,7℃,39%,17,2020-02-17 10:39:00
2020-02-17,11℃,18%,22,2020-02-17 12:07:00
2020-02-17,12℃,16%,26,2020-02-17 13:08:00
2020-02-17,14℃,14%,28,2020-02-17 14:12:00
2020-02-17,15℃,13%,28,2020-02-17 14:57:00
2020-02-17,15℃,10%,28,2020-02-17 16:07:00
2020-02-17,15℃,11%,29,2020-02-17 16:57:00
2020-02-17,12℃,18%,29,2020-02-17 18:00:00
2020-02-17,10℃,27%,27,2020-02-17 19:05:00
2020-02-17,7℃,38%,22,2020-02-17 20:02:00
2020-02-17,6℃,42%,20,2020-02-17 21:07:00
2020-02-17,5℃,46%,25,2020-02-17 21:57:00
2020-02-17,5℃,50%,29,2020-02-17 23:02:00
2020-02-18,3℃,54%,23,2020-02-18 00:09:00
2020-02-18,2℃,60%,22,2020-02-18 01:07:00
2020-02-18,2℃,62%,23,2020-02-18 01:58:00
2020-02-18,1℃,64%,21,2020-02-18 03:04:00
2020-02-18,0℃,69%,19,2020-02-18 03:59:00
2020-02-18,0℃,73%,16,2020-02-18 04:55:00
2020-02-18,0℃,74%,14,2020-02-18 06:08:00
2020-02-18,0℃,75%,16,2020-02-18 07:00:00
2020-02-18,0℃,76%,17,2020-02-18 07:55:00
2020-02-18,1℃,69%,17,2020-02-18 08:53:00
2020-02-18,5℃,51%,18,2020-02-18 10:05:00
2020-02-18,9℃,35%,16,2020-02-18 10:59:00
2020-02-18,12℃,26%,18,2020-02-18 12:05:00
2020-02-18,13℃,26%,23,2020-02-18 13:03:00
2020-02-18,14℃,25%,26,2020-02-18 14:09:00
2020-02-18,14℃,24%,27,2020-02-18 14:57:00
2020-02-18,14℃,27%,28,2020-02-18 16:03:00
2020-02-18,13℃,28%,28,2020-02-18 16:56:00
2020-02-18,12℃,31%,27,2020-02-18 18:03:00
2020-02-18,11℃,37%,27,2020-02-18 19:02:00
2020-02-18,10℃,43%,26,2020-02-18 20:04:00
2020-02-18,9℃,47%,25,2020-02-18 20:59:00
2020-02-18,8℃,53%,32,2020-02-18 21:59:00
2020-02-18,7℃,56%,34,2020-02-18 23:04:00
2020-02-19,6℃,59%,33,2020-02-19 01:00:00
2020-02-19,5℃,61%,32,2020-02-19 02:06:00
2020-02-19,5℃,63%,30,2020-02-19 03:09:00
2020-02-19,4℃,66%,28,2020-02-19 04:08:00
2020-02-19,4℃,69%,22,2020-02-19 04:49:00
2020-02-19,4℃,72%,28,2020-02-19 06:55:00
2020-02-19,4℃,73%,26,2020-02-19 08:05:00
2020-02-19,5℃,67%,28,2020-02-19 09:10:00
2020-02-19,7℃,61%,28,2020-02-19 10:01:00
2020-02-19,9℃,51%,29,2020-02-19 11:03:00
2020-02-19,12℃,46%,33,2020-02-19 12:06:00
2020-02-19,15℃,37%,31,2020-02-19 13:08:00
2020-02-19,17℃,29%,28,2020-02-19 14:06:00
2020-02-19,17℃,26%,30,2020-02-19 15:03:00
2020-02-19,17℃,28%,28,2020-02-19 16:05:00
2020-02-19,16℃,32%,33,2020-02-19 17:04:00
2020-02-19,15℃,33%,34,2020-02-19 18:08:00
2020-02-19,14℃,36%,29,2020-02-19 18:53:00
2020-02-19,12℃,44%,30,2020-02-19 20:01:00
2020-02-19,11℃,50%,33,2020-02-19 21:08:00
2020-02-19,10℃,53%,39,2020-02-19 21:58:00
2020-02-19,9℃,61%,40,2020-02-19 23:00:00
2020-02-20,7℃,68%,46,2020-02-20 00:07:00
2020-02-20,6℃,72%,48,2020-02-20 01:09:00
2020-02-20,6℃,74%,45,2020-02-20 01:52:00
2020-02-20,6℃,75%,43,2020-02-20 02:53:00
2020-02-20,5℃,78%,38,2020-02-20 04:03:00
2020-02-20,5℃,82%,40,2020-02-20 05:01:00
2020-02-20,5℃,84%,39,2020-02-20 06:09:00
2020-02-20,5℃,82%,38,2020-02-20 07:06:00
2020-02-20,5℃,81%,40,2020-02-20 08:03:00
2020-02-20,7℃,76%,42,2020-02-20 09:07:00
2020-02-20,9℃,68%,46,2020-02-20 10:00:00
2020-02-20,9℃,63%,53,2020-02-20 11:06:00
2020-02-20,10℃,60%,55,2020-02-20 12:01:00
2020-02-20,12℃,53%,60,2020-02-20 12:50:00
2020-02-20,12℃,54%,64,2020-02-20 14:15:00
2020-02-20,12℃,54%,65,2020-02-20 14:56:00
2020-02-20,13℃,51%,65,2020-02-20 16:04:00
2020-02-20,12℃,55%,68,2020-02-20 16:53:00
2020-02-20,11℃,58%,67,2020-02-20 18:07:00
2020-02-20,11℃,60%,67,2020-02-20 19:02:00
2020-02-20,10℃,61%,74,2020-02-20 20:07:00
2020-02-20,10℃,65%,77,2020-02-20 21:12:00
2020-02-20,9℃,68%,78,2020-02-20 21:59:00
2020-02-20,9℃,70%,83,2020-02-20 23:08:00
2020-02-21,9℃,74%,82,2020-02-21 00:08:00
2020-02-21,9℃,75%,79,2020-02-21 01:03:00
2020-02-21,9℃,70%,77,2020-02-21 01:56:00
2020-02-21,8℃,66%,73,2020-02-21 02:57:00
2020-02-21,8℃,68%,69,2020-02-21 03:55:00
2020-02-21,8℃,68%,63,2020-02-21 05:08:00
2020-02-21,8℃,68%,63,2020-02-21 06:04:00
2020-02-21,7℃,72%,65,2020-02-21 07:11:00
2020-02-21,7℃,72%,62,2020-02-21 08:09:00
2020-02-21,9℃,64%,61,2020-02-21 09:15:00
2020-02-21,10℃,57%,62,2020-02-21 10:15:00
2020-02-21,12℃,44%,60,2020-02-21 11:04:00
2020-02-21,14℃,35%,59,2020-02-21 12:06:00
2020-02-21,14℃,30%,60,2020-02-21 13:01:00
2020-02-21,16℃,28%,60,2020-02-21 14:11:00
2020-02-21,17℃,24%,59,2020-02-21 15:07:00
2020-02-21,17℃,22%,58,2020-02-21 16:12:00
2020-02-21,17℃,21%,57,2020-02-21 16:52:00
2020-02-21,15℃,22%,57,2020-02-21 18:08:00
2020-02-21,14℃,29%,55,2020-02-21 18:57:00
2020-02-21,11℃,43%,53,2020-02-21 19:59:00
2020-02-21,10℃,51%,54,2020-02-21 21:10:00
2020-02-21,8℃,58%,56,2020-02-21 22:00:00
2020-02-21,8℃,61%,57,2020-02-21 23:00:00
2020-02-22,7℃,65%,56,2020-02-22 00:01:00
2020-02-22,6℃,70%,53,2020-02-22 01:09:00
2020-02-22,6℃,73%,52,2020-02-22 02:02:00
2020-02-22,5℃,76%,52,2020-02-22 02:59:00
2020-02-22,5℃,77%,53,2020-02-22 03:57:00
2020-02-22,4℃,82%,51,2020-02-22 05:15:00
2020-02-22,4℃,86%,49,2020-02-22 05:54:00
2020-02-22,4℃,86%,48,2020-02-22 07:14:00
2020-02-22,4℃,87%,46,2020-02-22 07:52:00
2020-02-22,7℃,71%,48,2020-02-22 09:12:00
2020-02-22,10℃,56%,49,2020-02-22 10:06:00
2020-02-22,13℃,49%,50,2020-02-22 11:10:00
2020-02-22,14℃,42%,52,2020-02-22 12:02:00
2020-02-22,16℃,37%,52,2020-02-22 13:06:00
2020-02-22,16℃,35%,49,2020-02-22 14:01:00
2020-02-22,17℃,32%,54,2020-02-22 14:53:00
2020-02-22,16℃,34%,56,2020-02-22 16:00:00
2020-02-22,15℃,41%,55,2020-02-22 17:06:00
2020-02-22,14℃,46%,55,2020-02-22 17:59:00
2020-02-22,13℃,56%,54,2020-02-22 19:15:00
2020-02-22,12℃,61%,52,2020-02-22 20:12:00
2020-02-22,12℃,63%,50,2020-02-22 20:53:00
2020-02-22,10℃,71%,55,2020-02-22 22:07:00
2020-02-22,9℃,76%,59,2020-02-22 23:15:00
2020-02-23,8℃,75%,57,2020-02-23 00:13:00
2020-02-23,7℃,81%,55,2020-02-23 01:06:00
2020-02-23,7℃,84%,55,2020-02-23 01:58:00
2020-02-23,6℃,88%,53,2020-02-23 03:03:00
2020-02-23,6℃,93%,48,2020-02-23 04:11:00
2020-02-23,5℃,94%,46,2020-02-23 05:09:00
2020-02-23,5℃,99%,50,2020-02-23 06:13:00
2020-02-23,5℃,99%,52,2020-02-23 07:06:00
2020-02-23,5℃,99%,52,2020-02-23 08:08:00
2020-02-23,7℃,85%,52,2020-02-23 09:15:00
2020-02-24,14℃,63%,60,2020-02-24 12:04:00
2020-02-24,15℃,59%,60,2020-02-24 13:07:00
2020-02-24,15℃,58%,63,2020-02-24 13:59:00
2020-02-24,17℃,54%,68,2020-02-24 15:00:00
2020-02-24,18℃,51%,67,2020-02-24 15:58:00
2020-02-24,18℃,51%,60,2020-02-24 17:10:00
2020-02-24,17℃,53%,57,2020-02-24 17:56:00
2020-02-24,16℃,58%,60,2020-02-24 19:08:00
2020-02-24,15℃,66%,64,2020-02-24 20:13:00
2020-02-24,13℃,73%,80,2020-02-24 21:18:00
2020-02-24,12℃,80%,80,2020-02-24 22:15:00
2020-02-24,11℃,86%,79,2020-02-24 23:11:00
2020-02-25,9℃,93%,69,2020-02-25 01:08:00
2020-02-25,9℃,97%,67,2020-02-25 02:15:00
2020-02-25,8℃,99%,62,2020-02-25 03:07:00
2020-02-25,8℃,99%,53,2020-02-25 04:13:00
2020-02-25,7℃,99%,52,2020-02-25 05:19:00
2020-02-25,7℃,99%,52,2020-02-25 06:21:00
2020-02-25,7℃,99%,52,2020-02-25 07:07:00
2020-02-25,7℃,99%,52,2020-02-25 08:01:00
2020-02-25,10℃,87%,52,2020-02-25 09:15:00
2020-02-25,13℃,69%,52,2020-02-25 10:04:00
2020-02-25,16℃,61%,52,2020-02-25 11:01:00
2020-02-25,16℃,60%,53,2020-02-25 12:07:00
2020-02-25,17℃,57%,52,2020-02-25 13:06:00
2020-02-25,17℃,57%,56,2020-02-25 13:58:00
2020-02-25,17℃,57%,62,2020-02-25 15:08:00
2020-02-25,16℃,56%,74,2020-02-25 16:11:00
2020-02-25,16℃,56%,88,2020-02-25 17:07:00
2020-02-25,15℃,61%,98,2020-02-25 18:03:00
2020-02-25,14℃,67%,105,2020-02-25 19:13:00
2020-02-25,13℃,70%,107,2020-02-25 19:59:00
2020-02-25,13℃,72%,109,2020-02-25 21:10:00
2020-02-25,13℃,71%,110,2020-02-25 22:06:00
2020-02-25,12℃,69%,108,2020-02-25 23:08:00
2020-02-26,12℃,76%,107,2020-02-26 00:09:00
2020-02-26,11℃,76%,107,2020-02-26 01:04:00
2020-02-26,11℃,79%,108,2020-02-26 01:59:00
2020-02-26,10℃,86%,112,2020-02-26 03:03:00
2020-02-26,10℃,85%,112,2020-02-26 04:09:00
2020-02-26,10℃,82%,100,2020-02-26 04:54:00
2020-02-26,10℃,82%,88,2020-02-26 06:05:00
2020-02-26,10℃,82%,80,2020-02-26 07:03:00
2020-02-26,10℃,79%,75,2020-02-26 08:11:00
2020-02-26,9℃,81%,68,2020-02-26 09:03:00
2020-02-26,9℃,79%,65,2020-02-26 10:15:00
2020-02-26,9℃,83%,59,2020-02-26 11:03:00
2020-02-26,9℃,82%,57,2020-02-26 12:06:00
2020-02-26,9℃,83%,54,2020-02-26 13:03:00
2020-02-26,9℃,92%,45,2020-02-26 14:06:00
2020-02-26,9℃,99%,39,2020-02-26 15:10:00
2020-02-26,9℃,99%,31,2020-02-26 16:09:00
2020-02-26,9℃,99%,31,2020-02-26 16:57:00
2020-02-26,9℃,99%,35,2020-02-26 17:53:00
2020-02-26,9℃,99%,36,2020-02-26 19:15:00
2020-02-26,9℃,99%,42,2020-02-26 19:57:00
2020-02-26,8℃,99%,55,2020-02-26 21:13:00
2020-02-26,8℃,99%,60,2020-02-26 22:08:00
2020-02-26,8℃,99%,55,2020-02-26 23:03:00
2020-02-27,8℃,99%,48,2020-02-27 00:13:00
2020-02-27,8℃,99%,43,2020-02-27 00:59:00
2020-02-27,8℃,99%,39,2020-02-27 02:04:00
2020-02-27,7℃,99%,35,2020-02-27 02:57:00
2020-02-27,7℃,99%,36,2020-02-27 04:00:00
2020-02-27,7℃,99%,33,2020-02-27 05:13:00
2020-02-27,7℃,99%,29,2020-02-27 06:15:00
2020-02-27,7℃,99%,26,2020-02-27 07:00:00
2020-02-27,6℃,99%,26,2020-02-27 08:12:00
2020-02-27,6℃,99%,28,2020-02-27 08:52:00
2020-02-27,6℃,99%,33,2020-02-27 10:10:00
2020-02-27,6℃,96%,42,2020-02-27 11:05:00
2020-02-27,6℃,97%,46,2020-02-27 12:09:00
2020-02-27,6℃,96%,46,2020-02-27 13:04:00
2020-02-27,5℃,97%,40,2020-02-27 14:15:00
2020-02-27,5℃,97%,38,2020-02-27 15:02:00
2020-02-27,5℃,99%,45,2020-02-27 16:00:00
2020-02-27,5℃,99%,46,2020-02-27 17:05:00
2020-02-27,4℃,99%,43,2020-02-27 18:02:00
2020-02-27,4℃,99%,45,2020-02-27 19:02:00
2020-02-27,4℃,99%,42,2020-02-27 20:02:00
2020-02-27,3℃,99%,38,2020-02-27 21:11:00
2020-02-27,3℃,99%,33,2020-02-27 22:13:00
2020-02-27,4℃,99%,30,2020-02-27 23:05:00
2020-02-28,4℃,99%,30,2020-02-28 00:00:00
2020-02-28,4℃,99%,28,2020-02-28 01:07:00
2020-02-28,3℃,99%,23,2020-02-28 02:05:00
2020-02-28,4℃,99%,21,2020-02-28 03:13:00
2020-02-28,4℃,99%,22,2020-02-28 04:14:00
2020-02-28,4℃,99%,22,2020-02-28 05:05:00
2020-02-28,4℃,99%,22,2020-02-28 06:10:00
2020-02-28,4℃,99%,22,2020-02-28 07:01:00
2020-02-28,4℃,99%,22,2020-02-28 08:07:00
2020-02-28,5℃,99%,22,2020-02-28 09:12:00
2020-02-28,7℃,89%,22,2020-02-28 10:15:00
2020-02-28,8℃,82%,19,2020-02-28 10:59:00
2020-02-28,10℃,72%,18,2020-02-28 11:52:00
2020-02-28,12℃,66%,17,2020-02-28 13:15:00
2020-02-28,12℃,64%,19,2020-02-28 14:05:00
2020-02-28,11℃,69%,21,2020-02-28 15:02:00
2020-02-28,11℃,69%,21,2020-02-28 15:53:00
2020-02-28,10℃,79%,21,2020-02-28 17:01:00
2020-02-28,10℃,80%,19,2020-02-28 17:55:00
2020-02-28,9℃,84%,19,2020-02-28 19:12:00
2020-02-28,8℃,89%,19,2020-02-28 20:09:00
2020-02-28,8℃,94%,19,2020-02-28 21:01:00
2020-02-28,7℃,98%,23,2020-02-28 22:09:00
2020-02-28,7℃,99%,30,2020-02-28 22:52:00
2020-02-29,7℃,99%,33,2020-02-29 00:05:00
2020-02-29,6℃,99%,33,2020-02-29 01:03:00
2020-02-29,7℃,99%,29,2020-02-29 02:05:00
2020-02-29,6℃,99%,29,2020-02-29 03:05:00
2020-02-29,6℃,99%,29,2020-02-29 03:57:00
2020-02-29,7℃,99%,25,2020-02-29 05:06:00
2020-02-29,6℃,99%,25,2020-02-29 05:54:00
2020-02-29,6℃,99%,23,2020-02-29 06:52:00
2020-02-29,7℃,98%,20,2020-02-29 08:06:00
2020-02-29,7℃,94%,18,2020-02-29 08:59:00
2020-02-29,8℃,88%,19,2020-02-29 09:53:00
2020-02-29,11℃,74%,17,2020-02-29 10:57:00
2020-02-29,13℃,68%,15,2020-02-29 12:07:00
2020-02-29,15℃,60%,14,2020-02-29 13:04:00
2020-02-29,16℃,57%,17,2020-02-29 14:10:00
2020-02-29,17℃,53%,19,2020-02-29 15:06:00
2020-02-29,16℃,56%,21,2020-02-29 15:53:00
2020-02-29,15℃,61%,22,2020-02-29 17:02:00
2020-02-29,14℃,61%,21,2020-02-29 17:57:00
2020-02-29,12℃,70%,21,2020-02-29 19:12:00
2020-02-29,11℃,79%,20,2020-02-29 20:03:00
2020-02-29,9℃,87%,18,2020-02-29 20:53:00
2020-02-29,8℃,95%,28,2020-02-29 22:09:00
2020-02-29,8℃,96%,33,2020-02-29 23:02:00
2020-03-01,8℃,97%,33,2020-03-01 00:05:00
2020-03-01,8℃,98%,28,2020-03-01 01:09:00
2020-03-01,8℃,99%,29,2020-03-01 02:08:00
2020-03-01,8℃,99%,30,2020-03-01 03:10:00
2020-03-01,8℃,99%,30,2020-03-01 03:56:00
2020-03-01,8℃,99%,28,2020-03-01 04:58:00
2020-03-01,7℃,99%,28,2020-03-01 06:10:00
2020-03-01,7℃,99%,26,2020-03-01 06:53:00
2020-03-01,7℃,99%,26,2020-03-01 08:06:00
2020-03-01,8℃,99%,27,2020-03-01 09:02:00
2020-03-01,9℃,96%,25,2020-03-01 10:09:00
2020-03-01,12℃,78%,23,2020-03-01 11:10:00
2020-03-01,14℃,63%,26,2020-03-01 12:06:00
2020-03-01,16℃,55%,25,2020-03-01 13:07:00
2020-03-01,18℃,43%,33,2020-03-01 14:01:00
2020-03-01,16℃,49%,48,2020-03-01 14:54:00
2020-03-01,15℃,51%,54,2020-03-01 16:00:00
2020-03-01,14℃,65%,57,2020-03-01 17:09:00
2020-03-01,12℃,70%,54,2020-03-01 18:05:00
2020-03-01,11℃,73%,52,2020-03-01 19:08:00
2020-03-01,10℃,70%,52,2020-03-01 19:58:00
2020-03-01,10℃,71%,52,2020-03-01 21:01:00
2020-03-01,10℃,71%,56,2020-03-01 21:57:00
2020-03-01,10℃,72%,64,2020-03-01 23:13:00
2020-03-02,10℃,74%,65,2020-03-02 00:07:00
2020-03-02,10℃,72%,65,2020-03-02 00:58:00
2020-03-02,9℃,74%,68,2020-03-02 02:05:00
2020-03-02,9℃,71%,68,2020-03-02 03:07:00
2020-03-02,8℃,71%,70,2020-03-02 04:01:00
2020-03-02,8℃,73%,69,2020-03-02 05:15:00
2020-03-02,8℃,75%,66,2020-03-02 05:57:00
2020-03-02,8℃,75%,64,2020-03-02 07:07:00
2020-03-02,8℃,75%,63,2020-03-02 08:05:00
2020-03-02,8℃,74%,60,2020-03-02 09:15:00
2020-03-02,8℃,72%,60,2020-03-02 10:10:00
2020-03-02,8℃,73%,62,2020-03-02 11:05:00
2020-03-02,8℃,78%,59,2020-03-02 12:10:00
2020-03-02,8℃,70%,62,2020-03-02 13:02:00
2020-03-02,8℃,69%,63,2020-03-02 14:05:00
2020-03-02,8℃,67%,58,2020-03-02 14:59:00
2020-03-02,8℃,65%,57,2020-03-02 16:02:00
2020-03-02,9℃,62%,59,2020-03-02 17:06:00
2020-03-02,9℃,62%,62,2020-03-02 18:05:00
2020-03-02,8℃,63%,64,2020-03-02 19:07:00
2020-03-02,8℃,67%,64,2020-03-02 19:54:00
2020-03-02,6℃,79%,64,2020-03-02 21:02:00
2020-03-02,6℃,82%,67,2020-03-02 22:03:00
2020-03-02,6℃,82%,67,2020-03-02 23:09:00
2020-03-03,6℃,81%,65,2020-03-03 00:04:00
2020-03-03,6℃,84%,58,2020-03-03 01:00:00
2020-03-03,5℃,85%,55,2020-03-03 02:13:00
2020-03-03,5℃,92%,57,2020-03-03 03:08:00
2020-03-03,5℃,92%,52,2020-03-03 03:53:00
2020-03-03,5℃,89%,50,2020-03-03 05:10:00
2020-03-03,5℃,88%,48,2020-03-03 06:12:00
2020-03-03,5℃,87%,50,2020-03-03 06:57:00
2020-03-03,6℃,84%,49,2020-03-03 08:14:00
2020-03-03,7℃,79%,52,2020-03-03 09:02:00
2020-03-03,8℃,68%,48,2020-03-03 10:11:00
2020-03-03,9℃,64%,49,2020-03-03 11:04:00
2020-03-03,10℃,62%,50,2020-03-03 11:53:00
2020-03-03,12℃,50%,52,2020-03-03 12:56:00
2020-03-03,13℃,44%,52,2020-03-03 13:58:00
2020-03-03,13℃,45%,49,2020-03-03 15:08:00
2020-03-03,13℃,41%,42,2020-03-03 16:04:00
2020-03-03,13℃,41%,48,2020-03-03 16:56:00
2020-03-03,12℃,44%,50,2020-03-03 18:11:00
2020-03-03,11℃,49%,45,2020-03-03 19:10:00
2020-03-03,10℃,53%,47,2020-03-03 20:07:00
2020-03-03,9℃,61%,49,2020-03-03 20:58:00
2020-03-03,7℃,69%,48,2020-03-03 21:57:00
2020-03-03,6℃,78%,51,2020-03-03 23:01:00
2020-03-04,5℃,80%,47,2020-03-04 00:13:00
2020-03-04,5℃,84%,38,2020-03-04 01:04:00
2020-03-04,4℃,89%,39,2020-03-04 02:02:00
2020-03-04,3℃,93%,38,2020-03-04 03:01:00
2020-03-04,3℃,96%,35,2020-03-04 04:15:00
2020-03-04,3℃,97%,34,2020-03-04 05:01:00
2020-03-04,2℃,99%,36,2020-03-04 05:52:00
2020-03-04,2℃,99%,39,2020-03-04 06:57:00
2020-03-04,3℃,99%,45,2020-03-04 07:54:00
2020-03-04,5℃,87%,51,2020-03-04 09:10:00
2020-03-04,9℃,64%,47,2020-03-04 10:06:00
2020-03-04,12℃,54%,44,2020-03-04 11:13:00
2020-03-04,13℃,53%,44,2020-03-04 11:59:00
2020-03-04,15℃,42%,51,2020-03-04 13:14:00
2020-03-04,15℃,41%,53,2020-03-04 13:58:00
2020-03-04,15℃,44%,54,2020-03-04 15:07:00
2020-03-04,15℃,46%,54,2020-03-04 15:47:00
2020-03-04,14℃,45%,56,2020-03-04 16:56:00
2020-03-04,12℃,49%,59,2020-03-04 18:08:00
2020-03-04,12℃,51%,57,2020-03-04 19:07:00
2020-03-04,11℃,52%,55,2020-03-04 20:04:00
2020-03-04,10℃,55%,56,2020-03-04 20:57:00
2020-03-04,10℃,58%,58,2020-03-04 21:58:00
2020-03-04,10℃,55%,56,2020-03-04 23:02:00
2020-03-05,9℃,51%,56,2020-03-05 00:15:00
2020-03-05,8℃,51%,55,2020-03-05 00:58:00
2020-03-05,7℃,51%,54,2020-03-05 02:13:00
2020-03-05,7℃,53%,55,2020-03-05 03:06:00
2020-03-05,6℃,62%,54,2020-03-05 04:02:00
2020-03-05,5℃,71%,50,2020-03-05 04:53:00
2020-03-05,4℃,74%,50,2020-03-05 05:56:00
2020-03-05,3℃,77%,52,2020-03-05 07:15:00
2020-03-05,4℃,79%,51,2020-03-05 08:00:00
2020-03-05,6℃,64%,47,2020-03-05 09:06:00
2020-03-05,8℃,57%,50,2020-03-05 10:08:00
2020-03-05,10℃,54%,53,2020-03-05 11:06:00
2020-03-05,12℃,48%,58,2020-03-05 12:10:00
2020-03-05,12℃,48%,60,2020-03-05 13:03:00
2020-03-05,13℃,46%,62,2020-03-05 14:07:00
2020-03-05,14℃,43%,59,2020-03-05 15:08:00
2020-03-05,14℃,45%,57,2020-03-05 16:00:00
2020-03-05,13℃,49%,57,2020-03-05 17:03:00
2020-03-05,13℃,55%,58,2020-03-05 17:54:00
2020-03-05,12℃,59%,60,2020-03-05 18:57:00
2020-03-05,12℃,61%,60,2020-03-05 20:07:00
2020-03-05,12℃,61%,63,2020-03-05 20:57:00
2020-03-05,11℃,62%,68,2020-03-05 21:55:00
2020-03-05,11℃,65%,67,2020-03-05 23:00:00
2020-03-06,10℃,70%,65,2020-03-06 00:00:00
2020-03-06,8℃,83%,67,2020-03-06 01:13:00
2020-03-06,7℃,87%,64,2020-03-06 01:56:00
2020-03-06,8℃,87%,64,2020-03-06 03:05:00
2020-03-06,7℃,88%,62,2020-03-06 04:06:00
2020-03-06,7℃,88%,60,2020-03-06 05:10:00
2020-03-06,8℃,85%,62,2020-03-06 06:04:00
2020-03-06,8℃,85%,63,2020-03-06 07:01:00
2020-03-06,8℃,84%,63,2020-03-06 08:02:00
2020-03-06,9℃,79%,63,2020-03-06 08:59:00
2020-03-06,10℃,72%,64,2020-03-06 10:03:00
2020-03-06,13℃,63%,63,2020-03-06 10:54:00
2020-03-06,14℃,55%,67,2020-03-06 11:53:00
2020-03-06,17℃,48%,69,2020-03-06 12:58:00
2020-03-06,18℃,43%,59,2020-03-06 13:52:00
2020-03-06,20℃,37%,54,2020-03-06 15:09:00
2020-03-06,20℃,35%,54,2020-03-06 16:07:00
2020-03-06,20℃,36%,49,2020-03-06 17:02:00
2020-03-06,19℃,39%,43,2020-03-06 18:10:00
2020-03-06,17℃,47%,40,2020-03-06 19:06:00
2020-03-06,15℃,55%,45,2020-03-06 20:12:00
2020-03-06,13℃,64%,52,2020-03-06 20:56:00
2020-03-06,12℃,70%,55,2020-03-06 22:07:00
2020-03-06,11℃,75%,59,2020-03-06 23:05:00
2020-03-07,10℃,79%,52,2020-03-07 00:09:00
2020-03-07,9℃,85%,45,2020-03-07 01:07:00
2020-03-07,8℃,87%,48,2020-03-07 02:11:00
2020-03-07,8℃,89%,46,2020-03-07 03:10:00
2020-03-07,8℃,91%,43,2020-03-07 03:57:00
2020-03-07,7℃,93%,43,2020-03-07 04:54:00
2020-03-07,7℃,96%,46,2020-03-07 06:00:00
2020-03-07,6℃,99%,45,2020-03-07 07:07:00
2020-03-07,7℃,98%,54,2020-03-07 08:01:00
2020-03-07,9℃,86%,55,2020-03-07 09:07:00
2020-03-07,12℃,70%,52,2020-03-07 09:57:00
2020-03-07,16℃,59%,53,2020-03-07 10:57:00
2020-03-07,17℃,53%,54,2020-03-07 12:06:00
2020-03-07,18℃,47%,58,2020-03-07 13:01:00
2020-03-07,19℃,43%,60,2020-03-07 14:00:00
2020-03-07,19℃,47%,60,2020-03-07 15:03:00
2020-03-07,17℃,45%,55,2020-03-07 15:59:00
2020-03-07,16℃,46%,55,2020-03-07 17:02:00
2020-03-07,16℃,49%,59,2020-03-07 18:00:00
2020-03-07,15℃,52%,58,2020-03-07 18:54:00
2020-03-07,14℃,61%,58,2020-03-07 20:05:00
2020-03-07,14℃,64%,65,2020-03-07 20:57:00
2020-03-07,14℃,65%,68,2020-03-07 21:56:00
2020-03-07,14℃,67%,64,2020-03-07 23:04:00
2020-03-08,14℃,54%,63,2020-03-08 00:58:00
2020-03-08,13℃,54%,63,2020-03-08 01:58:00
2020-03-08,13℃,56%,65,2020-03-08 02:59:00
2020-03-08,12℃,59%,69,2020-03-08 03:54:00
2020-03-08,12℃,64%,79,2020-03-08 05:00:00
2020-03-08,11℃,66%,80,2020-03-08 05:54:00
2020-03-08,11℃,68%,79,2020-03-08 07:10:00
2020-03-08,11℃,71%,82,2020-03-08 08:03:00
2020-03-08,11℃,72%,84,2020-03-08 08:47:00
2020-03-08,12℃,76%,87,2020-03-08 10:10:00
2020-03-08,12℃,75%,90,2020-03-08 11:04:00
2020-03-08,12℃,75%,94,2020-03-08 12:04:00
2020-03-08,13℃,74%,100,2020-03-08 12:55:00
2020-03-08,14℃,71%,99,2020-03-08 14:08:00
2020-03-08,13℃,73%,102,2020-03-08 14:54:00
2020-03-08,13℃,72%,103,2020-03-08 16:06:00
2020-03-08,13℃,73%,102,2020-03-08 16:54:00
2020-03-08,12℃,94%,104,2020-03-08 17:56:00
2020-03-08,12℃,99%,108,2020-03-08 19:10:00
2020-03-08,11℃,99%,105,2020-03-08 19:52:00
2020-03-08,11℃,99%,103,2020-03-08 21:00:00
2020-03-08,11℃,99%,95,2020-03-08 22:03:00
2020-03-08,11℃,99%,90,2020-03-08 22:53:00
2020-03-09,11℃,99%,80,2020-03-09 01:08:00
2020-03-09,11℃,99%,73,2020-03-09 02:05:00
2020-03-09,11℃,90%,67,2020-03-09 02:55:00
2020-03-09,11℃,99%,67,2020-03-09 04:10:00
2020-03-09,10℃,99%,62,2020-03-09 04:57:00
2020-03-09,10℃,99%,59,2020-03-09 05:52:00
2020-03-09,10℃,93%,58,2020-03-09 06:52:00
2020-03-09,11℃,84%,55,2020-03-09 08:04:00
2020-03-09,11℃,72%,55,2020-03-09 08:53:00
2020-03-09,13℃,59%,53,2020-03-09 10:07:00
2020-03-09,13℃,52%,51,2020-03-09 11:05:00
2020-03-09,13℃,43%,36,2020-03-09 11:56:00
2020-03-09,14℃,39%,25,2020-03-09 13:01:00
2020-03-09,14℃,43%,26,2020-03-09 13:58:00
2020-03-09,15℃,40%,25,2020-03-09 14:53:00
2020-03-09,15℃,35%,25,2020-03-09 16:03:00
2020-03-09,15℃,31%,25,2020-03-09 16:55:00
2020-03-09,14℃,33%,26,2020-03-09 18:07:00
2020-03-09,13℃,40%,27,2020-03-09 19:04:00
2020-03-09,11℃,54%,31,2020-03-09 20:08:00
2020-03-09,10℃,59%,33,2020-03-09 21:02:00
2020-03-09,9℃,65%,44,2020-03-09 22:10:00
2020-03-09,9℃,65%,44,2020-03-09 22:55:00
